Tweet_ID,split
ID_0537GLT2,train
ID_DRAN6E1N,train
ID_4LUMO6ZX,train
ID_2V59ROAB,train
ID_H4CJKZ2W,train
ID_MTGB0DUP,train
ID_X9WSVDUE,train
ID_19PM484F,train
ID_BI2HKIYY,train
ID_UWDXARDC,train
ID_S9L97KWB,train
ID_VG4M0JM0,train
ID_TRPKNXE9,train
ID_URD3I667,train
ID_ZQNPTK1H,train
ID_UC7RFUF4,train
ID_O0L1WW21,train
ID_TO4GO4Z6,train
ID_BLBN4OGM,train
ID_DZT72573,train
ID_T1BRE7ZF,train
ID_TWNBZ3D4,train
ID_WXN0K9CY,train
ID_ZFXQJJA4,train
ID_RLQGCBRK,train
ID_P3BDFVQW,train
ID_OKA676HV,train
ID_2RA4PM6B,train
ID_UBQRTH89,train
ID_EE6JK8H8,train
ID_KQOJQMLE,train
ID_ZDTORNZS,train
ID_V00ANN0H,train
ID_WNCYJVE5,train
ID_976QHF0A,train
ID_DJQV7OQM,train
ID_39HR8UKC,train
ID_ZNM9FBOW,train
ID_U1OF150M,train
ID_2TSHUZ44,train
ID_S07Q8R7C,train
ID_QFYH32XR,train
ID_C7183W54,train
ID_TV4VBA2F,train
ID_ZK78D6K1,train
ID_ZI69OIGA,train
ID_ZSWPTSKP,train
ID_8LFCLBZJ,train
ID_6RCZTCPE,train
ID_8Y1DM4F2,train
ID_HLHPZKTH,train
ID_T3H9VVW6,train
ID_NJDLSTJB,train
ID_5BGIGCRX,train
ID_ICUCCG0I,train
ID_G0NMF4NO,train
ID_BH9PA0O8,train
ID_9EZ9QDV4,train
ID_M7B6OXZ8,train
ID_Q5TTZBJS,train
ID_4EK0S4Q0,train
ID_FGYRA2AZ,train
ID_2FUT4DY9,train
ID_N709BNYY,train
ID_2PX4HJ03,train
ID_B3J4KA4M,train
ID_Q3I6V0CJ,train
ID_MJLT96OP,train
ID_P3JUWJR1,train
ID_GL1IP4IV,train
ID_RQZL5O3E,train
ID_F7KQZTAS,train
ID_5K4P3A65,train
ID_6EZV8HYR,train
ID_4XAX9D8U,train
ID_NHG9PWVV,train
ID_6ZKETTII,train
ID_GG7MWLNB,train
ID_9JEYQ656,train
ID_59CE5N5D,train
ID_TM7LSAXD,train
ID_OYMVFQ0G,train
ID_JIEA61JT,train
ID_OMF6DSP0,train
ID_TF89646M,train
ID_R6SDPF9F,train
ID_9I9SBO39,train
ID_W8YZI37M,train
ID_N3NV1W52,train
ID_HC5WSQ0X,train
ID_JKEB6JE9,train
ID_GZVGGQFZ,train
ID_HUSAT6HR,train
ID_OIP4L5NE,train
ID_ZZRZHN5A,train
ID_CFL8UQJ2,train
ID_Q6Y5RXNU,train
ID_8RSTG1T4,train
ID_6N2G1H4Z,train
ID_BHHU4FMB,train
ID_V9E7SN1J,train
ID_57PQWZVZ,train
ID_AL5OIZMA,train
ID_IO0EYWSY,train
ID_SCKZVDTF,train
ID_VUL4TYSP,train
ID_GTQLQ0TQ,train
ID_G91750SJ,train
ID_02UIH1CL,train
ID_ER28UG84,train
ID_KK6JPDE5,train
ID_KWTEI9QC,train
ID_B49RNC3B,train
ID_CQN2MXGX,train
ID_EI8U6WDD,train
ID_WNZS4AF5,train
ID_QRERTBR0,train
ID_A2M9PHOR,train
ID_U7JZWHU4,train
ID_LHKZLJLQ,train
ID_19G5AKNU,train
ID_AARGLCT8,train
ID_69BSQF2G,train
ID_X9C6DTHB,train
ID_W7IRCFCO,train
ID_LMU1D9EO,train
ID_8HT5PFPS,train
ID_HIN7LEZB,train
ID_BSHB3OKS,train
ID_OH4TRZMV,train
ID_K3RY4WJ9,train
ID_BGNB0JXF,train
ID_GP5W69LI,train
ID_TP0UU2ZM,train
ID_BYL7988E,train
ID_W8D35KK8,train
ID_F22FV11H,train
ID_P3O2VDNQ,train
ID_8WJ9O7WA,train
ID_DY9A8NPX,train
ID_PBNZZUBL,train
ID_FPZEQOWW,train
ID_HSWWZM1A,train
ID_58MN96S6,train
ID_L1YWPXQ4,train
ID_3XZTT97U,train
ID_W5IY4F0L,train
ID_YNQ2B968,train
ID_V17FY3KQ,train
ID_EW33QJ64,train
ID_YN1IDIS4,train
ID_GMUW8DKA,train
ID_GJPVVFDX,train
ID_N76A0TY8,train
ID_9ZCJTMMT,train
ID_GMDURS2F,train
ID_8MCF1SJD,train
ID_Z76F8CPA,train
ID_I06M8I6K,train
ID_HSGO2TK9,train
ID_043L6K0L,train
ID_Q57UJKVF,train
ID_XXJRUA23,train
ID_NHVXL7M7,train
ID_IOW8FDZ7,train
ID_4EIZ5Q44,train
ID_DV7UQTLU,train
ID_1GZ9BB9Z,train
ID_R1NW12C0,train
ID_XOLN2IUT,train
ID_DYA7AIIA,train
ID_MSGDAZWD,train
ID_IN7KP7TG,train
ID_RKMLRP0J,train
ID_IKJ2JAXX,train
ID_NUGI351B,train
ID_JR4ZXZ7B,train
ID_QTXXP6HP,train
ID_3YNS28KA,train
ID_6Q12NIOU,train
ID_U5T06FUS,train
ID_I0K38D7J,train
ID_NIMAVGKO,train
ID_2Z8R7GB4,train
ID_G378FPI3,train
ID_7RM2VLRN,train
ID_WYRY72W1,train
ID_1X1ZZLOI,train
ID_Z0TSS67W,train
ID_3BD1WQYF,train
ID_F3A7ZTKY,train
ID_DOFS0F1M,train
ID_V4HUC6OY,train
ID_GUPFAQE3,train
ID_XJEUGZ6G,train
ID_0HP3FUK2,train
ID_VIGD7HP1,train
ID_4PG8TGZM,train
ID_NEP8MZPM,train
ID_4IC5MCDA,train
ID_43X0G5BG,train
ID_1WZZS5MT,train
ID_HNC8QAT2,train
ID_4J7S9ZZ7,train
ID_U3KG877T,train
ID_5CP78AWP,train
ID_X6DAMY6T,train
ID_KBGBJPSW,train
ID_UXNIPIQF,train
ID_D3TDFEI1,train
ID_UTRBIXUH,train
ID_3GTFA788,train
ID_XJUYPLWH,train
ID_0GI0P8NT,train
ID_99RL5MFF,train
ID_36AJ4M90,train
ID_4U7F8NQH,train
ID_D8MICZ1W,train
ID_B7NHRECV,train
ID_2AAQ4BE3,train
ID_Y1DLAMAY,train
ID_3XGM81LR,train
ID_QMS4XBSX,train
ID_KKBDZ0H2,train
ID_N9A5WMKX,train
ID_347CRA0P,train
ID_EFT0KYSK,train
ID_XVR5YF0B,train
ID_XKWBRAQJ,train
ID_GQ9L3HQG,train
ID_0Q64TNLY,train
ID_U2N25TXR,train
ID_PM06ZGKT,train
ID_HI6VYJ2S,train
ID_0XMPXL5K,train
ID_LPS70C2A,train
ID_RU25YG6A,train
ID_8A9CJ9LZ,train
ID_JGDW9ISR,train
ID_U7OX8JHW,train
ID_56X2REX0,train
ID_GYZ7J8B1,train
ID_QH0CUYT3,train
ID_VCLVT57I,train
ID_3OLVM60V,train
ID_L4WCYLPD,train
ID_OHI1KQ6J,train
ID_UDTK5JJS,train
ID_1YFHTBRV,train
ID_4GSQ0EOV,train
ID_2P2IXE11,train
ID_V3RBPS58,train
ID_AEGBHZJF,train
ID_GECQ2TS1,train
ID_G71I73WY,train
ID_V8IV8I2V,train
ID_BNABCBZR,train
ID_C0HRE3GM,train
ID_L4UEP5W8,train
ID_QAE5AXRF,train
ID_O771P57H,train
ID_U8UNRVJV,train
ID_0Z0QSK2D,train
ID_VCO14Z9K,train
ID_D5LEPD7T,train
ID_QH6H5UKB,train
ID_VD80UF2K,train
ID_KKHDDCV5,train
ID_0FXLRG3I,train
ID_ZZ0R172P,train
ID_POC2P12Q,train
ID_CELPTJC1,train
ID_K3HOVF8Q,train
ID_4XZWEFL7,train
ID_ETM9FM27,train
ID_DOQ8WT8T,train
ID_5ULHULL1,train
ID_RSKJXZPZ,train
ID_NV68UH1W,train
ID_YU7JCQH8,train
ID_WEGI2QK9,train
ID_7PYM1RYK,train
ID_IW7Y9PB8,train
ID_92LO62E2,train
ID_TIFA8T4Q,train
ID_WBM1ADUK,train
ID_W82Q987F,train
ID_RUYKA9UM,train
ID_2RCFG3CH,train
ID_Y1YPAKTZ,train
ID_I7KUTETA,train
ID_93B26VI8,train
ID_G7OFWS33,train
ID_KK3K11RP,train
ID_ZPUPY7U2,train
ID_D1GSJXG9,train
ID_COV47AI1,train
ID_T5SFVUZG,train
ID_P5U33UDK,train
ID_MFDITZ8E,train
ID_FKPAJF4X,train
ID_HWPKN9BQ,train
ID_IFN1TSD4,train
ID_EW6XFPIU,train
ID_RQWHKGNX,train
ID_ITG6VQ00,train
ID_KRAFN923,train
ID_FDCTVW2I,train
ID_Q2J1DWYZ,train
ID_LNUWFNXG,train
ID_CA0BWU21,train
ID_LS0FLIFE,train
ID_ZIAKM26Z,train
ID_NFKCGCQK,train
ID_S9ONMJ80,train
ID_UAOS0X8G,train
ID_Q34E9FN6,train
ID_CKE1128L,train
ID_1RKZSUHJ,train
ID_5K6WTBE9,train
ID_IIV7CAYL,train
ID_XG8DI4HB,train
ID_DYFJIOGU,train
ID_ER7HCEMH,train
ID_TKEHFPHP,train
ID_MYFE1YXK,train
ID_CHRWJ3VS,train
ID_J3IDFAO4,train
ID_C6OF5NYW,train
ID_DQ6GY5QD,train
ID_VVMIYT0R,train
ID_5D96ZQT9,train
ID_6M2GVCT0,train
ID_JLEU8MMO,train
ID_8SB3SL58,train
ID_PPF6Z2BQ,train
ID_R5WZ7Y8V,train
ID_6PBT3YBR,train
ID_HLUEJC5U,train
ID_Z2LUFOGC,train
ID_MOYJYN9U,train
ID_80GC3O1A,train
ID_KP3T85YM,train
ID_9CZ2RTF0,train
ID_MX84LBGQ,train
ID_GIQ3Y2WX,train
ID_B3U72OA9,train
ID_4UXSJELL,train
ID_BCWL9BYH,train
ID_W388FX85,train
ID_EQ7ZW4K2,train
ID_XF7REJKL,train
ID_7CH7ERRT,train
ID_6E82TWO0,train
ID_C2RX0JE4,train
ID_M5R9EKTT,train
ID_U2WIPFQQ,train
ID_IIR8BU31,train
ID_YRKUNXVA,train
ID_M5MLFY6O,train
ID_BNVM3ZZE,train
ID_VT3OJTEA,train
ID_RBNCH0P7,train
ID_BWXPOUMS,train
ID_ZSGV1WGG,train
ID_P8DIDCCB,train
ID_N4RERK0Q,train
ID_1P6VBPMF,train
ID_Y578Y3GW,train
ID_EWVOYSRU,train
ID_8YA8P9MF,train
ID_ZMED3VTB,train
ID_IFQ0JK6P,train
ID_C1VRDONU,train
ID_WH1FH4P2,train
ID_SU2TX5TO,train
ID_GDWI9MXY,train
ID_PIFWFQW8,train
ID_X4QNSHTE,train
ID_H06OBV47,train
ID_HO6K6NF4,train
ID_VJ9C88J6,train
ID_IQ6BJP1M,train
ID_W1LE1ZVT,train
ID_P835PYPL,train
ID_DWTGJH8R,train
ID_QCYQ4PM8,train
ID_GT4T9KB3,train
ID_QQKQG5B3,train
ID_2TUG4PBL,train
ID_3801QF17,train
ID_186OLR3G,train
ID_E653S5TM,train
ID_3K91GH9O,train
ID_X11LABNH,train
ID_5VONL1IP,train
ID_VWQF0454,train
ID_A4HZBZMZ,train
ID_4FAG2YGV,train
ID_6BDVUBEM,train
ID_J58Q6C28,train
ID_8XRRXYBW,train
ID_XRWRD4MG,train
ID_8L53VOAM,train
ID_ALL24Y20,train
ID_4IB9GAYY,train
ID_EQENDO5W,train
ID_HQV2BNGS,train
ID_H6XHM92U,train
ID_MRCN409R,train
ID_1OPGITKO,train
ID_RIFJN94S,train
ID_KSXS4GHF,train
ID_LXGIVV6X,train
ID_WXGG5DMD,train
ID_9RMZRW2E,train
ID_FPRWD1X6,train
ID_K9BJLQQ4,train
ID_NDUTI4E7,train
ID_TDN3F6AQ,train
ID_0K4QEUH5,train
ID_9PXGTH69,train
ID_BRBJ5J2R,train
ID_RM5LK2NO,train
ID_16JE77NI,train
ID_ETQWS7Z7,train
ID_DMKM9IPR,train
ID_ZBLXYZ0K,train
ID_Z05K7TMO,train
ID_J4WABU3B,train
ID_3VVZ80BJ,train
ID_QHDY85EK,train
ID_FR3J2O7X,train
ID_AMEV0WCG,train
ID_C9EYBOBT,train
ID_Q1VS3IWG,train
ID_WA6GJS0Z,train
ID_850D4HM4,train
ID_DBKFLZZ0,train
ID_6WE6PJPX,train
ID_6D2UT4Y5,train
ID_V8SVDH67,train
ID_WO7VBDVL,train
ID_9EZSM078,train
ID_VB27SZ8X,train
ID_SYQLB5AH,train
ID_FBGQCC2X,train
ID_QCPRD45B,train
ID_M2C3K7QC,train
ID_1PBGV8W6,train
ID_1HNEY41H,train
ID_VJW433DA,train
ID_OHD0OF5O,train
ID_W8EGZGJE,train
ID_D5RTBMEF,train
ID_RE880FH3,train
ID_AZ8QDWP8,train
ID_TNLY95T1,train
ID_9QFN250R,train
ID_C8UNZS5A,train
ID_TV93AVTO,train
ID_8AZJTG19,train
ID_S605ZR7B,train
ID_S1UPVNOG,train
ID_DHPLS7IS,train
ID_Y50DDCT7,train
ID_1UNUW01K,train
ID_MANAQOF2,train
ID_L3MIH2HA,train
ID_A7FPCKNS,train
ID_RERFFKW9,train
ID_DR5488JL,train
ID_Y03ZT573,train
ID_RXMAK0LW,train
ID_QI5Z8OT5,train
ID_9LVAW0HI,train
ID_O94GRAQC,train
ID_2C8CIZRC,train
ID_LHJBFEKE,train
ID_L96SK9GE,train
ID_2FS4FY65,train
ID_G6A6JLVD,train
ID_4PYBRHI0,train
ID_5PJE0N3M,train
ID_BJX2PGBN,train
ID_YDEVLBJP,train
ID_YFXO8PJY,train
ID_6OEQ8YAN,train
ID_2EWQDX5S,train
ID_HC3P4QXN,train
ID_VS103UXR,train
ID_9DF06ONB,train
ID_B88YNWQX,train
ID_9MJYHBLG,train
ID_5FNS3ZEF,train
ID_E5CJ69IC,train
ID_OEDXDAII,train
ID_4DIRLOKB,train
ID_6TI68KNN,train
ID_G2ZYVFEA,train
ID_WF4OE0C5,train
ID_K2UQM0VJ,train
ID_1FIO6W6G,train
ID_HUBA693Q,train
ID_NNW7RRV4,train
ID_II1FRGDO,train
ID_EBRZZTYI,train
ID_9PXMKC01,train
ID_J3VP0RC6,train
ID_PPKW3X75,train
ID_Y99XGGDI,train
ID_WTSR0ZUB,train
ID_870REZ90,train
ID_MOUV36XQ,train
ID_Y4HJMP2K,train
ID_AI0R079L,train
ID_TABK5W0R,train
ID_5S64BZMZ,train
ID_1IAVEG97,train
ID_W05JEEJI,train
ID_MGES08C0,train
ID_U15W6D85,train
ID_790OOL5Q,train
ID_U8GL6R3E,train
ID_RDEM3S88,train
ID_VAPVZG2R,train
ID_DVTHMKJZ,train
ID_5I9P9KC6,train
ID_XVLJ7CA2,train
ID_4YAF7P7K,train
ID_VR493UXA,train
ID_6IWBYIJH,train
ID_SCO3IVR0,train
ID_DXM4ILTE,train
ID_6R0SF8ZW,train
ID_60MBY6YN,train
ID_ZPXXLNPP,train
ID_FJ2CA676,train
ID_H8U46PCX,train
ID_0MTO07AJ,train
ID_WRMHP7RE,train
ID_P74KWKPD,train
ID_MPHPPMMQ,train
ID_MY6RL6VC,train
ID_472OR7VG,train
ID_VUI5FTZU,train
ID_FQXH5K6B,train
ID_Z3KY6445,train
ID_8QCGSOBC,train
ID_SWG18XDR,train
ID_I8L8LYRT,train
ID_X4M4F9ZD,train
ID_A1CFCHNG,train
ID_0BFNU714,train
ID_NJ79MJEL,train
ID_VDFROI0P,train
ID_STDTC11P,train
ID_D9CL9SYM,train
ID_N8V0EMRY,train
ID_B191Z6IU,train
ID_N7HZEBMI,train
ID_BKP6GIRE,train
ID_X8Y36GK0,train
ID_WVYOT6FU,train
ID_FK4HHNUZ,train
ID_7UT036UM,train
ID_683RRYKU,train
ID_25KINFAQ,train
ID_G8UD4UX9,train
ID_3CQPL78S,train
ID_4HYUQQDI,train
ID_A7UT5O1T,train
ID_LD0HKDT4,train
ID_H8QEHYBQ,train
ID_WCR9ZMOR,train
ID_AP48JGZ0,train
ID_CMD8Q0YC,train
ID_L38HCXZO,train
ID_9GI7K4SC,train
ID_J6R8M4FE,train
ID_M27G8VHB,train
ID_C99YYPTN,train
ID_CJQX8F9H,train
ID_OSUSTBCL,train
ID_GLIZWRAQ,train
ID_Z8KD5PQL,train
ID_XIFM1506,train
ID_N2HXYNDO,train
ID_NK5HO6A1,train
ID_YSVQM2W7,train
ID_DSWHQXX9,train
ID_1DLJJC6E,train
ID_7TC6G9PB,train
ID_FWQP03AJ,train
ID_BCPE971Z,train
ID_I7YUCA09,train
ID_DR03ISD2,train
ID_1SQL3VA0,train
ID_SI3DT3OU,train
ID_CP7BBQCG,train
ID_EVEL5Y4G,train
ID_BAXOA0EY,train
ID_LCECM83Q,train
ID_8L2BNYTS,train
ID_5FBMXVEC,train
ID_VPQO1M1S,train
ID_MFEFBROB,train
ID_B9XUBODT,train
ID_L1RHLRYY,train
ID_QOQM02GV,train
ID_I1XJUX0P,train
ID_3CVFU808,train
ID_3F4VU7QJ,train
ID_N17FCMRL,train
ID_BFXSLY61,train
ID_RX2TK05J,train
ID_9NU0FHUM,train
ID_1Q62A808,train
ID_RE5KY4TG,train
ID_6QJ890CR,train
ID_YEWCFCEQ,train
ID_OMY5B9EV,train
ID_H63ZF2T6,train
ID_TUP3V4KM,train
ID_KGLR4BR2,train
ID_DC39JSW1,train
ID_Q1FBT7VJ,train
ID_J3WNJMGR,train
ID_N6JN9ZM0,train
ID_5CE34DS0,train
ID_H73I1586,train
ID_JNN881LG,train
ID_2J7PO0DG,train
ID_PRJ8Y538,train
ID_4SEZ6FK1,train
ID_V3TMEWVC,train
ID_W2VCIOV2,train
ID_88E0D63J,train
ID_FCY3XQYY,train
ID_C1IKLD1E,train
ID_65QEITS9,train
ID_JPFCRTOA,train
ID_P5O9JQFW,train
ID_O4D5US21,train
ID_DV5ER5VH,train
ID_TKSCF3C5,train
ID_5DQOIRC0,train
ID_R7ZVZF98,train
ID_X22WCFL6,train
ID_XQUCCZ1Z,train
ID_8TX8EGHC,train
ID_J1SK446R,train
ID_WRZSIFI6,train
ID_JNSDYMEO,train
ID_DIFH0AKJ,train
ID_5YSOAJPE,train
ID_A6B2UIA7,train
ID_93YB1BQM,train
ID_7X56MMVL,train
ID_XX6BJGTX,train
ID_CZ9PRPRP,train
ID_KQKXK6NF,train
ID_SSOE1EKZ,train
ID_2T5B37P8,train
ID_R0ZD25TX,train
ID_JVUORZFJ,train
ID_7D0MVNEZ,train
ID_V6X4LGIT,train
ID_NZ0M4TMU,train
ID_5CWAWW7W,train
ID_R74CVC9M,train
ID_A97A9DOO,train
ID_BQ6UJCIP,train
ID_CNIBG6OU,train
ID_S8ESQ1NF,train
ID_RICU55R1,train
ID_X0BZ7WRA,train
ID_0JQYBZEE,train
ID_YDIV3K43,train
ID_UI3MEAQE,train
ID_DHJ03C94,train
ID_EAA7NHF5,train
ID_VPG63OIY,train
ID_9DDRFV6V,train
ID_Q68JJSJ7,train
ID_9EGLG06C,train
ID_PA2FBU1O,train
ID_K1ORH41O,train
ID_CAXDHMPA,train
ID_35JMRUFP,train
ID_1LW9OGIG,train
ID_1J3KUAUX,train
ID_6JAUKLMJ,train
ID_KRCTO1C1,train
ID_92JBU9XZ,train
ID_9YDDSMJT,train
ID_JNKL12QH,train
ID_2K4KE2NX,train
ID_RQC6M8NO,train
ID_6ZUDBMP5,train
ID_I2JQLKG8,train
ID_XDXW3S8P,train
ID_QUWK3066,train
ID_6R21R62N,train
ID_G5M4P6FJ,train
ID_HO2LHA1O,train
ID_7Z0QH6GX,train
ID_U3WU62FF,train
ID_LNWGEHR8,train
ID_5XLQPPHG,train
ID_V3NOCKBJ,train
ID_WU6661Y1,train
ID_E2OQOG2E,train
ID_NXE4BYPD,train
ID_VCH57J3P,train
ID_0SH928GT,train
ID_G7ZZ7KQW,train
ID_IB7UEMYA,train
ID_S9NOW4VG,train
ID_1S0ETDNL,train
ID_S5DTBEXO,train
ID_D49HM5O4,train
ID_HMHFCBV2,train
ID_K29372GA,train
ID_1KDE8C9S,train
ID_QGTOTP72,train
ID_A9Y1P6WR,train
ID_XRC4264Q,train
ID_YC33DQCC,train
ID_3FY55TCY,train
ID_VYBGSXH8,train
ID_6QOF695W,train
ID_KICXDF6K,train
ID_IJ1VJ614,train
ID_8DR7DCFC,train
ID_SO2ORRLZ,train
ID_B2EPPJRW,train
ID_0LOAZP7A,train
ID_7MVZ97BD,train
ID_W7LCF3TW,train
ID_7KV7A7LT,train
ID_Q17RP2TV,train
ID_GXDOHDTX,train
ID_UU1WSPL9,train
ID_88PP2K20,train
ID_YSEBC8A4,train
ID_ZFJD40GW,train
ID_DUGH2ND1,train
ID_6356GQYZ,train
ID_KCVT1GW5,train
ID_562ZLKP2,train
ID_V88XYFFS,train
ID_3CIIQV9F,train
ID_O2EQUJXT,train
ID_KUKDVH2V,train
ID_V249K4NM,train
ID_VBC9S5HI,train
ID_A813E60O,train
ID_W3Y8S4WV,train
ID_YW5XDMZJ,train
ID_7C3H079W,train
ID_TXDIF8Y0,train
ID_Q52YXWVL,train
ID_Q7IAMSZP,train
ID_UTXL3MMJ,train
ID_X7VTW5DW,train
ID_46CDQX9M,train
ID_K3IELGZ2,train
ID_YOKIRARX,train
ID_4SZTK3HC,train
ID_FKM4YIM6,train
ID_SOUZLHK0,train
ID_AG17VKZ2,train
ID_J4HVBPAI,train
ID_RH52WL7U,train
ID_S1I9HXDR,train
ID_CIWYYFL6,train
ID_0C7O63BT,train
ID_3OAIGAAF,train
ID_TNQI503E,train
ID_TR1K6JO6,train
ID_35SA5SMP,train
ID_XPQLN6S1,train
ID_U2S6OJ4S,train
ID_YFJG5PHB,train
ID_OO5VQMO0,train
ID_PP49TM01,train
ID_9MR01OIN,train
ID_QGKSLY1J,train
ID_RZXUXJFP,train
ID_OH98L9XQ,train
ID_J72KRPY4,train
ID_GLCM4770,train
ID_QKQN8DLN,train
ID_RTWDRVOO,train
ID_HW0UO6II,train
ID_SQ8COOA2,train
ID_J2O4OEZ7,train
ID_R3575KF6,train
ID_N5DPMOFN,train
ID_OM2C9MK5,train
ID_C9P1V2D4,train
ID_7XQKMLQC,train
ID_ANECPF6B,train
ID_4TLGUKR2,train
ID_VQJ22IF3,train
ID_HZ087RWM,train
ID_28N2JJU2,train
ID_UCL2KWT4,train
ID_IOOATIIM,train
ID_V6SAGHTA,train
ID_R7E33GRD,train
ID_ON0J2DJE,train
ID_MBHRIOU2,train
ID_B1ABFYE9,train
ID_46PEQFZT,train
ID_N2TLYO1X,train
ID_R662LTB1,train
ID_6QSUTQJQ,train
ID_RXHXHC8V,train
ID_JCPPCUT1,train
ID_CV4D48R4,train
ID_ATU9MZHC,train
ID_L17CKAZ0,train
ID_QFJB3ZXF,train
ID_Z7SKV4NZ,train
ID_3YH0GPTP,train
ID_MGVON0P0,train
ID_LLHWLO8J,train
ID_XWSVONPI,train
ID_G1CH2GE7,train
ID_3DO0POVL,train
ID_IZT7TWAX,train
ID_32BNO6CK,train
ID_4OTUR0W6,train
ID_EVCY4Z6O,train
ID_X7GVQ6UI,train
ID_KQACUVNM,train
ID_OJOBUVZM,train
ID_DTELNLMQ,train
ID_ZFL7WHJ2,train
ID_5B2364WX,train
ID_6MX4GKIE,train
ID_BHX5JJFS,train
ID_1OIUQJ59,train
ID_QIQGO9U8,train
ID_18FD9E1R,train
ID_0K8QKOWV,train
ID_LGRB4TZI,train
ID_ERTK1X6Q,train
ID_X7C8H5XZ,train
ID_HEBJ3N8M,train
ID_TF0T86XT,train
ID_Q04HBTUM,train
ID_R9S5PFTW,train
ID_L6YM3HY8,train
ID_HVMJZ1HE,train
ID_JQBT7QC8,train
ID_VRKE204U,train
ID_KNG3W0DN,train
ID_K45OFK5I,train
ID_8DOUPBMP,train
ID_1SK27OUD,train
ID_10SRSDTS,train
ID_2I3G4ET8,train
ID_N8QL8M5Z,train
ID_8MFBO99Z,train
ID_ZYFIKJT5,train
ID_WCP2SLIN,train
ID_4X96OL6F,train
ID_ZT68JIQA,train
ID_FCZG47DO,train
ID_17XR6UOA,train
ID_U5MXBFSJ,train
ID_YK442HJ7,train
ID_MD8QPVQW,train
ID_Q6PZH8CE,train
ID_R4Q2V7ED,train
ID_NZMVDZZD,train
ID_A8L3YW3W,train
ID_FLE6NC65,train
ID_ZX6UTVEV,train
ID_GXRJPCQ9,train
ID_P4LI6VWZ,train
ID_JOFBR8LT,train
ID_94I7UAE6,train
ID_WCPJNLWQ,train
ID_IBASDTQB,train
ID_CVJUAZDB,train
ID_13B7E36Q,train
ID_0IVG3WGU,train
ID_1TUW4ZMG,train
ID_4PYT5IYA,train
ID_CB2F09ZV,train
ID_6W8Y9C8Z,train
ID_W384O9SF,train
ID_81KE6CJ3,train
ID_NV5DWIVO,train
ID_A8VELS6E,train
ID_ZC9AVMBZ,train
ID_ZN90V2RR,train
ID_28844WIB,train
ID_KUGPPNF4,train
ID_UAU8EL2Y,train
ID_TXAQU6YV,train
ID_E5BWYF8P,train
ID_FXDJ48VL,train
ID_0G3EQ63M,train
ID_GK6245N0,train
ID_F30B1WMV,train
ID_I66MLGZW,train
ID_YTGAHLDY,train
ID_XLHGM0JB,train
ID_N17S8WNG,train
ID_88CFEAMV,train
ID_GQMV40PD,train
ID_V25JZBZA,train
ID_B04OTCBX,train
ID_7T4JMUD9,train
ID_IW8P1ETJ,train
ID_CVEVIE91,train
ID_1NLUHISG,train
ID_XBK6SHYZ,train
ID_W9ZBLKUQ,train
ID_P1VST8BC,train
ID_XN1AXFVB,train
ID_7TTUKYUG,train
ID_5S0EQIHN,train
ID_XI4QPB5D,train
ID_N0LZ0PCM,train
ID_O63M000Q,train
ID_QFVALM0N,train
ID_VBFYW5Z5,train
ID_MYGUZIKH,train
ID_39FKH9JZ,train
ID_M6V38UG5,train
ID_ZO5U1DWR,train
ID_V9D9YQBJ,train
ID_3BQ0F46P,train
ID_T2JCRZRN,train
ID_QOVWAE71,train
ID_8BHI7REF,train
ID_VR0C087X,train
ID_U3RYW4UY,train
ID_GRZ6Z4I7,train
ID_LTCPOB84,train
ID_7V83XSWF,train
ID_BBM2R41E,train
ID_UK4DNWWE,train
ID_509UHYFU,train
ID_P8CESA7E,train
ID_6MSN07X2,train
ID_XBK09J01,train
ID_TC5BVEY9,train
ID_XMEP4X0A,train
ID_GAQJ0IJR,train
ID_DE0M60QE,train
ID_NJEWR38M,train
ID_HXM508B8,train
ID_I7FA1IF2,train
ID_63Y3IFAW,train
ID_POVPO6IH,train
ID_F3TCCTL9,train
ID_NU140A86,train
ID_GDR385YK,train
ID_SCQOHGYK,train
ID_EYY1MT6Z,train
ID_PJN5NQDW,train
ID_A4Q1NRC5,train
ID_BH1GVA3W,train
ID_QEHD5UA6,train
ID_P4OON0ZV,train
ID_6F926KKE,train
ID_HZWI1QQ5,train
ID_SWWX3Z0T,train
ID_6BB68UZB,train
ID_UGUTG5PA,train
ID_2L2RZAJG,train
ID_QXATGQ97,train
ID_XESAPSZI,train
ID_2DTR6PKW,train
ID_PON6XWW5,train
ID_WW8NBEFO,train
ID_9T40Y5AI,train
ID_TLVCTTHB,train
ID_P709PGM5,train
ID_BY5XQX2V,train
ID_Z7PEP8R5,train
ID_B51ERI21,train
ID_8I94LGMK,train
ID_OMD71S2T,train
ID_V8J43C7E,train
ID_CNXW920F,train
ID_ZA08PQON,train
ID_C09W5A9I,train
ID_TA1GF257,train
ID_X1ATYBHF,train
ID_YXHYPIEZ,train
ID_RS9X3CSF,train
ID_RGC89QRZ,train
ID_UXA0JYX9,train
ID_29AKXOP9,train
ID_BFXZQGSQ,train
ID_2AGNHKGO,train
ID_GKG17OU1,train
ID_7CZEA40U,train
ID_IK4TG7AR,train
ID_1ARJ9ADY,train
ID_LD2U8JMT,train
ID_R6W8RF2P,train
ID_3LAWVEWK,train
ID_Z69O8SWC,train
ID_JNL6S713,train
ID_UYYVIWQ7,train
ID_87I68OLG,train
ID_BCPH78IB,train
ID_6I0QZXD1,train
ID_L2IOHNCD,train
ID_HV2TNTGL,train
ID_G1WL5KS5,train
ID_2EKO4NVW,train
ID_AHF6A7K8,train
ID_MZUVWZMH,train
ID_7160L4RR,train
ID_01QZDXVQ,train
ID_JHQ23DL3,train
ID_60WSX3HL,train
ID_YLVF4UUZ,train
ID_VEHWFAQ0,train
ID_IWVAN6ON,train
ID_XVUYMH7G,train
ID_1QW1XO9B,train
ID_7W7W8E1B,train
ID_6SO5VXYC,train
ID_ZBBNX35C,train
ID_JOS3IN23,train
ID_TGYDIZ6A,train
ID_OTJF3JU1,train
ID_S4JJ7XJ5,train
ID_R53RZI6C,train
ID_BVU2COXT,train
ID_IN5MD2P3,train
ID_XNCPPILH,train
ID_89DDV4Z8,train
ID_WPWHTKQN,train
ID_L1VLCPUE,train
ID_MS3AD90N,train
ID_B0Q5E843,train
ID_YF6LMVKO,train
ID_TEWKI8HG,train
ID_L5SIBOGX,train
ID_HXD9WOPX,train
ID_Q0RT8BMS,train
ID_FINE2IGX,train
ID_9M1HB9LW,train
ID_N641OKX2,train
ID_U4N8VV0U,train
ID_DFRCEDFC,train
ID_6G5H6WTL,train
ID_NHBJ1PF8,train
ID_KE7YERPN,train
ID_LZO9SPLX,train
ID_Z1PIZE5F,train
ID_UZJHC2DT,train
ID_BDFZ4P5E,train
ID_WDAHX79L,train
ID_NYQURWBI,train
ID_EAIL2APB,train
ID_DZ1B0SVD,train
ID_742G527W,train
ID_VMRTYQLG,train
ID_8R6RHVDD,train
ID_89FVJ47B,train
ID_4BCFSQXN,train
ID_AM9922CI,train
ID_SNQQOXMB,train
ID_ZW3ZDH43,train
ID_5KQ6PUZL,train
ID_PP7P0I26,train
ID_9UFPGRL6,train
ID_7PNBACP9,train
ID_MVRMCKJ2,train
ID_ZBG9I4SZ,train
ID_RCOEP2LT,train
ID_ZVQRTWWC,train
ID_1HAK533T,train
ID_XTKJUN12,train
ID_G08X33MO,train
ID_NFDDCUI9,train
ID_YZ42SL4G,train
ID_ZAGIOXFZ,train
ID_RDXWF7X0,train
ID_ZHDW1NFM,train
ID_CO9ZJ2YJ,train
ID_8SOO7IOU,train
ID_6A3KX782,train
ID_B82N1VT8,train
ID_W5FWDP1Z,train
ID_2BWXKRWW,train
ID_ATHU213O,train
ID_7669WG8K,train
ID_AZ5U36O2,train
ID_7KXGU3F9,train
ID_DJPXLZK4,train
ID_SPMZ0SFX,train
ID_BKIDANGP,train
ID_GRF974IY,train
ID_IWP38GGD,train
ID_KUD17LIX,train
ID_B5DSB3TB,train
ID_TT5DV5H3,train
ID_NUD42URY,train
ID_XNLDNZNH,train
ID_EW3PS2L3,train
ID_RA0H8AT9,train
ID_RB5SQX95,train
ID_29DZAJBM,train
ID_5F9HPN46,train
ID_82VAO17E,train
ID_N1I0XXQV,train
ID_C4PHYQMY,train
ID_II7Z0UMH,train
ID_ZWFC3LF2,train
ID_SBHVIWXC,train
ID_C1LXW79P,train
ID_RZYA9EG2,train
ID_NE1K6XCO,train
ID_VDA1AXHB,train
ID_KWU5RTZZ,train
ID_EOIYB13W,train
ID_FVJ2MQNA,train
ID_2ZZLJN8L,train
ID_30H0XRD8,train
ID_MHSUNBEV,train
ID_OQYS5C0V,train
ID_9M1G9ZVF,train
ID_XMLPRTC3,train
ID_MNJX6ZEA,train
ID_CSQRUENV,train
ID_UBL5Q8HO,train
ID_2WV1L5HM,train
ID_H92H7TLA,train
ID_5SHN5BFE,train
ID_FL9SJWP5,train
ID_BQQR64PK,train
ID_3C845GGM,train
ID_Y230DYGI,train
ID_H2FLP4DI,train
ID_CDE9U7W5,train
ID_YG8GNQ1V,train
ID_7ATU0JL4,train
ID_PUU7X4PH,train
ID_OJ9P4YVJ,train
ID_IHKAU6DM,train
ID_5772FDPB,train
ID_RWW035VK,train
ID_TZWPC1G4,train
ID_DL36FFPS,train
ID_1W38L0HI,train
ID_GZR07181,train
ID_PA2VH454,train
ID_GKTPN6D2,train
ID_JW4NTKB4,train
ID_5F587CS6,train
ID_1P5XMGP7,train
ID_A8JJV19U,train
ID_QW97KKJ7,train
ID_3C4JB03V,train
ID_HL3THWYJ,train
ID_08VWIMOV,train
ID_QSOH8GX0,train
ID_NQODG5BB,train
ID_1VZNSNXV,train
ID_4FG74I7K,train
ID_AS2E7K0H,train
ID_AE396ZVJ,train
ID_FLY0G0YG,train
ID_UF2F7MSV,train
ID_D4DJ8TBA,train
ID_D02P2XL3,train
ID_EDV4W3EG,train
ID_RKNQOE81,train
ID_2GLAVWIO,train
ID_BSIV7HKR,train
ID_TW8UD89C,train
ID_TQM1T9G9,train
ID_KSKOE5IO,train
ID_25GANJF9,train
ID_6QWWDTEK,train
ID_SW58ZA0W,train
ID_HZ5FX5LF,train
ID_NWKQVB89,train
ID_MQDBGI1T,train
ID_ETM05C45,train
ID_HKN543VE,train
ID_8KA2YEWY,train
ID_0UDXT233,train
ID_74LS73S8,train
ID_2RR7MFPZ,train
ID_ECF5NJ66,train
ID_BGFCPWQZ,train
ID_G8JLOX5F,train
ID_HHXMYPD1,train
ID_RLFT7G8O,train
ID_TEV8T3LE,train
ID_HR96A93A,train
ID_1KA7XXPC,train
ID_ESRCPMB6,train
ID_2DI9Y3YM,train
ID_K8NBZVUI,train
ID_W7P5N6Q4,train
ID_F4B1OVCI,train
ID_IUNMFYMW,train
ID_B5KFPOTH,train
ID_3LDWWBPF,train
ID_1OJG3Q1J,train
ID_09YCTYDE,train
ID_Z98MFMJD,train
ID_POENBGPI,train
ID_V5YU5AZV,train
ID_HTQU7J06,train
ID_ASON9GER,train
ID_KYL36PL9,train
ID_QXKY84QQ,train
ID_52VLV2CO,train
ID_2045SJC9,train
ID_GGIFPN6Z,train
ID_5ANDTCMN,train
ID_XVB3TYCW,train
ID_PAXXP9BY,train
ID_HD0NRI99,train
ID_P94ZOSVR,train
ID_M19FLZZP,train
ID_ZIN0G2WF,train
ID_0XTFXJH9,train
ID_EW5JY82E,train
ID_GG5SPNX3,train
ID_IYSICI0X,train
ID_PQEO8TAY,train
ID_DBMPK9TG,train
ID_9V4CDZEU,train
ID_VU6OFFCC,train
ID_XJGYF174,train
ID_QUYMMZSH,train
ID_3SAG80W5,train
ID_0STK95AW,train
ID_SXWQ7OK7,train
ID_QF65EB70,train
ID_E9E7AV2L,train
ID_5GLLFYL8,train
ID_H19K4X2F,train
ID_OBXJBX4P,train
ID_JKWXGXDC,train
ID_649MO4CW,train
ID_3JP2U604,train
ID_PQCCGUPS,train
ID_CDHLNQEJ,train
ID_DBOAZS8B,train
ID_M9MTNA2Z,train
ID_HVCFQ50X,train
ID_Q76FC8JY,train
ID_0AI4ITSC,train
ID_KX509NEZ,train
ID_EH6Y6REH,train
ID_BXQPSXQZ,train
ID_U9KEICAH,train
ID_NRLFRWP0,train
ID_6D4OLC7I,train
ID_ZV3HHDNM,train
ID_PHU3GCAK,train
ID_I4XAM4XS,train
ID_BMXKWVXK,train
ID_WOD5WBJU,train
ID_WPWBR622,train
ID_39D4QWDC,train
ID_JWV01AWD,train
ID_K5Z5QDK2,train
ID_BLEXXIUQ,train
ID_XJS07732,train
ID_SO8DB692,train
ID_7GE8A900,train
ID_8NK7YG05,train
ID_P8PRVSQM,train
ID_XT99PSWA,train
ID_HO9MVNQ1,train
ID_DN2MPHU9,train
ID_O9WI7BR0,train
ID_85R8JRHD,train
ID_KNHGJKGW,train
ID_HFEBHSVH,train
ID_EKR3ET1C,train
ID_H5DYB3LH,train
ID_PJ40IAYK,train
ID_1B7BG67C,train
ID_5PCOURP8,train
ID_K544YMSD,train
ID_CL4EKHTA,train
ID_SECJSCJ0,train
ID_PG20QAJK,train
ID_ZEPNR1FQ,train
ID_44593F2K,train
ID_DVYX1SCK,train
ID_1IB43JVE,train
ID_TCH76G4V,train
ID_7DB7G9A5,train
ID_R9D7CG64,train
ID_K8LJ6KNE,train
ID_9QLOTAK2,train
ID_B8U3D470,train
ID_0IC5CE1S,train
ID_4VBKCCPK,train
ID_497N2JLK,train
ID_6PHX0T4X,train
ID_QNHAIIGP,train
ID_K1KVVMP6,train
ID_M02995AE,train
ID_KCFMU48F,train
ID_Q2YJ724C,train
ID_Y8SZ9NJB,train
ID_U0ZV9T8O,train
ID_BGQ3VF1N,train
ID_FD4UN3OA,train
ID_3LGGDPRK,train
ID_APLEB7OF,train
ID_B69NS8MC,train
ID_T4O8KEUA,train
ID_UP0AD6VN,train
ID_DXCA54UM,train
ID_8VTYGPNK,train
ID_NJOPWOM1,train
ID_9ADMPA47,train
ID_K0TH26P3,train
ID_HRNM374E,train
ID_74C2LDV4,train
ID_T5IX3GYI,train
ID_7WR9LGVA,train
ID_BDMOFXZQ,train
ID_4M6G5YG5,train
ID_UVBS8FUT,train
ID_DI95LXE9,train
ID_TY9OPBQF,train
ID_U2YOOEUX,train
ID_CSWD2CCQ,train
ID_61JMN03K,train
ID_6DCO9SBI,train
ID_AVPGUCWW,train
ID_AWHPYF8R,train
ID_5ZB759BC,train
ID_QMV7H263,train
ID_T49NUHFZ,train
ID_VHWWSHA4,train
ID_4SZI77M5,train
ID_PAT2O0MG,train
ID_61FJ0WSM,train
ID_R8HR8J99,train
ID_CSIE00IS,train
ID_8UQY76JR,train
ID_UAOJT20D,train
ID_3Q4OHL56,train
ID_X59XPYMD,train
ID_A2QESAGG,train
ID_937E5Y13,train
ID_JEWEPR1J,train
ID_NVZNELBB,train
ID_N34XHJ38,train
ID_XPFSI96P,train
ID_IAEDLMP2,train
ID_2ZI5FK0S,train
ID_S2ILCBN8,train
ID_JMWC4TYA,train
ID_UH7XNPE7,train
ID_064TXO9G,train
ID_M0NSJZUV,train
ID_08E1KSMY,train
ID_78K30UXO,train
ID_BTA8DBOD,train
ID_04ZQSFB0,train
ID_3H4SEVO3,train
ID_MRU32Q8S,train
ID_QFTMVMQM,train
ID_60YEXKEV,train
ID_13QVL4R9,train
ID_WS3JLSAS,train
ID_Y8KP9OAD,train
ID_K0BM3S7B,train
ID_CJYEONM1,train
ID_3VUGO2ZU,train
ID_8U8XA41W,train
ID_I4P10QIM,train
ID_QRBREM71,train
ID_SNDPBTSJ,train
ID_29U7TLBQ,train
ID_Q217GZNQ,train
ID_A9FE51D4,train
ID_Q0WXAXE6,train
ID_4FFGIPHX,train
ID_QNA0TZTL,train
ID_WT23MXVS,train
ID_MF1LOIU7,train
ID_0SXLH0ZK,train
ID_NQRQMWHL,train
ID_AO8UES36,train
ID_COOE5LNE,train
ID_QEVFD18Y,train
ID_6YRPRKGE,train
ID_1Q2N9CFJ,train
ID_CCYBB2IR,train
ID_XHR9WX98,train
ID_755D9R6D,train
ID_KU3T7T90,train
ID_E71X8YZH,train
ID_FHNGBY8R,train
ID_FVQW382U,train
ID_SPQ3APGL,train
ID_7S6ZPAOY,train
ID_J9FP4Q1A,train
ID_3O5CBFR9,train
ID_C57623ID,train
ID_O9NGYOCH,train
ID_O53R55SA,train
ID_01DHCAW0,train
ID_R4SS55QX,train
ID_WRH472JA,train
ID_TRST61TM,train
ID_IWK6VMV0,train
ID_OKMRP3IY,train
ID_PZDVXHLW,train
ID_DWC25KXM,train
ID_RYJEF2VN,train
ID_T2G7UK90,train
ID_J9A8W8K2,train
ID_14AS0BTA,train
ID_W54A3C5I,train
ID_CIQLND3X,train
ID_8FVNYMJ8,train
ID_MNHG784W,train
ID_FEZ7N8QU,train
ID_AQEK6TAA,train
ID_UTFDDJ1J,train
ID_VFLPJD60,train
ID_2F79AYAK,train
ID_AWLC97RH,train
ID_VAMBQX9E,train
ID_LY8SO9L5,train
ID_0S642DXA,train
ID_JYMCS4F6,train
ID_GI2ZZFW6,train
ID_L936W2P0,train
ID_SJO6EX0C,train
ID_HZYNUT50,train
ID_GZW1Q08L,train
ID_VTZ8GKM9,train
ID_OXQ0BB8C,train
ID_PJSVQR7M,train
ID_EJ1RU5CH,train
ID_OR4MA2AE,train
ID_HOZDO5BI,train
ID_OLH94SMS,train
ID_PHR9OF10,train
ID_ULNJEYU0,train
ID_6LQXARUL,train
ID_R7YDQG6P,train
ID_Q3644X84,train
ID_0OW1YV2H,train
ID_KO6Z4HCD,train
ID_LKEOREJB,train
ID_P9989PQ5,train
ID_P06UPL0Y,train
ID_5OGDHZOP,train
ID_V991NFOX,train
ID_VHKLOCFS,train
ID_WSTCOAUA,train
ID_JYMQ9J0I,train
ID_X2YCPY6L,train
ID_1MTQUY1P,train
ID_GEQVY892,train
ID_DP15RCYZ,train
ID_8YA2GJW5,train
ID_DZP1ZMTR,train
ID_GEAYN254,train
ID_3ZMZIFCQ,train
ID_TSAEN60Z,train
ID_BUUJRLEA,train
ID_YYMMPO9N,train
ID_GHT3T927,train
ID_NEWUKVC3,train
ID_21VJDAYK,train
ID_G2MC0KTP,train
ID_NHDAXPZ9,train
ID_YQ4MAOL3,train
ID_TWEQD4IH,train
ID_WSN68Q9K,train
ID_0VM4L0BV,train
ID_V2K473XZ,train
ID_FULQSFZR,train
ID_Y5865MKP,train
ID_65Q8BCD7,train
ID_VCP734L7,train
ID_9DTY4SWK,train
ID_X0PFEJ5W,train
ID_U25K8YKB,train
ID_4HRMNTJN,train
ID_4K3TLJA7,train
ID_H6WSWPQU,train
ID_TQZYZHNI,train
ID_LD7OH6TW,train
ID_BK6IRKYJ,train
ID_C8IFW7DG,train
ID_K2JYUBA0,train
ID_ZU1ZMAQF,train
ID_EHH0U2UJ,train
ID_I4K4NV29,train
ID_7HVHG7OS,train
ID_IVCL4797,train
ID_F9QA07U6,train
ID_518Y5IK9,train
ID_0U0OLJU6,train
ID_H3PIO46S,train
ID_AD6CJXND,train
ID_0CTX1OPP,train
ID_17KVQ675,train
ID_AEHAOYF9,train
ID_97S8S4RE,train
ID_CIYHBC6G,train
ID_7P7HUHJ1,train
ID_BII6ZBS1,train
ID_4JBS2S80,train
ID_BMOI4V8D,train
ID_0DYU6TGF,train
ID_MV3C7J86,train
ID_N3I69K58,train
ID_J6VG10IJ,train
ID_8F72RQQ5,train
ID_KXV89GKG,train
ID_4FA20MAV,train
ID_JFONXQA5,train
ID_87TJ93XG,train
ID_2O1XXW4M,train
ID_UWLX1UTI,train
ID_PZLW3W4P,train
ID_VO5WEX2E,train
ID_TWLAFBW6,train
ID_NYIMS0EZ,train
ID_ATSUHEY5,train
ID_7TECD3MS,train
ID_7KU4J5QP,train
ID_N8N9GKGT,train
ID_5FD0Q9CR,train
ID_7M6JE1G1,train
ID_UZW9EP5A,train
ID_FPZ3D2NB,train
ID_RMQ84CDX,train
ID_RRVILMKR,train
ID_OWFWXTEF,train
ID_EE1PH55U,train
ID_VU0AWF7T,train
ID_7UW4WO2B,train
ID_K3LZ56QU,train
ID_LOA052L7,train
ID_QX5U2AQO,train
ID_G42O0LP2,train
ID_WFCT8D3L,train
ID_UDUG33TX,train
ID_WLR7E50V,train
ID_REYV8SG6,train
ID_BF4DTT92,train
ID_08A3G5RD,train
ID_6Q2H2VOW,train
ID_YDNNOA4T,train
ID_7RCT76GU,train
ID_ZU6M6228,train
ID_AVS43L8A,train
ID_3KXFAI1F,train
ID_BP1Y44GS,train
ID_RJN9MUI7,train
ID_HVH2TK61,train
ID_671PMF5G,train
ID_2D7YBVNX,train
ID_JP2TLJAW,train
ID_S1ZMV2WK,train
ID_JYLEQ4NZ,train
ID_EIIYIWZT,train
ID_1UUR81Y2,train
ID_VG3E0BR6,train
ID_7P4LY171,train
ID_QC3NKXL6,train
ID_YE1VGPI2,train
ID_NYYKQQBM,train
ID_POQTHF3T,train
ID_1BKR5TUW,train
ID_2CXYV067,train
ID_P3KL9PT5,train
ID_LG4OQ4MQ,train
ID_ZC67JJFX,train
ID_EL3H28WQ,train
ID_33YQ2J3N,train
ID_7WKMUZ8E,train
ID_6RXHJSKC,train
ID_IPLSUJVV,train
ID_MR5GO8OW,train
ID_KKG9QDYV,train
ID_PU0VP3AT,train
ID_SR1E8ISM,train
ID_LYOCPR0C,train
ID_155AT8SG,train
ID_1MPK6JVR,train
ID_EQ4DMJX5,train
ID_1Y38YPWN,train
ID_GIUFYBR9,train
ID_W5HRWRVS,train
ID_9PI02A3P,train
ID_91I2FP22,train
ID_08C8EXKZ,train
ID_3UDBGCK7,train
ID_JB0B33YB,train
ID_TRTZWALT,train
ID_3ZAH7R4V,train
ID_9C9FBTXC,train
ID_45TYXW4N,train
ID_MTOKGCND,train
ID_SCHWSNGV,train
ID_A4CG4GLB,train
ID_HOVQIWS5,train
ID_XB9ZNR3T,train
ID_LZO6A1BF,train
ID_9XA3BXAR,train
ID_9KHFRAFK,train
ID_Y3K6G2RC,train
ID_LMZT86RQ,train
ID_XIR7ZUBS,train
ID_25EIO3CX,train
ID_MGMSJEEG,train
ID_0NU0UYXY,train
ID_RX0TAYTC,train
ID_ZY7NZ71D,train
ID_BK0P6G32,train
ID_I8C4VBAB,train
ID_3MN6L8NT,train
ID_G4KPJHH2,train
ID_M1Y6YIXD,train
ID_MAT26VYS,train
ID_F7LXU7EW,train
ID_MN3JI594,train
ID_8LY7B9Z9,train
ID_NGTMPJEN,train
ID_L945IO5S,train
ID_BA8CA5VV,train
ID_0MMKWNGW,train
ID_QSGSIBVT,train
ID_97DNQESV,train
ID_HOOBPP3M,train
ID_BYVICC9A,train
ID_Y6NPQDKD,train
ID_ZPHX9I5Y,train
ID_IGWIDLSS,train
ID_DIYBLZNT,train
ID_81WMASV9,train
ID_H933AJAJ,train
ID_VUDHF0LW,train
ID_YP8CMKLJ,train
ID_KK5LC7DU,train
ID_FM0BHFT5,train
ID_K3IZPHN8,train
ID_OOJMDQCS,train
ID_M8APNIF9,train
ID_NGJ3S69H,train
ID_OUQ4J36Z,train
ID_B1LL8NO0,train
ID_MBCGMINY,train
ID_YTNSBQ5G,train
ID_O6OIWLAR,train
ID_8PDO9FA2,train
ID_2FRY54ZN,train
ID_694SMEO7,train
ID_IZ2OB51K,train
ID_3ZWXT8U6,train
ID_KBCIQ83M,train
ID_KXOOZX0M,train
ID_YJZI04B8,train
ID_1LWB34BW,train
ID_T8G0KMHC,train
ID_NXTV9DP7,train
ID_CJ6W5YHA,train
ID_QDPYRBFP,train
ID_BK0K8JEP,train
ID_ERVO7P0M,train
ID_OEK4GITN,train
ID_W0SRAEDC,train
ID_PWIYZ4PG,train
ID_SCDVR099,train
ID_EHR8D6KU,train
ID_28D14BNM,train
ID_BHHNKQYT,train
ID_8ZAD39AG,train
ID_49MEEP6V,train
ID_SG15G0SM,train
ID_MAFMRSL7,train
ID_5XL5O96H,train
ID_TGT4QQQZ,train
ID_V2TQFYHQ,train
ID_KG0GH175,train
ID_J1VH2XIK,train
ID_BNJIQHYH,train
ID_GX036SWV,train
ID_WCDFTVTN,train
ID_FVRSOSY1,train
ID_ISDXR052,train
ID_3VE1KD8T,train
ID_QXDZZFQM,train
ID_12KXY85J,train
ID_L8YFJLLG,train
ID_0TTYSC1D,train
ID_TYTV52C5,train
ID_T73N33V3,train
ID_MYTZ1OV5,train
ID_YVSNJ7JX,train
ID_G4D1Z85V,train
ID_J3JXWMZ3,train
ID_X1KKLNOM,train
ID_20DU4FHD,train
ID_UZNRYRBS,train
ID_MG4757R8,train
ID_ZIDF7QJX,train
ID_OP1UQTNS,train
ID_FBFHJF8P,train
ID_RAUDW572,train
ID_ZP2WI76T,train
ID_ZREZPTWN,train
ID_41RP7FJ2,train
ID_UPJ8NL0W,train
ID_X2NMKK8T,train
ID_LC7FT9XY,train
ID_FHTQA7KP,train
ID_NKQHC1MF,train
ID_SWU8Z2TY,train
ID_FMQZ8AM1,train
ID_EC0U1B4L,train
ID_WES7QN94,train
ID_604GAVS1,train
ID_1P7RLQ27,train
ID_RI9RC305,train
ID_QI1QR5AG,train
ID_C2RUMMLI,train
ID_V10G9YCP,train
ID_Q7WWS2I9,train
ID_DQHNE825,train
ID_GPA7Y86Y,train
ID_VVW73937,train
ID_1NELH023,train
ID_S8ACSFXA,train
ID_9M8QGV0T,train
ID_4NC0AB4Q,train
ID_UQL0NLSR,train
ID_7JZ5815V,train
ID_7QOEL6FG,train
ID_XUKHPG5S,train
ID_SDB7MF77,train
ID_DXU2Y7OC,train
ID_75DOF0E6,train
ID_38FA9DFG,train
ID_W6DSC2LU,train
ID_CJSKOY8F,train
ID_WGLJRSAO,train
ID_ZL44H3VQ,train
ID_W3S5PSGN,train
ID_ICMMG3DV,train
ID_8MNYSPZ4,train
ID_RDSBFM4N,train
ID_BJBN5WEM,train
ID_XZCV1C1X,train
ID_YKV15453,train
ID_PXBFZHTF,train
ID_XRBJZSO0,train
ID_I21M6JN2,train
ID_SL5Q3R4F,train
ID_3G71AMAJ,train
ID_GSR9BD2C,train
ID_YIM1DRDW,train
ID_PEHQ4XTA,train
ID_QQHSQZ9Z,train
ID_PJG7JYR5,train
ID_1925W2TG,train
ID_A4X7Z2EQ,train
ID_PE9VSSGK,train
ID_SFBK8PIK,train
ID_K1VRTPBT,train
ID_LCZMYUHB,train
ID_6B708K2Q,train
ID_EY2PNYAA,train
ID_KF8AZNH5,train
ID_RPPUZMK7,train
ID_T6TH8O57,train
ID_CJANY1QO,train
ID_RT252IKW,train
ID_HJ3IQUIA,train
ID_9QRMHNSF,train
ID_59BAIVO7,train
ID_K4Y5O0NQ,train
ID_FV7QI8B3,train
ID_73HZ33R4,train
ID_N6FAMYRJ,train
ID_3E0RAS3Q,train
ID_UMR3T367,train
ID_2JIAM3TU,train
ID_NCGCXU4N,train
ID_1EBTCVZH,train
ID_4CA4QQ7Q,train
ID_CE88NEID,train
ID_7J1W15ZZ,train
ID_OUCJCIBP,train
ID_WEUZSSZS,train
ID_M3A25GZT,train
ID_B62PYTPU,train
ID_RLCND4U0,train
ID_3DITE61X,train
ID_WFJ5ZDIV,train
ID_ZLL4ZJY7,train
ID_RZLO83WO,train
ID_TFMKSUT0,train
ID_NO43TYHX,train
ID_7O2X9QGK,train
ID_ADGOYNMT,train
ID_AMQUDVIP,train
ID_OE8X7AVH,train
ID_297J037T,train
ID_XOEV9GZ6,train
ID_C32DXP06,train
ID_YQNYODSE,train
ID_FXQZ0HEX,train
ID_G00HVGUF,train
ID_W7X3XYBX,train
ID_TVAUA34N,train
ID_MW08V68H,train
ID_795J4VNR,train
ID_DGKOE5ZM,train
ID_N7PV0CJI,train
ID_YP4Q2HCI,train
ID_8L9HYLFC,train
ID_4NCVLDHD,train
ID_DXNNN291,train
ID_5N1AFMIH,train
ID_NE958CYR,train
ID_CLV825Y0,train
ID_FMTFLYJ8,train
ID_T98C96H9,train
ID_HBIC2TG6,train
ID_AWMIR78K,train
ID_71B2Q5W2,train
ID_2KYZN4BE,train
ID_T4Q1Z5SG,train
ID_YBPFSQTN,train
ID_J7V82I31,train
ID_F3U3K2RY,train
ID_5X7A0V9O,train
ID_I3SUCOIA,train
ID_P7UTCG35,train
ID_42XMZSU5,train
ID_6YBCERMS,train
ID_PPOLAS87,train
ID_Q24H99VZ,train
ID_GKX73H4V,train
ID_44BZ4SR0,train
ID_P0CC37GQ,train
ID_GCVVQWL3,train
ID_2X7DSWZ7,train
ID_2YDH99CE,train
ID_8LFEZR2I,train
ID_TR0QXT75,train
ID_7ZOWGV6S,train
ID_OXWREW73,train
ID_RB3S0Z2W,train
ID_KTS1B3YU,train
ID_SLRJYM1T,train
ID_3ZZXXPGI,train
ID_4UDJ3FIX,train
ID_RXQY7EYI,train
ID_0D60UQFA,train
ID_P6QUQIGP,train
ID_OJRG01L2,train
ID_DX6A0O9J,train
ID_GKAWPLQD,train
ID_0I9D0L6Y,train
ID_MC0PMLRR,train
ID_XFVVFMUM,train
ID_6A1H7IY6,train
ID_2C37BRSB,train
ID_4VPBXY14,train
ID_0S1J1BX0,train
ID_FSUVBY7M,train
ID_11K3C8F7,train
ID_S20HF1LP,train
ID_1AOOCZA1,train
ID_VYKN27AB,train
ID_O693XZ3F,train
ID_KCZI9CZN,train
ID_UCTJE2O2,train
ID_QAMDNDM7,train
ID_9WHTAV5P,train
ID_DPCQXCQQ,train
ID_JNABN5AS,train
ID_8VQZKR5W,train
ID_LBGEFP4B,train
ID_J7PR9AZY,train
ID_A6VPEO3Z,train
ID_UY7ZEWMD,train
ID_SVS6NWJ7,train
ID_J5UC08X9,train
ID_7WQOS0DV,train
ID_TSD4H5YC,train
ID_280MLB6B,train
ID_JEJWKFG1,train
ID_LVW8TCU6,train
ID_BGYVDKH6,train
ID_MOYA7ZGB,train
ID_KCT8JUBR,train
ID_QZWODDKG,train
ID_0K0AVMR7,train
ID_BITLLFEX,train
ID_7EVCNW12,train
ID_C7TR6C3A,train
ID_9E3LQH9U,train
ID_HZ375HH4,train
ID_06D8C20I,train
ID_7UWDQYX3,train
ID_GR0H34Q7,train
ID_52MLAV0G,train
ID_NZ4Z0QY2,train
ID_ENOKJMRL,train
ID_JZOXI4PM,train
ID_OSSO9R1F,train
ID_X6YM60CX,train
ID_ZZAB1FH1,train
ID_3SXS1N99,train
ID_ACVC3NKM,train
ID_8WTR1RMJ,train
ID_UDGLVNTK,train
ID_XOF0AY5I,train
ID_3Z6SGOPF,train
ID_Q9J7YMPJ,train
ID_5TMUAUUO,train
ID_15KVNEA3,train
ID_D6N0NV7L,train
ID_L5NSSFPX,train
ID_NYHP88H7,train
ID_OO7Y3Q0C,train
ID_05K0CK3V,train
ID_GSKSAL9U,train
ID_LXD2TMYM,train
ID_IIH9ONNT,train
ID_HUF729UB,train
ID_K50XKHOY,train
ID_RX0IFNIX,train
ID_JF6X8W1K,train
ID_ACUGV8HL,train
ID_ODVD9JCE,train
ID_TC7SC66A,train
ID_ZZXB10M6,train
ID_42B2UXQO,train
ID_DQ5C29BG,train
ID_KZ80P34I,train
ID_A2JVZQYP,train
ID_XJVFC2ZZ,train
ID_RBBAD1IF,train
ID_VWOR2VVN,train
ID_AF1CO4CU,train
ID_S9G8CW9B,train
ID_A6Y40697,train
ID_67035UJY,train
ID_ZQ8LDOTX,train
ID_LO99R3JY,train
ID_2WZA3E3V,train
ID_XOM0QC6M,train
ID_FNEBCQKK,train
ID_0VJU7B2W,train
ID_IUA8IG6M,train
ID_IJ6Y4MQA,train
ID_1FUN5QO7,train
ID_VV6J3YAB,train
ID_Q4N4ZG23,train
ID_CAXK63JD,train
ID_TZH3RCF4,train
ID_YO6U47P2,train
ID_K0ZT0Y2H,train
ID_XE0WTR1H,train
ID_AVTT3LQ6,train
ID_OQSF66BE,train
ID_CC2YKPWU,train
ID_55R861MA,train
ID_056OLNKX,train
ID_4LL82ZRZ,train
ID_LOX8YRJJ,train
ID_XJJ52837,train
ID_EA988D59,train
ID_FW5A4OKK,train
ID_FU43YBYB,train
ID_4K4KJU7C,train
ID_821JHHBB,train
ID_I3BQR98V,train
ID_FIJM4H7V,train
ID_00SF8ERO,train
ID_JSP7IQP6,train
ID_Y0YNJJFG,train
ID_W0MX98E0,train
ID_RG4YPFNP,train
ID_H65DY8JY,train
ID_F4H7937I,train
ID_IARNO19L,train
ID_1RG084JM,train
ID_JA61XK15,train
ID_R7EROATM,train
ID_AMUM3C3L,train
ID_AWN4S286,train
ID_65S5350M,train
ID_XN0HZ5Z9,train
ID_FYDLACDC,train
ID_7XK45IC0,train
ID_UPLB5FDB,train
ID_4W7Q8HSI,train
ID_F166T0IJ,train
ID_VK3PPKI8,train
ID_IKJC3I36,train
ID_9HX5ZH3C,train
ID_YYYO45XM,train
ID_GMWQIFI1,train
ID_3L84UIHR,train
ID_ZRHR8LWA,train
ID_5S8TLQZ8,train
ID_QRO0V67Q,train
ID_5DU5AZD5,train
ID_V66IKTOB,train
ID_OW70XXNA,train
ID_LDMR7VO3,train
ID_PIY16QFI,train
ID_J1WX17I9,train
ID_Y3NILHZG,train
ID_33IZIQ0E,train
ID_9JYPIH8X,train
ID_GG09GWYA,train
ID_AIRYM3YF,train
ID_5N7VGIC7,train
ID_81M1NTVQ,train
ID_FAHEFCNY,train
ID_T440QSAX,train
ID_KIQX0RLR,train
ID_3D276T8X,train
ID_XLFBPBEA,train
ID_ELO6LWRS,train
ID_AO8LK05S,train
ID_YZTEG4IA,train
ID_ATKD9KBW,train
ID_XYH777AH,train
ID_SWQNUS7D,train
ID_XGLJEEVE,train
ID_OWSEUZ9D,train
ID_JCG8J7HI,train
ID_CSSN0Z5R,train
ID_QUQARDPC,train
ID_LET3TBXT,train
ID_AYELUUS8,train
ID_7J4U39T8,train
ID_2M0LZESR,train
ID_BYA4J658,train
ID_9NLS4D86,train
ID_CI6W0S0Y,train
ID_B9F47X2V,train
ID_QU4VBWWS,train
ID_WC48NO4J,train
ID_NB8M2BVE,train
ID_JM89YXFA,train
ID_P6R6M069,train
ID_4PGVL5IL,train
ID_2KMA6M0A,train
ID_JH0ANKT7,train
ID_T2LZP1TL,train
ID_UUHXS01O,train
ID_UDVPCEHQ,train
ID_TRPRS0UQ,train
ID_AX1SLNI8,train
ID_HM2V76OR,train
ID_9UL8MXT8,train
ID_C06Q0LWT,train
ID_L5ZYKF3F,train
ID_DRG5N8I9,train
ID_58RS1Z1D,train
ID_KPCOUHB9,train
ID_PQSEV1GK,train
ID_KD18FAVN,train
ID_RFAO6YJZ,train
ID_EJNXYOHK,train
ID_6ALW57DB,train
ID_DFD0KWK4,train
ID_WBSUP4I6,train
ID_I7KX33JP,train
ID_HQEERYIE,train
ID_N0UAH4AL,train
ID_72L03H6B,train
ID_YOM9N49K,train
ID_OYVWNXL7,train
ID_OH4PWOSI,train
ID_Y93X0KA3,train
ID_JWYADPB7,train
ID_AUP8WP59,train
ID_K1VYS17K,train
ID_LOPD4R12,train
ID_AX8NJ2VD,train
ID_DWI0RKDS,train
ID_7RSZXRBP,train
ID_UKW5Q39T,train
ID_3V6TMFJZ,train
ID_HQ4QOHUH,train
ID_W0UCIZZL,train
ID_T4NEQT18,train
ID_UIAIKYWB,train
ID_OZ44LBFG,train
ID_G5QBM3XP,train
ID_FR4PUV3B,train
ID_98DUHIRD,train
ID_YIMZJCO3,train
ID_JKEUXL25,train
ID_KZTO0WV9,train
ID_IAFYYN18,train
ID_KLRYXOGG,train
ID_WLKCNJI6,train
ID_UHM0RIEX,train
ID_WB6H0JAF,train
ID_8QSOBD6P,train
ID_FNW2FUJM,train
ID_XSURD9Y3,train
ID_SLAW7GEN,train
ID_R56O5LG8,train
ID_GX5F4FGI,train
ID_1ZAG7F9J,train
ID_XPZ5H2S5,train
ID_B0DM9GRO,train
ID_WJVOTHDV,train
ID_BD4SCKLM,train
ID_W6651QYM,train
ID_KCKDN6QP,train
ID_ASZ7L33W,train
ID_R6V4GYMX,train
ID_U3D3ATEK,train
ID_YYBRYNE3,train
ID_5KZX3VT1,train
ID_97AFOR4N,train
ID_U2YFI10R,train
ID_C37JSK63,train
ID_A52CW0P8,train
ID_MHVIGWYH,train
ID_WNEKW2S9,train
ID_NCXSVPRE,train
ID_9BR5PNIN,train
ID_KXE6G7T6,train
ID_3B2E9MZ7,train
ID_NBQOV4WZ,train
ID_74KJ8GDR,train
ID_SD1RJ9R9,train
ID_PB5CZX2V,train
ID_3OJC8BJT,train
ID_8IWB4ANO,train
ID_GNMZ3SM7,train
ID_61HSGPA4,train
ID_PNAEIBFK,train
ID_JLV5SB4K,train
ID_S49YX0HR,train
ID_U1QUPX0I,train
ID_CTFVHVXH,train
ID_4MDO9AE9,train
ID_DLQXMR5P,train
ID_SY798SRO,train
ID_N2WWN62S,train
ID_076FO9LP,train
ID_EW7J3JY4,train
ID_9O4JVJFP,train
ID_62MHIAFA,train
ID_2DSMVIL6,train
ID_J7ITST1D,train
ID_FT5LIVW6,train
ID_R89TBAMC,train
ID_AN3BA7AI,train
ID_U7P8736W,train
ID_CFIFV105,train
ID_XL294OMC,train
ID_RPEPSMGI,train
ID_09C4OIQT,train
ID_NJ25CQE8,train
ID_H1RVLKF8,train
ID_KNHKNO6H,train
ID_C63XMNQP,train
ID_LS4EAQO9,train
ID_HGC6E1Q1,train
ID_BGCVPZFO,train
ID_FARB3Z45,train
ID_0GNJDUVE,train
ID_NRA4O1L1,train
ID_M1OUS7V8,train
ID_7F974JRQ,train
ID_1Q449XBG,train
ID_N8UDTSVB,train
ID_YDU0GL9I,train
ID_FSO6GXRY,train
ID_ARF3HLXH,train
ID_A5HC7AJH,train
ID_U3USNQJK,train
ID_EQ2ZGAHG,train
ID_U56N5B3H,train
ID_63665S5X,train
ID_DPY0HKAU,train
ID_UDK92MRX,train
ID_JHMV8SXO,train
ID_GF3SU2P1,train
ID_WT1CRGZL,train
ID_BWCIY9KB,train
ID_SLS3E5G9,train
ID_7SXTJHRL,train
ID_9TI1JZTB,train
ID_ZF9DO6DA,train
ID_EM0W3C29,train
ID_7IF4ZEN3,train
ID_XBKI8GFQ,train
ID_1431PLEO,train
ID_7E6F8FWP,train
ID_CK4L8GUJ,train
ID_IJ31YYYZ,train
ID_MS9I8J3U,train
ID_8KEW6G1U,train
ID_3FVJSGQH,train
ID_ABBNMCTE,train
ID_CB2ETOVL,train
ID_1ROKOOPT,train
ID_A40XPY71,train
ID_I7AHW8VW,train
ID_675ZN4M7,train
ID_33BYO3BP,train
ID_MFB8D8KZ,train
ID_NAY9ZYWL,train
ID_0LDKPE72,train
ID_X95G6PXA,train
ID_GNDGFMA2,train
ID_ZIR7JB7A,train
ID_V5P01TFC,train
ID_42DFX8ZF,train
ID_A6ZTKI11,train
ID_1RM7LF4P,train
ID_Z7OP2M7R,train
ID_KFLMAH9E,train
ID_K7V6SB3V,train
ID_IB5C7ZUQ,train
ID_ZKF1HZIH,train
ID_GBOQI1T6,train
ID_PF9ALB3J,train
ID_XR53DPPD,train
ID_567S29LD,train
ID_15Q7P696,train
ID_MOEMQM19,train
ID_DXZB67KI,train
ID_4UV3S4RT,train
ID_9EHVYX6J,train
ID_NGLQ5ZOW,train
ID_ERFCMVN3,train
ID_W1NVPWKB,train
ID_6P4QGJPH,train
ID_W59UF6F7,train
ID_AV0XSPDB,train
ID_WRJU8LFX,train
ID_KQN1H0DP,train
ID_QGD1FB3C,train
ID_J5NCFVK7,train
ID_GBEPIPQ7,train
ID_EL29NZXR,train
ID_P5N906OU,train
ID_OPXGZ4LH,train
ID_P40LSQCW,train
ID_KDVNQV0I,train
ID_IHLF59GE,train
ID_AGYHZAXX,train
ID_KUI45SGF,train
ID_614PI4IK,train
ID_S7U1UZ3X,train
ID_XLY0S0AY,train
ID_PIRILRIC,train
ID_63UY7PI0,train
ID_HOGQZ457,train
ID_WYFIHRW0,train
ID_I8BQ08P5,train
ID_KJ1EEYLZ,train
ID_V1UVBCPN,train
ID_ZZF4J8OZ,train
ID_H7FUXMS9,train
ID_O04BT6BE,train
ID_DZCY7HD8,train
ID_D5BEIMRI,train
ID_D3Y1N9AP,train
ID_W3NIRS34,train
ID_TDVIJPVK,train
ID_1ND42PRE,train
ID_CCTUP39I,train
ID_6UGV13NR,train
ID_NQJN3Q1A,train
ID_WAPU8DVA,train
ID_FLELSFOD,train
ID_DVHDCIHR,train
ID_NLDON8RG,train
ID_4TRX5LWF,train
ID_I0NQTDEV,train
ID_G300Z48V,train
ID_VMCZ345X,train
ID_N6YW6W38,train
ID_BEKEPD25,train
ID_IJPO3A1C,train
ID_DRNO5LH4,train
ID_OW3CSQ6T,train
ID_GQJORCBF,train
ID_SOALPU1A,train
ID_4OBCX2OF,train
ID_VCK5KKU6,train
ID_YLQR5ZIW,train
ID_MBEBXY12,train
ID_0PUH9WYP,train
ID_R3RBUQFH,train
ID_1J5TER54,train
ID_XM5SFJFR,train
ID_NXJHJJDY,train
ID_W46OI8F1,train
ID_6ILHKU20,train
ID_KZGNAG8N,train
ID_DDF4QNNC,train
ID_ZQGJ2ESN,train
ID_BARB7L4M,train
ID_VZJ6C2JY,train
ID_H6X92LTX,train
ID_JWBE95F1,train
ID_BTKHUB4P,train
ID_JZ99Z7VQ,train
ID_TJZWS4HH,train
ID_5OGKS4XD,train
ID_69YDIWOP,train
ID_PCYP9DT6,train
ID_BJXKQ8AN,train
ID_43H47FIW,train
ID_ZV2S634L,train
ID_J3L1YYJW,train
ID_YANVN038,train
ID_4ET99B34,train
ID_ZKRCAFLE,train
ID_GT0TV9DW,train
ID_JG6RUDXZ,train
ID_HICQDT4P,train
ID_QSCRGV6W,train
ID_1ZJMRJMB,train
ID_0RF1N78K,train
ID_5C5I57H4,train
ID_1RGN2HH1,train
ID_H84S7QJ6,train
ID_0296YCM7,train
ID_VMIT2RZ8,train
ID_DRNM0XMF,train
ID_V3JWD767,train
ID_PHLA3VM0,train
ID_RNPBKSXI,train
ID_92FI3N04,train
ID_3VLOFCMJ,train
ID_BM4V2OLM,train
ID_OYFFYXD1,train
ID_LKBW9WWJ,train
ID_B7RBI274,train
ID_HH12T9C9,train
ID_UUNLE0Q8,train
ID_CBG6TUNQ,train
ID_GQ597ACQ,train
ID_RTPULKQS,train
ID_PZ3GTGKK,train
ID_CX2VALH7,train
ID_3J2I0J9S,train
ID_UNBUZS45,train
ID_443L02WF,train
ID_I7ZZ8IVH,train
ID_HGMSLXOZ,train
ID_OK0L5U40,train
ID_6DZ4Z8I9,train
ID_3QWKZZ80,train
ID_HDMXLLZT,train
ID_7WEDMQVO,train
ID_QD7NWXBS,train
ID_AD0KFOEC,train
ID_2OFZ5EA9,train
ID_XOJI86JY,train
ID_7B83T1UA,train
ID_C7LJ2N2P,train
ID_4AAFX8VJ,train
ID_U5MAK94C,train
ID_H07IWII5,train
ID_KUIU2QKD,train
ID_5S0YJGB8,train
ID_NNUW8LH0,train
ID_QJ5V7K9P,train
ID_8X1SQ6VM,train
ID_O9A9V0FO,train
ID_1E4PNDFX,train
ID_PD4F9EIZ,train
ID_LMW0AM0O,train
ID_2SQLAHID,train
ID_AXS3ATCX,train
ID_SUVOGDRS,train
ID_XCD4GTHB,train
ID_U9OUUUAI,train
ID_WJJU2Y44,train
ID_OX0DIZU6,train
ID_3LAAUJ8X,train
ID_F597Y607,train
ID_U2R7DLKD,train
ID_E3YIKDJF,train
ID_KDOFX8ZM,train
ID_653VAY5P,train
ID_1Y5EXL1Q,train
ID_XTO5VVNL,train
ID_HBAWVNSA,train
ID_KWHA7GTW,train
ID_MEHVF673,train
ID_X4EHUAK0,train
ID_LYQWO39J,train
ID_S7W6EVX8,train
ID_CE26P4MI,train
ID_5WY89IJB,train
ID_Q6OLPTIT,train
ID_HCVJV6RG,train
ID_HNYYQ24Z,train
ID_PM6BS5UZ,train
ID_4NTJTJL8,train
ID_44V4I7WD,train
ID_NI0WAZ67,train
ID_EIU4TFTG,train
ID_R5GO6B27,train
ID_9S1119O7,train
ID_97KW8N93,train
ID_0J6WUU6Y,train
ID_LNS41Q9J,train
ID_KIXMVXVN,train
ID_0XDOO8IB,train
ID_C2TBJBTN,train
ID_CMOQJSWS,train
ID_08BU4DJB,train
ID_X7VKHNPV,train
ID_980LK5EN,train
ID_6RW1TPRT,train
ID_Q3JPGQ96,train
ID_EHMZL8NK,train
ID_TJV70556,train
ID_AUORKW8O,train
ID_W0C8L7TC,train
ID_HV2FNFHZ,train
ID_OMMGHY7I,train
ID_K8M7Y49P,train
ID_GRUUQF1M,train
ID_5YMAJNX0,train
ID_ZDCZVIFO,train
ID_LVPCQBTU,train
ID_OT2TPZM2,train
ID_T6KFSN6W,train
ID_ZTXH0BUR,train
ID_4723J5HA,train
ID_C429Q1D8,train
ID_U90XYXZA,train
ID_NY1XFNK4,train
ID_G88EGHER,train
ID_UNH9J9VH,train
ID_SNQJGEEE,train
ID_FEWZ93JK,train
ID_RE9O8Y0R,train
ID_32ZFLWPN,train
ID_SPRPFX66,train
ID_XFE30GT0,train
ID_1SY14P25,train
ID_XB3TP5AX,train
ID_D3D16KMT,train
ID_NLPTSY6G,train
ID_5WSIAXTZ,train
ID_MBS6KEV7,train
ID_C1VY1OI4,train
ID_027RW7XZ,train
ID_6L62FL2S,train
ID_FZOBPZZ4,train
ID_0QVD6EP7,train
ID_K21USM3U,train
ID_L3LV8G2J,train
ID_01BA4D1S,train
ID_9VZNXSIG,train
ID_NDGYC5TN,train
ID_IJ5BMHN1,train
ID_O77T7NQ2,train
ID_93PIKJUK,train
ID_12QKP2NR,train
ID_KHMAAYSZ,train
ID_KQ8JV3ZR,train
ID_LER2AWSR,train
ID_5DU33OOI,train
ID_3IZFPD7S,train
ID_5BXYD756,train
ID_W9R72UZY,train
ID_IB3AFTEJ,train
ID_NR6P0V65,train
ID_EJXICFU9,train
ID_Q6REX1FZ,train
ID_0L5743OL,train
ID_0ZI5YA8S,train
ID_VU8H0MGI,train
ID_CKCT3ZH7,train
ID_B5LBD4LV,train
ID_P2DJ6DIY,train
ID_E9D2TXT4,train
ID_YRNQ8B9P,train
ID_G0LSQ3RT,train
ID_LM1R1BO2,train
ID_RT9HNIVO,train
ID_VATSZUAW,train
ID_ZPDQ9Q1G,train
ID_9RIOV5QG,train
ID_ALE5B9U2,train
ID_5WYSV943,train
ID_30FL1VY2,train
ID_TU4K658T,train
ID_5R9WOERH,train
ID_AWR6MV0D,train
ID_GHMC8523,train
ID_QO6GF661,train
ID_JDSO5DZD,train
ID_X5CQQVJ9,train
ID_MAE9W2B4,train
ID_OQWDPPPI,train
ID_8641BKTC,train
ID_E8KNYALP,train
ID_HZ81GE8G,train
ID_SR27BNTW,train
ID_NSYURGFG,train
ID_RO3HDE7R,train
ID_TJLPPQ7X,train
ID_2LGGJT0U,train
ID_QZ36DNDA,train
ID_15SRLGOZ,train
ID_TIA1T3YT,train
ID_5V1RDKEI,train
ID_MXK7410F,train
ID_NDMSAQUS,train
ID_4J3ZZ8YF,train
ID_UQKQ7J30,train
ID_YNYOXI4U,train
ID_Y67YAY82,train
ID_V89HGK9P,train
ID_3QA284EB,train
ID_QUKUMWQ1,train
ID_7T3RVT1S,train
ID_W5KST617,train
ID_INY4CMDU,train
ID_4XPPLOZ0,train
ID_AG7IMTK1,train
ID_5T16F2MK,train
ID_8FFPMF94,train
ID_XFMDDRWI,train
ID_Z9P5KMVP,train
ID_NNLEGFTS,train
ID_VSXZ3LXB,train
ID_HDVE3U6W,train
ID_KMHNCFZW,train
ID_VD9PDR4E,train
ID_7BSW5O9L,train
ID_OWWKPPUR,train
ID_SVC505N5,train
ID_0A6EQAM3,train
ID_1H00HXNH,train
ID_KGOZHIQV,train
ID_SOXESU5W,train
ID_3PIXQ5WO,train
ID_5TF4HS0Z,train
ID_AT8YIFOC,train
ID_15F0L0TS,train
ID_SHM5U831,train
ID_3I2D5RJ7,train
ID_9WGYXPAV,train
ID_OLJBRDHZ,train
ID_1BZY2AOX,train
ID_985KYJD8,train
ID_J6RWVAUG,train
ID_IOQVED3A,train
ID_YQ6NP565,train
ID_QEWPC6W4,train
ID_XEK38MJV,train
ID_UWLJK1NE,train
ID_ZVD2402S,train
ID_V84HYKK8,train
ID_QLEXUXZ2,train
ID_ROL9N1UL,train
ID_GCXB7PVQ,train
ID_3KNFY2WD,train
ID_EGG9X1QN,train
ID_AB0U1U03,train
ID_KDESWDEY,train
ID_CJ05NZD2,train
ID_Y7DIEKFO,train
ID_2VNIEDTU,train
ID_JCS9GNIF,train
ID_YE073NRO,train
ID_NEGEI3I0,train
ID_0RPU9T26,train
ID_EA8LNBNN,train
ID_L1WBZOQ5,train
ID_3WKCO2QY,train
ID_G93XT0XZ,train
ID_AP550CFR,train
ID_93SCKX5N,train
ID_FATKPCO4,train
ID_M1YMEATJ,train
ID_PCV3K9TE,train
ID_T1S7TWRC,train
ID_DHM1MCOQ,train
ID_UXJ5SG8Y,train
ID_R4DENH4E,train
ID_QAHH4CS7,train
ID_5INWT7ST,train
ID_2EH696A5,train
ID_KKWI17HC,train
ID_E2A69XJU,train
ID_TTLST9QG,train
ID_0XSSW2KS,train
ID_O6BEXYEC,train
ID_CUIM4MHM,train
ID_889EWOFT,train
ID_VYW20A17,train
ID_UB0LDCD1,train
ID_QUUSEIQS,train
ID_AY0HMPIV,train
ID_XDA6EUMO,train
ID_G8CQWH1J,train
ID_TLYL7KME,train
ID_2F85A40Y,train
ID_DWWRZEQ0,train
ID_6H66FSQL,train
ID_E301B3WC,train
ID_XP5GPVT3,train
ID_NMI2PVNN,train
ID_HX0H2BM3,train
ID_INLJU96R,train
ID_22YKMM6O,train
ID_313O9E1S,train
ID_FEJCSTNY,train
ID_26YHCPZO,train
ID_MZOZ2WYV,train
ID_HZWPJJK7,train
ID_1LV50U0A,train
ID_X1U7099G,train
ID_ZF8KD8O0,train
ID_03JXE0R4,train
ID_WMJT5LO8,train
ID_TUUHPE9X,train
ID_HA5Z3Q7R,train
ID_S8S32E5O,train
ID_EGBL2XL8,train
ID_KSU4LK23,train
ID_KNCQHONO,train
ID_L2FH75HU,train
ID_UM56EZ1M,train
ID_4E3UK02M,train
ID_XXTZC20D,train
ID_T5LFMJ4U,train
ID_VHAM6RP7,train
ID_82VM4BTN,train
ID_YV42YXHA,train
ID_MFKHXFTF,train
ID_P57UM0RI,train
ID_X4QD0NVW,train
ID_WLTR390R,train
ID_E02LFUB2,train
ID_PGPG4E9T,train
ID_MLEFV7XK,train
ID_3W2MZFVF,train
ID_MEGSHZ6U,train
ID_VP9MI29E,train
ID_9W2W35KI,train
ID_PFZQARA5,train
ID_7Z8W09YK,train
ID_8KE6FXR0,train
ID_28RP1XD1,train
ID_JCDCWG7R,train
ID_5FOGCA0B,train
ID_NS8Z15RL,train
ID_1XJEI22Z,train
ID_7ZCOKBR1,train
ID_3KFDEBIY,train
ID_WQSG0ML1,train
ID_QKSVTCQ5,train
ID_M7PVAGOY,train
ID_T70X7MOD,train
ID_W2NPUA76,train
ID_9C80RXVK,train
ID_WR9HGG2V,train
ID_MZ8E3GPP,train
ID_DINL0K28,train
ID_EIZ7ZNPQ,train
ID_X0Q7YGGJ,train
ID_NBBKFQP7,train
ID_CO2QEM5M,train
ID_LVFEHTTC,train
ID_JTW6VKP4,train
ID_3IDPEWFW,train
ID_7PDL7QVZ,train
ID_0XL4MIKZ,train
ID_1X35772K,train
ID_TTHFSU1H,train
ID_N452C86G,train
ID_KA7EGWVK,train
ID_RDTRPB37,train
ID_IFO8LUXV,train
ID_CSZ2OA73,train
ID_4T1WWKOK,train
ID_UNWC0ZY4,train
ID_3DLQRH53,train
ID_2P5OUFPM,train
ID_U4D1ZWNA,train
ID_7IR25EQ8,train
ID_TMCQK0NF,train
ID_H1DJAYMV,train
ID_VTK36P0S,train
ID_9SS72TRJ,train
ID_CYBUXKZG,train
ID_KKFU9PDL,train
ID_48D4D5ZT,train
ID_E9HW1JD4,train
ID_FI147349,train
ID_18BS3DT4,train
ID_9X8WTHNJ,train
ID_4LP6TXYV,train
ID_YOCGB95L,train
ID_ICGWAFH4,train
ID_IT2X3O2P,train
ID_BVMFN6ML,train
ID_M1SC7MO5,train
ID_0T9R3VM8,train
ID_UU1EX2OX,train
ID_AGIBMUL5,train
ID_J8W59J7K,train
ID_KKWBFPKX,train
ID_N8UO96SA,train
ID_SCK8NNWC,train
ID_OF4TDL8L,train
ID_3Y9JN0RQ,train
ID_6QDJP5CJ,train
ID_NGBSUVZL,train
ID_3JFLL88I,train
ID_KPS97SKM,train
ID_1II2USPY,train
ID_ALLDQFH3,train
ID_9K45JB94,train
ID_V3X1RUN2,train
ID_BS84J66G,train
ID_NC8RZAAT,train
ID_WERAVV6X,train
ID_LCU0O52Z,train
ID_0TOP9L2D,train
ID_LY0JD7EB,train
ID_XEHF5N7L,train
ID_4BHCA7JE,train
ID_LNFYDHT0,train
ID_3HGK1R6I,train
ID_11Q5E3JX,train
ID_PR698G2H,train
ID_Q9S2EO8L,train
ID_MLEW4DZT,train
ID_3PFMW0RF,train
ID_L2DG99ZP,train
ID_UY8IALKR,train
ID_NBWBZT11,train
ID_I2PDJ9Z7,train
ID_Y9K7HGU2,train
ID_JS4EFV0H,train
ID_V3VPC995,train
ID_8C9N0VRH,train
ID_ABVIJALX,train
ID_QDTFQHPF,train
ID_Z2IOGPT1,train
ID_WIHEWFOT,train
ID_SBD0X794,train
ID_V2WHKSD5,train
ID_IY1F9KK4,train
ID_BMJOM8SF,train
ID_ESBQCTJ2,train
ID_P5QO7LBN,train
ID_1ISGNW7G,train
ID_00N94EIY,train
ID_SEEPKBMY,train
ID_CECD17LI,train
ID_9GJVEQKU,train
ID_499K47IZ,train
ID_KNRR06S4,train
ID_5B2KYU3G,train
ID_ILNTU4IG,train
ID_XZM1ELXZ,train
ID_KABEGXXU,train
ID_YAOA3RO1,train
ID_ATI54HE0,train
ID_PKVLQELF,train
ID_M7GN7WGF,train
ID_HLWS7FLD,train
ID_O1CHHWQK,train
ID_KVX3NMMI,train
ID_KH7IH9KD,train
ID_9N12TN9L,train
ID_093ZT0OW,train
ID_VQ340EAL,train
ID_003EOSSF,train
ID_LIRJBF12,train
ID_YCQXW1N5,train
ID_L6GECYRU,train
ID_NRTP3CPI,train
ID_SIKRNUK5,train
ID_1U1W7PM7,train
ID_XXZ6KJ8R,train
ID_VS3GLAKR,train
ID_00F2VJM8,train
ID_MD0PX49X,train
ID_08OYD6PO,train
ID_9QJROQOC,train
ID_2JG1Z6V3,train
ID_WK5U9ZHG,train
ID_FARFM58F,train
ID_7ZIKZSA2,train
ID_NRFSCRH1,train
ID_5BTNPIDG,train
ID_GRAVFP04,train
ID_RXXFIG34,train
ID_EX1QPX9Q,train
ID_ZCC7YJK0,train
ID_9RE42FPV,train
ID_9FV486VS,train
ID_VNB8S6KB,train
ID_IFSN2Q9I,train
ID_POKLNPQD,train
ID_HG7OGOQ5,train
ID_8H5OE7GI,train
ID_USLTOHKK,train
ID_NFATIPCJ,train
ID_5V5LAVFW,train
ID_P8T84DTZ,train
ID_F03ZKYCH,train
ID_BNSKYXPF,train
ID_3DFY0DVD,train
ID_7PHLJ8QD,train
ID_C1ZZUAN9,train
ID_2SWJ8K1F,train
ID_T95HXKRX,train
ID_56M3M2Y2,train
ID_2RWPW9NZ,train
ID_OBZK3NY6,train
ID_6TEZ0FVE,train
ID_JX8XL5N1,train
ID_360Y40Q2,train
ID_FWIN765Q,train
ID_9AP6ERKJ,train
ID_MQ3F9MSK,train
ID_H4723QCK,train
ID_20KZBDBX,train
ID_66GWCLMS,train
ID_37NJ78K4,train
ID_IPXS88II,train
ID_Y88D8MS2,train
ID_U2MEHSUS,train
ID_F082SRPM,train
ID_U8E41K6J,train
ID_R8D6YWXY,train
ID_9U73ACXK,train
ID_QUOQRV19,train
ID_WARRFPAY,train
ID_FMS1ITWI,train
ID_ENNMG8QO,train
ID_J82RPBWM,train
ID_6C770OE4,train
ID_SAJXY4UM,train
ID_S0UY8CI8,train
ID_FNCHTLWS,train
ID_IUBG6M6D,train
ID_H9JPR2EM,train
ID_V6OH71NT,train
ID_C872L8ND,train
ID_WTNRIXL3,train
ID_3TGHNO52,train
ID_FIKV9T89,train
ID_PR7STF2V,train
ID_FCYRFGAQ,train
ID_NLVJQ2B3,train
ID_K4DI11VW,train
ID_LDC9F5BU,train
ID_CMP14M1M,train
ID_PRF79MMG,train
ID_S8UKKYOF,train
ID_OUB3NQY3,train
ID_KWTKPUDF,train
ID_OKPAKGW9,train
ID_QSU73K9S,train
ID_S04QHR0K,train
ID_4XRPZNBU,train
ID_8Z0H764R,train
ID_0ZYKAVDD,train
ID_YXWV5ZVN,train
ID_X7DCEIYA,train
ID_F3Q8ET7S,train
ID_OR6DUVF8,train
ID_HTXBSF3B,train
ID_JWDDHX0Y,train
ID_I7U4JYLX,train
ID_BISJVERH,train
ID_FBLS180C,train
ID_PW7HNSQH,train
ID_IVBEYE9T,train
ID_E787HDQI,train
ID_COBCE0NY,train
ID_B2B9BDDY,train
ID_96HNYLFI,train
ID_7CRFXNM7,train
ID_DEGI7LNL,train
ID_F3MV1AW3,train
ID_IEMYZEZX,train
ID_C3VN9B4C,train
ID_H74J8Y50,train
ID_I3VJJLGF,train
ID_3DJ48D8H,train
ID_0DE21HWX,train
ID_SYO94MEI,train
ID_H9PG4OE8,train
ID_CZ0TOO43,train
ID_HMP9RH9G,train
ID_SVTCD54V,train
ID_MNKMWOOC,train
ID_V37C2BVP,train
ID_9831SNE7,train
ID_EGM3UJ9Q,train
ID_29QPVS9L,train
ID_X1YDT8MG,train
ID_4E1LWNAU,train
ID_3UKVQIIJ,train
ID_ICNLCT1Q,train
ID_EHKDWBM9,train
ID_B713C9E7,train
ID_LGJUPEI6,train
ID_RUE6EQDO,train
ID_4DYO3PRT,train
ID_A052OHM0,train
ID_5NAFYKLT,train
ID_ECL20LLV,train
ID_1T2VXAPV,train
ID_PODIA0O7,train
ID_LJUDC73X,train
ID_UL77SYX1,train
ID_ZHU2IS9G,train
ID_DQUTGWZP,train
ID_G6IE38O2,train
ID_QKRND4G0,train
ID_NRGJ7RJ7,train
ID_3888SFZ1,train
ID_0KNA5MWU,train
ID_UUWGZBW7,train
ID_4881M7ZR,train
ID_KX82AOSQ,train
ID_EM5KCTAP,train
ID_UUJIE0VO,train
ID_17HDO807,train
ID_R4DUD7GR,train
ID_A5TGX5H7,train
ID_C0XYZPNP,train
ID_TP5HAZOG,train
ID_P31X6ZS2,train
ID_23INFB85,train
ID_23VA6DWX,train
ID_OM7REOK4,train
ID_T6IUUOP1,train
ID_YHQDTGSL,train
ID_K4LXPE8A,train
ID_YRGJXJCV,train
ID_ACI5TM1C,train
ID_VAIF1D3I,train
ID_87MUHOCL,train
ID_1IAIMBD6,train
ID_W1FSI16S,train
ID_ATMAA75P,train
ID_4MUXG5PM,train
ID_EIGPJY4J,train
ID_Z0TD19HA,train
ID_0GBCSTHR,train
ID_JHTYQ83I,train
ID_CX5E82YH,train
ID_V1EH2NIH,train
ID_UTNNH33F,train
ID_411ZI9WO,train
ID_Q82W8XUJ,train
ID_2UQW23RF,train
ID_TGTY2IYN,train
ID_ABRPLFAX,train
ID_G4DOY8F2,train
ID_ZZH9NQPF,train
ID_PC3BTVLX,train
ID_MVK05QRB,train
ID_OF2TQGXJ,train
ID_BZ1JO3BY,train
ID_DXJRNRVF,train
ID_IH3ITACS,train
ID_ZUTBHAWA,train
ID_HGV1XW26,train
ID_7BTBCPK5,train
ID_60H4K1SI,train
ID_BYMWORP8,train
ID_6GXGZW9Y,train
ID_5VXZLATA,train
ID_G7AB1JVB,train
ID_UQCXFVFE,train
ID_KIGDPH9X,train
ID_Z8LI1D24,train
ID_QBHZO5U5,train
ID_2G5D55UU,train
ID_A7TZO5QF,train
ID_89GPMRN6,train
ID_NWSKP738,train
ID_0NAEKL0K,train
ID_DUTWCUVV,train
ID_I47FCH3R,train
ID_O8YLVV0Z,train
ID_WHRX1FSL,train
ID_7O5H61V1,train
ID_BSJ2PFJJ,train
ID_1S3TGEXG,train
ID_QN0OZARM,train
ID_0FF66REM,train
ID_EN8BHEIP,train
ID_D8FVLW6W,train
ID_2P25TFVF,train
ID_D9KCWEBA,train
ID_7DJ2M52Q,train
ID_S5609NJV,train
ID_BKY7LN0B,train
ID_7Q28QHXZ,train
ID_YKJTGKVK,train
ID_Q8J92INP,train
ID_PAK4WH0A,train
ID_0GLSRMQT,train
ID_RC8HBKLY,train
ID_45KNXVUL,train
ID_FYKZNH0G,train
ID_GYMK6GE8,train
ID_DIN833X5,train
ID_L7UQ1SUD,train
ID_W55OG8PK,train
ID_HSRIPRM0,train
ID_AL1PEWD9,train
ID_X607X0VW,train
ID_G8PYJIB2,train
ID_UB4KOZDE,train
ID_ZJM6BJ0O,train
ID_SEAT7H4C,train
ID_V7JG51TH,train
ID_DSKQI66V,train
ID_DMGJ9VOL,train
ID_XG2FBRGE,train
ID_VT8HYYWF,train
ID_0VPSKJD9,train
ID_VK7YNVF3,train
ID_EUSJPDKT,train
ID_7O8ZDM4N,train
ID_I3OJCZRY,train
ID_FY1OE7E5,train
ID_KF14EAUC,train
ID_HFN9OSJ7,train
ID_2MQZXUN4,train
ID_20Q8HDPS,train
ID_8NMUMO9I,train
ID_7GX9HCFO,train
ID_3VU0MA6I,train
ID_S9PSOQN6,train
ID_71KFVGXR,train
ID_06EXUMWA,train
ID_OEYJT6IQ,train
ID_125YB49D,train
ID_U3TRE0LS,train
ID_Z5R3I7CB,train
ID_JK65PKSB,train
ID_NBGQ034F,train
ID_1EIRDFU7,train
ID_RU7XKEZ8,train
ID_CQLYK45R,train
ID_S2KNZ5C1,train
ID_TTVJQLVF,train
ID_L2PZHO33,train
ID_KFIG57UN,train
ID_XLBC3XQN,train
ID_M42L5BPE,train
ID_W8LQ1NYH,train
ID_1YXW2AHA,train
ID_9U1OARTI,train
ID_DACD5ON3,train
ID_BQ5ELOOL,train
ID_WNZXHUVL,train
ID_3AQHWOF3,train
ID_BLKH30IQ,train
ID_T7NIBATS,train
ID_133HQHMV,train
ID_LU63DFUE,train
ID_ECP1JH8T,train
ID_VHN9GCAA,train
ID_A1IKWSCY,train
ID_A124QPAC,train
ID_Y4AMM90D,train
ID_XBKAIW6H,train
ID_VJWHC0YF,train
ID_D4OYSKVP,train
ID_LIC5QWN0,train
ID_JV0P1LFU,train
ID_DOIADT3D,train
ID_D6ZGCBR6,train
ID_CWGJNDWL,train
ID_ZUJ3CO5X,train
ID_3PU7R2IC,train
ID_14W00564,train
ID_ZADNU40V,train
ID_HW4BO5J1,train
ID_YCLMFEJY,train
ID_295RFA5U,train
ID_GP262ZSP,train
ID_A0N6N4M9,train
ID_5AGHAB9W,train
ID_JFPO0V6F,train
ID_2YJOB6M9,train
ID_YB5MT61U,train
ID_6UF7W7A2,train
ID_FS0GE27J,train
ID_3R2W8LQW,train
ID_TWUJ4KZZ,train
ID_UXFO5O9U,train
ID_H01DOA5J,train
ID_YIPXR00L,train
ID_HWAHLNYD,train
ID_H9FAE17M,train
ID_MQ0YR4TP,train
ID_NBXUPD1C,train
ID_IT6056ND,train
ID_J0JYDL7G,train
ID_RJVTJZIJ,train
ID_7WFEMM1F,train
ID_GMQTZ5IT,train
ID_7WEVIFOU,train
ID_L1DBLW7I,train
ID_HDO7W4Y4,train
ID_45WRVEKR,train
ID_OPNZDG7D,train
ID_PX6227F0,train
ID_QDGFFRRK,train
ID_KCXMHENC,train
ID_2BQBVKI4,train
ID_FXH1FIPM,train
ID_VCR408IM,train
ID_YUCQ852B,train
ID_IACX2C9I,train
ID_18AM73JW,train
ID_UBHW3PPI,train
ID_GNHED643,train
ID_IXJMS0BF,train
ID_1PXOBWJO,train
ID_6XB14M71,train
ID_67KDV42W,train
ID_NYZIW2VV,train
ID_HNE65XVQ,train
ID_OVO80HCA,train
ID_ATZVOLX3,train
ID_MPIV0H1R,train
ID_QNH81K2P,train
ID_3QBO9H5A,train
ID_7N43BZE3,train
ID_657LETCY,train
ID_XK4U3U9T,train
ID_D52LCBDS,train
ID_N9AKKAS4,train
ID_S3LAT8A7,train
ID_3A0T3E8E,train
ID_I77WO6MZ,train
ID_76CS74XD,train
ID_WGLLU5U5,train
ID_YUHYGYDV,train
ID_TOGDX7JT,train
ID_DRWKK63M,train
ID_HKF6Q0FX,train
ID_LUBILGLI,train
ID_4MJGBDOU,train
ID_W5L43N5R,train
ID_N8DGWBWX,train
ID_QB6TA6UB,train
ID_XJPG8P61,train
ID_UF77KOM0,train
ID_72Z9X8QY,train
ID_8EUOQGY5,train
ID_BDIBYBFA,train
ID_AAOD01O2,train
ID_4SEQ5O0R,train
ID_EOM6BPNE,train
ID_S12BI46Z,train
ID_GKLQX51W,train
ID_J8CNS01T,train
ID_8W2OKDYB,train
ID_67JWT1I3,train
ID_JDGTBWXA,train
ID_TIC0Y73W,train
ID_W7Q1ZS4L,train
ID_I9LJKAUV,train
ID_JGAA9C03,train
ID_Y2L85IF8,train
ID_3JR1IZWI,train
ID_N2MEUHXD,train
ID_NR8GL2E8,train
ID_6A0QTG4U,train
ID_I3PZ5R7O,train
ID_A5Y52F5B,train
ID_XTRO9YZB,train
ID_MCL4N0FW,train
ID_U0D2RVT4,train
ID_S8769DHX,train
ID_B26K9LDZ,train
ID_XGDWR2I6,train
ID_4KM7XEWX,train
ID_6D7IKS8A,train
ID_H4REJVQF,train
ID_S01CWMS0,train
ID_WZ47AZHE,train
ID_QRFEUVEL,train
ID_3KXWXS6Y,train
ID_SD624Y0X,train
ID_J3VSKK36,train
ID_IBPTIFJX,train
ID_XKNPJJAQ,train
ID_YVJA6R5W,train
ID_W9THV9PP,train
ID_7SJO966M,train
ID_KCAUJHKG,train
ID_BT7L429X,train
ID_AF7RPY5S,train
ID_8LJQ6MAL,train
ID_ETGVJQK3,train
ID_RODT7WU5,train
ID_MFHNWNZD,train
ID_C93A8Q4Q,train
ID_VOEWEDQA,train
ID_73P80Q33,train
ID_QJO9FO55,train
ID_O5M6BIZT,train
ID_C6NK9NZE,train
ID_N9GPS26Z,train
ID_F1KP5GID,train
ID_PJZY7M64,train
ID_WBPVJVGT,train
ID_WZMIRFXH,train
ID_ZC6NQ3SV,train
ID_EE47NNZ4,train
ID_2X76MU7U,train
ID_9EDJOYLS,train
ID_5M3MQTU9,train
ID_A3QYUDAW,train
ID_QEVNQOBM,train
ID_RSSNIDYY,train
ID_4LTECO7Q,train
ID_12K4O0I7,train
ID_L69TFLNL,train
ID_QMAIOI45,train
ID_NEA70IGM,train
ID_E1589X7N,train
ID_ROD93ESY,train
ID_VP2G074E,train
ID_EPRFMGGE,train
ID_GUR7UFO3,train
ID_OVB2TZVA,train
ID_YRNXISPX,train
ID_RWPKOA5S,train
ID_71DMWI8H,train
ID_3V37OR3C,train
ID_W4BB3B7S,train
ID_NJN003HE,train
ID_XI3VQZPB,train
ID_Y2IKDXW2,train
ID_44DGBPGK,train
ID_GA8KZJ06,train
ID_64ORYECV,train
ID_XWVXW4WT,train
ID_9UG8UA91,train
ID_GBK89GFC,train
ID_B6ALJEGZ,train
ID_YOUZIG06,train
ID_K5JYHGEB,train
ID_I2FQWU5I,train
ID_SWX7ORE8,train
ID_N36PY9DX,train
ID_06N0H7F1,train
ID_K90L1I58,train
ID_910XPSMY,train
ID_RLP9K16U,train
ID_RWN9AS62,train
ID_H09CDMGN,train
ID_RL57RN4B,train
ID_VZ7QRW0H,train
ID_RNE4WFXR,train
ID_3YUMZBBN,train
ID_Q7O51TEX,train
ID_P8I7R40X,train
ID_0ON2M6ZL,train
ID_EI4H6AZ3,train
ID_J8VAEB53,train
ID_QU5BBGC4,train
ID_7NOYUQ7T,train
ID_EB47XOEW,train
ID_ELGLHA6T,train
ID_SO8FT9KD,train
ID_2QA5MWID,train
ID_D0YQMFZH,train
ID_03QFK6H4,train
ID_LKQQ1A7K,train
ID_KF666EI6,train
ID_T3KXK3VD,train
ID_17M35WWR,train
ID_1SS2HJ5L,train
ID_QTUB7IPI,train
ID_HULHD4MN,train
ID_WDA1D71F,train
ID_OPPCM1SL,train
ID_V0RZ53FI,train
ID_RBBSTI83,train
ID_T536UVAG,train
ID_JUXSXVEC,train
ID_TCWE9L1M,train
ID_CSYK8NM6,train
ID_Y1RULRWW,train
ID_78J0C9XC,train
ID_PA2221PJ,train
ID_KVJUB0B1,train
ID_GSMUGLNH,train
ID_KT1U4O07,train
ID_5WZT8DR6,train
ID_XP71OTCJ,train
ID_XKIAE57O,train
ID_GMOM47NV,train
ID_UW64PZ15,train
ID_OTBBY89G,train
ID_DD2A4CZA,train
ID_W7IIAYXY,train
ID_STLJ5NQA,train
ID_CL7MTNRE,train
ID_8G2EUO58,train
ID_80LB68Z8,train
ID_5E9R72Y8,train
ID_H9XOIDXJ,train
ID_6IXBE980,train
ID_TGANMH7M,train
ID_XUZ9C752,train
ID_3U8J5OFR,train
ID_Q5J6ZCYJ,train
ID_TZZJA7L9,train
ID_QT284L4V,train
ID_1FCGGPZK,train
ID_O6P2748S,train
ID_V2D8NDA5,train
ID_C70MPW0M,train
ID_P04054G7,train
ID_AOQJH1HO,train
ID_5NR58P9U,train
ID_D30FRFOZ,train
ID_IKUZI9HS,train
ID_F8446GUS,train
ID_PP3TOQPR,train
ID_D29E7EBN,train
ID_SY3UFCQT,train
ID_1TV26XVI,train
ID_R3OTD30K,train
ID_AXGYKE0W,train
ID_9M8LAOMD,train
ID_6PTQRUM0,train
ID_JSIBA44D,train
ID_KGFZJW6O,train
ID_11AG0YGB,train
ID_0N3TAQWT,train
ID_B36H0D1J,train
ID_648PUCNE,train
ID_WPRILPTT,train
ID_ZI58EH5B,train
ID_QQEGBQNR,train
ID_SYML8G3K,train
ID_W4JF0QYF,train
ID_I78E8SWG,train
ID_6IZTD3XF,train
ID_5L3EH6PL,train
ID_GZD9XQHW,train
ID_9OIDY7V8,train
ID_1U0N2WO6,train
ID_UIFAO6J7,train
ID_WA2AU6GE,train
ID_30DM12GF,train
ID_AR1IM0AH,train
ID_EGGG9QI5,train
ID_JPJNEOEG,train
ID_OR9GNG6E,train
ID_DIF4CS9D,train
ID_6314N051,train
ID_8ARI1C3B,train
ID_CGE1SA4R,train
ID_S7WYGAI8,train
ID_S7CLI2VB,train
ID_D0DBUHEY,train
ID_4IEJVGK4,train
ID_XBHMU758,train
ID_4X2QNK4A,train
ID_YQQKQ199,train
ID_7ZHTKEGN,train
ID_HX9A2O5N,train
ID_NDWMQ3VD,train
ID_LWKGVYJT,train
ID_NIMK0YQN,train
ID_98VPY4VK,train
ID_PCD1OEKD,train
ID_V2U710BB,train
ID_9970TBUN,train
ID_8AZSIK9X,train
ID_IYNMAFZ7,train
ID_TQJKUDTY,train
ID_D3J8461Q,train
ID_5HLITPR9,train
ID_T756F6KJ,train
ID_PW49YNR0,train
ID_RRXW2G28,train
ID_IUFYGALR,train
ID_S0I1SBAX,train
ID_F03ATUTX,train
ID_IM8EG1RP,train
ID_G8YXM2BN,train
ID_VW0A33DY,train
ID_3MAUHAE3,train
ID_1FUGMWE5,train
ID_7Z8ZZ7HQ,train
ID_Q4KA9J7N,train
ID_BVVADP9H,train
ID_SH6B8RHT,train
ID_KLCTDSH8,train
ID_Y95OX8A9,train
ID_B4ZKYXWL,train
ID_LWVV99CK,train
ID_ZRC9V7MU,train
ID_896LUWJX,train
ID_6DXVG49R,train
ID_JHVRZB2U,train
ID_OCV5QRJL,train
ID_V9Z29K8Y,train
ID_N5RXM3CP,train
ID_4AEO82KA,train
ID_Q4EWRELK,train
ID_6LQ8E0KE,train
ID_GRSH54FW,train
ID_O9VD0KRX,train
ID_KNI5VRPX,train
ID_IJ29DPA3,train
ID_Q6K9Y7QZ,train
ID_GOBL4W7P,train
ID_FAEVOZ52,train
ID_QABN6VQR,train
ID_U8MDMPTO,train
ID_2NP8MUDO,train
ID_GUO4GGE0,train
ID_QVWRI0AB,train
ID_IVLJIH7A,train
ID_16D8Y4P5,train
ID_X0CX1H8U,train
ID_H4YQ6NOU,train
ID_GJFO4VV7,train
ID_D0VGV9L6,train
ID_5V8QCWRE,train
ID_4GCJGE4Z,train
ID_G4SO09Y0,train
ID_7PCQMHV8,train
ID_GPW14FDP,train
ID_XKUR39OC,train
ID_37CZ5R8K,train
ID_EGLJYPPG,train
ID_G8ESTUK4,train
ID_4LL98C9E,train
ID_SVTS8S8L,train
ID_Y18NANY1,train
ID_G4APODIC,train
ID_DK3H69FE,train
ID_BQM2PQ8X,train
ID_J9IFPQNP,train
ID_TK1WY685,train
ID_7Z37VJEI,train
ID_5PCKHWWT,train
ID_KJZZF55J,train
ID_ZMG1AP6E,train
ID_2ENKNZFF,train
ID_GL85EH8O,train
ID_3HEHHWLF,train
ID_SC44U19X,train
ID_FQNCEIYG,train
ID_667K2ZYU,train
ID_3YB0Z94Z,train
ID_W2O3KE6J,train
ID_26L24TGV,train
ID_2WMW866R,train
ID_N46CY9Q4,train
ID_4SA3MCPO,train
ID_DP799UZT,train
ID_0QS3WKR1,train
ID_5VCLX43Z,train
ID_GTKH32NB,train
ID_PMA5U1KL,train
ID_OHDVOZZH,train
ID_Z6Q9HMN9,train
ID_E4KLJX1X,train
ID_UGSK9AAJ,train
ID_PB5Y4YOL,train
ID_KJ9DX8HR,train
ID_QK0ST8CD,train
ID_9SQPYQW8,train
ID_A9E99GFO,train
ID_4M7LQU4I,train
ID_5A739YVU,train
ID_HAU0DE3E,train
ID_0ONXVO0U,train
ID_AJX3BXPS,train
ID_JNUVISFA,train
ID_ONI0F2TH,train
ID_AX6C0RH9,train
ID_JVJFN3BR,train
ID_QQL028ML,train
ID_ZFEJBJE2,train
ID_8B4K19L7,train
ID_0R7XE24B,train
ID_OMVC4XWL,train
ID_GXQZ10YP,train
ID_JPH8T3TG,train
ID_L0YVG8EY,train
ID_W5P7ASWK,train
ID_MFGBS8II,train
ID_IT3EO1B7,train
ID_V307OYG0,train
ID_JGEUX4EZ,train
ID_KJ7CFW71,train
ID_2OY6L2F3,train
ID_HOTQZFIT,train
ID_PN661JBQ,train
ID_781W2BT0,train
ID_F9LBJIRY,train
ID_WDWL7T1U,train
ID_WDJ9ET9T,train
ID_ELR80GRW,train
ID_S2SX4NB0,train
ID_CF80QI24,train
ID_SZBLR1L5,train
ID_O4FRZ140,train
ID_F057D47X,train
ID_GHP275EF,train
ID_WQG2GE6U,train
ID_EBD1US9B,train
ID_TAPTLD7I,train
ID_JFF9LH06,train
ID_IG50QLV3,train
ID_GT5J1AB6,train
ID_1L91SDY4,train
ID_P3PTR5O6,train
ID_H5HL0326,train
ID_W2JR55ML,train
ID_JGP5LF1V,train
ID_D0D9F0ET,train
ID_8UZMH58B,train
ID_WSGOOLDF,train
ID_GKIPW8EB,train
ID_Z295QNZU,train
ID_9JL0LPF6,train
ID_R38ZM7KZ,train
ID_J4HKJNZ2,train
ID_9EVUDL33,train
ID_F3N832O8,train
ID_KC3HKE7W,train
ID_8TZNPP37,train
ID_WXKS1RV2,train
ID_ZZEZH7HZ,train
ID_R663AXR2,train
ID_SKK5L9WD,train
ID_V8O3AHIY,train
ID_CCU1VUC3,train
ID_2PMMNBN4,train
ID_2RS0XD9H,train
ID_VGMH59V5,train
ID_D7LOJ87L,train
ID_80EH2ACS,train
ID_VKCNEXHE,train
ID_8PW3UTJ6,train
ID_1ITLN7WB,train
ID_BU849QUB,train
ID_ULV7DX29,train
ID_1V79MNBX,train
ID_41J3TQ1B,train
ID_E1IWIR9N,train
ID_7J9U3BM3,train
ID_8MUFJL3M,train
ID_FVSZ09SR,train
ID_AGD929IK,train
ID_DSW91QFW,train
ID_4PNNZ92Y,train
ID_S79TXVP4,train
ID_AFXJ3DWE,train
ID_HEWKV2T7,train
ID_Z7P10CV5,train
ID_RCBGW3NS,train
ID_AV4E3IOJ,train
ID_4SYNMPD0,train
ID_6H2NMVPK,train
ID_1LXPXOMP,train
ID_IKYWA8QO,train
ID_5L6PBXLG,train
ID_U97IVNS7,train
ID_9HCB2OKE,train
ID_4CPO4TOT,train
ID_XE2ARDWM,train
ID_INYMHYK1,train
ID_Y534ITEN,train
ID_DSWENMUP,train
ID_9X568O2G,train
ID_0F7W3N7K,train
ID_VVJP9H8O,train
ID_0BW40ASA,train
ID_WWGICIWM,train
ID_T4L110G2,train
ID_JFH419RJ,train
ID_380D2B5I,train
ID_PLK7KCQ7,train
ID_CFA64GNJ,train
ID_9GVPUP9M,train
ID_YN4AEFKT,train
ID_8Q02A2V9,train
ID_03358677,train
ID_NZ216Q5Q,train
ID_U674Z8JY,train
ID_IEB1AKYW,train
ID_5PGDYI9M,train
ID_9YFTEYOD,train
ID_6TR7TT00,train
ID_FH05MWMF,train
ID_DTBCYWXQ,train
ID_6JFKYDPC,train
ID_RLWDLSVP,train
ID_EA0F0L3T,train
ID_G7OF9YXC,train
ID_CWZRIKIJ,train
ID_OIQXNO18,train
ID_IOPP63Z9,train
ID_L37OQM4A,train
ID_X4EXC3V7,train
ID_PRPPMUKR,train
ID_0C0VH725,train
ID_XNJADNLD,train
ID_SQOQ80DO,train
ID_APSMXCTM,train
ID_5VBXV353,train
ID_VOMVYKZ2,train
ID_TXIHLQKG,train
ID_S1BVL7DK,train
ID_UUMKDCJX,train
ID_BB490G9D,train
ID_KSSUP234,train
ID_ZT0X0WC4,train
ID_F2BP994F,train
ID_OG33EM1B,train
ID_EZY0L8N2,train
ID_EA671VL3,train
ID_I1J9RNGX,train
ID_7XFO1IKO,train
ID_X52CFZ65,train
ID_224ENA0F,train
ID_2B6ER14S,train
ID_01B5G98D,train
ID_2YTP72V9,train
ID_FJDHJW2S,train
ID_1CG249I8,train
ID_M7GKPE24,train
ID_D2CK1X66,train
ID_N3XX81RJ,train
ID_01ZY85EM,train
ID_NOCJRKQ7,train
ID_WTPXWTVD,train
ID_6160P0BQ,train
ID_RLNSPPC2,train
ID_YYEPI86W,train
ID_2WQZZSCY,train
ID_XY2QA3Q9,train
ID_JS099N3V,train
ID_HLSRS9LB,train
ID_SGS9T9U5,train
ID_LL0P84XF,train
ID_5MPBC4LS,train
ID_TM2B86S9,train
ID_EU1SPBPD,train
ID_MKRM36GC,train
ID_IN359HUY,train
ID_SFC5I9H1,train
ID_RTKZGG12,train
ID_ZQVCEXWL,train
ID_DT3HLI50,train
ID_JKSYBYH3,train
ID_HCNK9UV9,train
ID_6NX3D0AN,train
ID_UB6ALXS3,train
ID_JOE9CGRF,train
ID_KLX3BMGW,train
ID_STFTDC8O,train
ID_6O99HDG6,train
ID_V36IUQ4N,train
ID_M1SAFZW5,train
ID_M7JAYVET,train
ID_GTNVXM1N,train
ID_D8PQMIN9,train
ID_X2HT6IRU,train
ID_JTKKUYHF,train
ID_YMPVFZN5,train
ID_YECFT3CN,train
ID_LAKH9CO9,train
ID_RX8GC51B,train
ID_8S3IB8JO,train
ID_EA3X341Q,train
ID_2I9GS5ZR,train
ID_EKQK8ZGO,train
ID_OXKGSJRS,train
ID_ZZZ8QEKT,train
ID_T4D7ZE48,train
ID_L1ZJQ7EN,train
ID_9B74HAXR,train
ID_6E2BUT70,train
ID_7811XU59,train
ID_X1OXJGAZ,train
ID_B683SUDZ,train
ID_3U1XB3LY,train
ID_20O2NHR5,train
ID_DRV9G665,train
ID_F62LHFCD,train
ID_HPKLEGJW,train
ID_TWQAVI2M,train
ID_8GUAB3PV,train
ID_L8JQ9U06,train
ID_YR5QDKZV,train
ID_P6M0GD18,train
ID_XJX49PEK,train
ID_NXRCPKVK,train
ID_IAUBEEAI,train
ID_F4JMC4E5,train
ID_VV3X613N,train
ID_VIH170Q9,train
ID_BKVLYXO5,train
ID_RHJ70BZB,train
ID_JL5V51K4,train
ID_EP6TYTR4,train
ID_U5WW487S,train
ID_LI8S4BEN,train
ID_8S7FEX1P,train
ID_9E0C9UGF,train
ID_8NUUR8I3,train
ID_DCLERL1L,train
ID_R6IM8QWF,train
ID_FH52TK67,train
ID_MWU0YM8M,train
ID_IMQM6KNW,train
ID_3N1WN490,train
ID_5ZINFR91,train
ID_FT0QDP4I,train
ID_MFPT4WJV,train
ID_WPXEOR0U,train
ID_TGWI0326,train
ID_7DSB5RO8,train
ID_7BGC14LR,train
ID_1LF92UMC,train
ID_WW13E1D1,train
ID_V0WB6V6B,train
ID_N1H4W5M0,train
ID_6F38WRPM,train
ID_FDE1WQNR,train
ID_4VDZJAIQ,train
ID_B4GTWHJI,train
ID_3B8J4LW6,train
ID_3NT657JL,train
ID_WXC4NAIF,train
ID_EPFYSVEH,train
ID_03FI4K2E,train
ID_0CTJYLJ4,train
ID_MNJ4C63C,train
ID_YEHRDS8M,train
ID_7Q7CQNGU,train
ID_6QO8LCM1,train
ID_WP475MBO,train
ID_61SOK4TY,train
ID_VQFQZ0Q4,train
ID_7PIHY73C,train
ID_SA582ULS,train
ID_IH1TCHW7,train
ID_WEWRH271,train
ID_C7CCZ26T,train
ID_UUWMEI0M,train
ID_XNT0Z4SG,train
ID_OJ6GD09A,train
ID_9NDLK29X,train
ID_4DDIY0BB,train
ID_URWO6QA5,train
ID_DT9AK6OW,train
ID_LEANELRQ,train
ID_NMBASC7D,train
ID_F9L8PQNO,train
ID_AR7G9QWD,train
ID_SHGK302C,train
ID_ZAA5Z111,train
ID_WK8J866M,train
ID_VPT41BK8,train
ID_NZQX32M4,train
ID_9R8F8PZK,train
ID_K2MODW9G,train
ID_49LY5RHN,train
ID_3B9OEXFG,train
ID_R2P39X4J,train
ID_02CENOVC,train
ID_KARXHHVZ,train
ID_PQZ8AT3Q,train
ID_WNIEK97H,train
ID_078XA6PN,train
ID_VSQ48NTJ,train
ID_EREOLEW4,train
ID_C99ZPQD1,train
ID_L3SW4YFJ,train
ID_Y7LHAIJF,train
ID_4TN7KK03,train
ID_KND59T59,train
ID_3SU8FEJN,train
ID_KCRWL3UI,train
ID_UTK4RTZP,train
ID_H8XIDCXP,train
ID_6BQZYUC7,train
ID_S0OMKRGK,train
ID_CLHWKAK6,train
ID_USRE516Z,train
ID_E6PBH2IP,train
ID_O8U603V4,train
ID_Z534CCRF,train
ID_X9ZI4HMA,train
ID_KLEOX8XZ,train
ID_TOBLR4VK,train
ID_8FR6SK08,train
ID_QJAD1J6F,train
ID_K6E8M3ZO,train
ID_0A5M3YXH,train
ID_SLSBD6PT,train
ID_YY54ZHPB,train
ID_G4CIM203,train
ID_BUU2MIVQ,train
ID_VVI922PO,train
ID_GXT9MGLQ,train
ID_2LFFSJ07,train
ID_Z0PZ6INH,train
ID_KBMQ4EFE,train
ID_JLNR4UH6,train
ID_MPXE67N1,train
ID_745890BH,train
ID_6KTMC4SM,train
ID_JDWICSYR,train
ID_0NLQY77Z,train
ID_HDL1ZCTC,train
ID_7WIO4K16,train
ID_7G9WH204,train
ID_PQARS8OE,train
ID_VHP5NQS1,train
ID_DHB3HTZS,train
ID_5FXK8H6V,train
ID_M7V2QPUZ,train
ID_01HP2EXC,train
ID_H2E7GGPD,train
ID_YNGM7LIX,train
ID_F0EOWQIZ,train
ID_L0HQS9AB,train
ID_4B0V6VLE,train
ID_VN0V30HZ,train
ID_UQ8IY4NN,train
ID_3FKWXIG4,train
ID_D5GRKUYT,train
ID_L288FV8D,train
ID_ABHGUFPL,train
ID_0W90C8IL,train
ID_PZOGUCNU,train
ID_U8Y17E7Z,train
ID_3DS4GSZU,train
ID_YGZ2ABQI,train
ID_ZCERVDZ3,train
ID_Q222TGPP,train
ID_6PDOTZ0R,train
ID_RWBXQ34H,train
ID_4P7UY8DP,train
ID_Q59C5GB2,train
ID_MYAQPDH3,train
ID_EEK60E5I,train
ID_YL6MPRYV,train
ID_F49CQBWK,train
ID_RGETU2NP,train
ID_BS26U68H,train
ID_A4KTTFIT,train
ID_SQ7JXX1J,train
ID_VN054ZKG,train
ID_A1UX386G,train
ID_ZP41GJ73,train
ID_QS3ZO8LH,train
ID_DR918UH3,train
ID_YPVQGP7J,train
ID_CV59X15U,train
ID_YR958IQZ,train
ID_EB8HBH2W,train
ID_1S0HXS45,train
ID_ZH06KRHC,train
ID_0O0ENHRD,train
ID_7L3Y4CG2,train
ID_0D4PLCVS,train
ID_5UFF7ATS,train
ID_BDC4R6JK,train
ID_1RJ25KD0,train
ID_NQAXDRYJ,train
ID_DV6FUACU,train
ID_MBA5SJEE,train
ID_LP4R4A5D,train
ID_PD98OHN0,train
ID_1CMAD1T7,train
ID_LNGME99C,train
ID_CMV3HQHI,train
ID_X83USC63,train
ID_2L4RBZPP,train
ID_R8MQAHVS,train
ID_XGEG4KYM,train
ID_4S6M6VMM,train
ID_2NTSYKK3,train
ID_3UOSK3BX,train
ID_SSSK1EOB,train
ID_RYYBK5LF,train
ID_YQ3RA8ST,train
ID_DKRX2KTS,train
ID_RHLDJQJW,train
ID_XYRQH6CO,train
ID_MAGIIQ5O,train
ID_8RW6ZUTL,train
ID_B4GTWRAJ,train
ID_HK45JTH9,train
ID_B1TWQM85,train
ID_3SAYPLW7,train
ID_H1ZSUQ3W,train
ID_6ZIAS2AK,train
ID_UJ5GXRRJ,train
ID_BH611PR9,train
ID_ZDXZZ4JP,train
ID_PWX4OD0O,train
ID_PGOT57PJ,train
ID_C7LYTJLU,train
ID_AZ8A6XOY,train
ID_S6ZS817S,train
ID_F4AQJJ29,train
ID_9TBCWO2U,train
ID_6A0PAWO1,train
ID_BEFEB7MS,train
ID_BSSX6BYI,train
ID_18L4EGIZ,train
ID_5NX0ZJ3Y,train
ID_ATCQSVQA,train
ID_GECJYIMH,train
ID_4F1WIQMZ,train
ID_RI1T5GKY,train
ID_8XSNOJR2,train
ID_P2NBC6L5,train
ID_3K20UNOM,train
ID_6WFFAZ36,train
ID_MVNBKNQR,train
ID_3TBHN64Q,train
ID_UK5YHU5A,train
ID_XM9SRSMJ,train
ID_GBFKROSU,train
ID_NG5QW6TI,train
ID_1YCA7CF3,train
ID_FYA35PJO,train
ID_4R7FR2U5,train
ID_CRGK4CTG,train
ID_HBLOPH99,train
ID_NYW44WT5,train
ID_270Y8IHU,train
ID_ZRGGQAYH,train
ID_US195D9V,train
ID_XT8EAT1J,train
ID_QYIL1OB2,train
ID_G448R1LJ,train
ID_IX0BW1CL,train
ID_NC1XZ2W7,train
ID_L2P9AT4L,train
ID_R3DMGQ0C,train
ID_8T1LN7M4,train
ID_BBVR2S53,train
ID_I4UB4N3H,train
ID_RO41XXCE,train
ID_73U0KQ5R,train
ID_K86HVL0S,train
ID_CMNGAU57,train
ID_1X2K14VB,train
ID_9J85CSHI,train
ID_V2Y4FEEN,train
ID_EDOQK9W5,train
ID_ZSKVU5BE,train
ID_Z4VY1PY3,train
ID_XBMV670Y,train
ID_KVR1N4S1,train
ID_5GHWYNIR,train
ID_A7EW8T60,train
ID_QQIAY05W,train
ID_E0K1CWIT,train
ID_OJX80MO7,train
ID_1HHGEEK2,train
ID_U3W5C94O,train
ID_8AVVRLGB,train
ID_HK2UA0K1,train
ID_BK4J4D4G,train
ID_PHRUEHT5,train
ID_B0A5LXLM,train
ID_2EOZOFE5,train
ID_EN6QI67Q,train
ID_FQX7550X,train
ID_H272IT42,train
ID_3K5YLG3Z,train
ID_MK8T42FO,train
ID_B3SRU2BU,train
ID_5O9208I1,train
ID_YZ77ODGN,train
ID_270F8JH0,train
ID_LY4V5IMH,train
ID_WWPE3XD6,train
ID_055U1LPM,train
ID_JM4FD5W6,train
ID_9AC2629W,train
ID_1AVJCFHA,train
ID_O1RBGD4U,train
ID_ADMRT4TK,train
ID_PA0RK8R6,train
ID_ZQASE65O,train
ID_FXDE2BJK,train
ID_76N9608D,train
ID_9BD9NJHI,train
ID_I5VNEJLN,train
ID_9MROE11G,train
ID_DSFSPTAJ,train
ID_CW3NFZGY,train
ID_XF83JYXM,train
ID_AXG38P8F,train
ID_ZOACH63Z,train
ID_0A3DYUAC,train
ID_CO9D1H63,train
ID_WV4UKDPF,train
ID_59ZCXUDJ,train
ID_RFCIR6XA,train
ID_RV253QL2,train
ID_K5EBQCJA,train
ID_58CF8ROE,train
ID_WNB5MKAK,train
ID_2L8XBK4D,train
ID_ZFKETG0W,train
ID_4Z51SEUL,train
ID_DIRW98DJ,train
ID_1A72GOKN,train
ID_P10PUFA6,train
ID_G47ELPVI,train
ID_R5UNUDOH,train
ID_DZ8XM132,train
ID_A1EO2583,train
ID_MUEUBKDX,train
ID_7SKQEH8R,train
ID_R1LG5T6D,train
ID_2LU3P140,train
ID_9NQDRT6R,train
ID_OG7UVMBZ,train
ID_15EHRNZO,train
ID_M6EZX6MK,train
ID_Q5EQMJAV,train
ID_TZQUOK2J,train
ID_K13I0JGE,train
ID_FZNQNDFK,train
ID_PVRM17ZA,train
ID_K7XUDRUB,train
ID_YWY264T2,train
ID_K5S7G1KA,train
ID_OJO72GDE,train
ID_EA7N1UWK,train
ID_ZN3F8USE,train
ID_DD66BYTK,train
ID_I25LV4J4,train
ID_TX8PAWZ7,train
ID_GO9SBKFQ,train
ID_MNOLB0CF,train
ID_E72SA6WZ,train
ID_CGA3ZY8T,train
ID_S7RQITJQ,train
ID_6VZHEBTB,train
ID_HEA4X2LM,train
ID_YYO3AJZC,train
ID_HJK3IKSP,train
ID_EQ74ARXE,train
ID_ENLYM4KK,train
ID_VJ6KS4OS,train
ID_ILE8XX71,train
ID_SJQSVUZS,train
ID_M8DB31XC,train
ID_ZIAGMZRZ,train
ID_U1A68OJX,train
ID_5EDTRUX5,train
ID_BARZNTSB,train
ID_EE04JOIV,train
ID_UTBXDBKF,train
ID_W3ZONQBJ,train
ID_BPFUEW5M,train
ID_1OFH7ZZH,train
ID_3X3JSDC5,train
ID_7KQSGNWR,train
ID_W1H19S2D,train
ID_8LC2CSGQ,train
ID_7I2NVOVN,train
ID_1H50NQ9N,train
ID_Q092OT4G,train
ID_TEX3RY0S,train
ID_CJDYQM4U,train
ID_C4CZHHM1,train
ID_3G7QAY1E,train
ID_4QBKBUTB,train
ID_D2FXTMQ2,train
ID_H43ZVN56,train
ID_1XYQS2ZC,train
ID_XKHUZD0S,train
ID_NY5O6H87,train
ID_RMNR1JO5,train
ID_BH3XVE5Q,train
ID_9E36U71S,train
ID_VZWGDY6L,train
ID_D4Y5BPTF,train
ID_BG8HMU6V,train
ID_WJE2CSWF,train
ID_IUDIBHQU,train
ID_5JGFAH0T,train
ID_49MPSJOB,train
ID_JDIAZWXM,train
ID_93B2ZJ1M,train
ID_QXIEYWM5,train
ID_THNNYXE8,train
ID_VA0QQT5I,train
ID_7M9FUO7D,train
ID_EEQH78RF,train
ID_BQLVG95S,train
ID_7XLA2V6C,train
ID_Z2UZ6WZQ,train
ID_UFN4AO6M,train
ID_G99S0ROJ,train
ID_U1ZN3TII,train
ID_7GH4E6OU,train
ID_N20CX5HE,train
ID_FBQQ0YA2,train
ID_FSPYJUOF,train
ID_AW1L7ZME,train
ID_TZJ6FGZP,train
ID_B3FRMSKS,train
ID_YR5YVNLL,train
ID_A52OF57Y,train
ID_FJXYT5YC,train
ID_3FT9W81H,train
ID_YJNI63Z9,train
ID_XHTGDM39,train
ID_22XH9XFD,train
ID_K4PZ9CPN,train
ID_UTX3P7G9,train
ID_KV401F63,train
ID_FQ95VWZ0,train
ID_4O7O7WNO,train
ID_ILXVJQPW,train
ID_V9K742KF,train
ID_CKRCZNYC,train
ID_ZLJWBXZO,train
ID_QHS5TDC6,train
ID_F2JAJPAW,train
ID_HWVEPG8O,train
ID_AIEAZF3A,train
ID_ZTU2WNMB,train
ID_MHBVOQ11,train
ID_NKLSFJVL,train
ID_P9H1474L,train
ID_XH83NS6T,train
ID_0IIP4F87,train
ID_0PN2HR4U,train
ID_BNLR34WO,train
ID_73AOEOAA,train
ID_JOEX7CFD,train
ID_7CIQKZXG,train
ID_B6N6A8W0,train
ID_1XJ0CSLN,train
ID_BH1O4IDR,train
ID_TWPW10UD,train
ID_A7UUJJS6,train
ID_VSH7EOFT,train
ID_313GRQ3F,train
ID_MKWHV8GP,train
ID_BOJAN8HS,train
ID_9BE9XC14,train
ID_PX6KKJ37,train
ID_A5YJ5QGQ,train
ID_JIFQ2L6N,train
ID_6EVXMXQU,train
ID_ZNRPK4JN,train
ID_CHNSTEQZ,train
ID_SYL1RP83,train
ID_25H8P247,train
ID_3BVR7NQJ,train
ID_FJLPPVIK,train
ID_P3TH4VHW,train
ID_8SQ7KGX1,train
ID_K427QJT9,train
ID_PTQH9KUN,train
ID_JT4EBN8F,train
ID_EL70Q1KB,train
ID_1OZQ8GGW,train
ID_Z3ISYX3P,train
ID_37TFZ3N3,train
ID_I8MHCNB7,train
ID_22DVLUML,train
ID_XB2E910L,train
ID_ZYNVGLKH,train
ID_8TLS3798,train
ID_VDMHLSSR,train
ID_KE1D5PT9,train
ID_NMBIZUWD,train
ID_Q0FDIQO5,train
ID_HPIFWPL3,train
ID_521WSD4C,train
ID_SCLML7LV,train
ID_MCNWW01B,train
ID_G847CRUC,train
ID_SHNGY12M,train
ID_EHDM6A7B,train
ID_7E7RID49,train
ID_7283MUAT,train
ID_LV4H7JDA,train
ID_ZY2WWDQC,train
ID_1ELOLDWC,train
ID_ZOE9XLLG,train
ID_8K371FD7,train
ID_0Y0J7JVY,train
ID_UVTCIPU0,train
ID_U42YDKCI,train
ID_SBE6HAF5,train
ID_3G8Z7QDP,train
ID_0A1VFEP3,train
ID_BCYTOS1U,train
ID_DL62ZQBJ,train
ID_SI5HJHM8,train
ID_ICMYH9TT,train
ID_0U323BJY,train
ID_CSWYGBN2,train
ID_TW208LOS,train
ID_GSGAT73Q,train
ID_RHHT72BR,train
ID_X6OIJ56G,train
ID_LT27O83W,train
ID_IQ1HF6XY,train
ID_YU68EHA7,train
ID_Z0PSIKQC,train
ID_053YEH6D,train
ID_P6CAGQQO,train
ID_35X6BHJM,train
ID_MZSRDQF8,train
ID_NQ68CH0D,train
ID_E7TGUK9F,train
ID_VQ8ZVRA5,train
ID_LS4W3F5K,train
ID_4ZGQI3AO,train
ID_99SIXOTA,train
ID_G7KTXC8R,train
ID_O6HU262V,train
ID_3XU1Y2D3,train
ID_SD7IR995,train
ID_BF466R6R,train
ID_H9W59FHI,train
ID_GU9P3WAT,train
ID_M7NLQWH4,train
ID_52OKGU5P,train
ID_C0NXH7ZV,train
ID_9QHSPKX6,train
ID_M6ERQBNU,train
ID_K5H5OIY1,train
ID_WNINBQDQ,train
ID_7NKKS3YY,train
ID_DQC7K1WU,train
ID_9A6XUSN8,train
ID_EYY5U9HX,train
ID_YSRR3P6V,train
ID_HP9DGECC,train
ID_CQKUSUET,train
ID_D4S5LROO,train
ID_TJG2GC96,train
ID_KRDS30YN,train
ID_W4SFEAAY,train
ID_LJOLHQI9,train
ID_0OHQDRK9,train
ID_YFVG5OVF,train
ID_XOYNM8TG,train
ID_LA7W9DOO,train
ID_WV5CG1AT,train
ID_6DNI0QB0,train
ID_RUTU8CJX,train
ID_UADFDIVE,train
ID_1JU179O8,train
ID_TID5DNCX,train
ID_FP0Y6QJF,train
ID_0PKXU1I5,train
ID_LLN5DRB8,train
ID_FDB6JBI0,train
ID_OFGQ8FXS,train
ID_L7YSDMZK,train
ID_C41NKCU9,train
ID_UPVDANDW,train
ID_VQYJYPG7,train
ID_IUNVBJPS,train
ID_T6LDWY0U,train
ID_7SU1RWHT,train
ID_KXLKFVAZ,train
ID_57RSRA79,train
ID_OPHYO6S7,train
ID_Z6YVHTI8,train
ID_0J28NIK2,train
ID_WFHB8BLU,train
ID_ACINHHG6,train
ID_QL4FZAEC,train
ID_FA8SP35U,train
ID_6ILFMQQ2,train
ID_QRRUTBBK,train
ID_NDP2484C,train
ID_BXOHC1FS,train
ID_VVIM595Z,train
ID_MD7C25TT,train
ID_UEB7JMF3,train
ID_RK7XIKHO,train
ID_ZB4G0WSJ,train
ID_YF0TH0HJ,train
ID_PFJF4B9V,train
ID_S3D8KI1B,train
ID_OU8SWXYN,train
ID_8KC7O75D,train
ID_7ILWK9UW,train
ID_IVTWGQ34,train
ID_H6H0DJ7J,train
ID_C3D7Z9O2,train
ID_FO1K3UBB,train
ID_LXMQOXKP,train
ID_8XW7A224,train
ID_RWM41X8O,train
ID_VQGBRPZ6,train
ID_0Y70AOSL,train
ID_YQYY41WA,train
ID_X583AHQ1,train
ID_CNKTI5C8,train
ID_EZV311P5,train
ID_ISDX1HWD,train
ID_K0DXEQWM,train
ID_QKAE5YC8,train
ID_MP8F4XGE,train
ID_SJEEGCD0,train
ID_9MBL29G1,train
ID_0I7332AY,train
ID_G3LATMSX,train
ID_KIDWSIRO,train
ID_83GJ6I3M,train
ID_WJ9PWCCY,train
ID_D8O9XMN2,train
ID_77JMGB17,train
ID_QM4BX1Z0,train
ID_DZP8JOZR,train
ID_IMAQK9DB,train
ID_QAIFPVLT,train
ID_E0AERTTM,train
ID_DFZPRK2C,train
ID_S8N2HKNJ,train
ID_9K1R0YFU,train
ID_9EHPSBW1,train
ID_EOP8ZP1T,train
ID_IJKXL0LF,train
ID_R8GUC9ZP,train
ID_FYPKY3V5,train
ID_0BDAL3AW,train
ID_M7IRIF8O,train
ID_GWBO8A1A,train
ID_I8MB6IJR,train
ID_UUXSUUGA,train
ID_B5KOW46V,train
ID_7DWW7O8D,train
ID_D900U9ZF,train
ID_HT3MTNUG,train
ID_NJ4B7IU6,train
ID_UPWACKZI,train
ID_5B57KNU5,train
ID_U58HRYW3,train
ID_NHDBZBN0,train
ID_Q7F9QGGQ,train
ID_FU087JL9,train
ID_TKYAMTUO,train
ID_Z18AVJZ7,train
ID_LD44KIBO,train
ID_KF4S0Y2Q,train
ID_ZOWFUEL7,train
ID_W4IP1T2G,train
ID_I5HNL08L,train
ID_DVGT6190,train
ID_O7M64S9Q,train
ID_OSTXHOD9,train
ID_BICOJ2V0,train
ID_8MIOZHQ6,train
ID_T3DM4LIU,train
ID_3V775IV2,train
ID_WSY07CN8,train
ID_EV32J01O,train
ID_J3WLHOLA,train
ID_613OHTQ1,train
ID_FRTZXU0T,train
ID_W4U2ONMG,train
ID_ERY8MGI6,train
ID_WL5P7XQB,train
ID_GC7RS0LM,train
ID_6U7DJ5XL,train
ID_J7S9DZOV,train
ID_Y4Q0H81B,train
ID_8GQHU0O9,train
ID_XQB44LQR,train
ID_WTAEIBXN,train
ID_AMXQ5RWF,train
ID_C61WD7YA,train
ID_G5VJ70RG,train
ID_JCQX9G67,train
ID_HK30802W,train
ID_4X4U4KB8,train
ID_XEE0GOVZ,train
ID_GJ8SD8IQ,train
ID_T2YOFG96,train
ID_87GWUX06,train
ID_RT1T75II,train
ID_IL6SDZAU,train
ID_MHJ7KRT9,train
ID_W7RV97BV,train
ID_Q0KNZYTP,train
ID_RAMMQYLT,train
ID_DLCQCTKS,train
ID_M0AIUPVD,train
ID_8HVGKM2R,train
ID_XVYGC25Y,train
ID_OG95OX4L,train
ID_0GU0EMAX,train
ID_ZTU3W5KA,train
ID_QDB09D9E,train
ID_T8EZVRQA,train
ID_MX7LW27D,train
ID_1A7S6VZQ,train
ID_JOBIFWH2,train
ID_49SW0NJD,train
ID_5DYNOLDA,train
ID_SV88LK5X,train
ID_A0IYE2AU,train
ID_HAMTTNZ3,train
ID_VMX82A4X,train
ID_XX6M9G2Q,train
ID_WY563CYM,train
ID_1Q1OVMG8,train
ID_FTB1OK2Q,train
ID_RA7B46TZ,train
ID_BO67EM9P,train
ID_V2XW68WN,train
ID_4808I9HT,train
ID_GCDND1V0,train
ID_LLILSTT7,train
ID_2H92JXYZ,train
ID_BE582I4L,train
ID_Z8WKR2S7,train
ID_HRK6LPZ7,train
ID_IG362JMH,train
ID_Y7QGK9MJ,train
ID_VFULQ1DL,train
ID_YFP7SKQC,train
ID_3FHE684H,train
ID_VERFNECZ,train
ID_JUKIT3FA,train
ID_92Z1UOYP,train
ID_H5PYOXG6,train
ID_E7E2HPA1,train
ID_R4UJNT14,train
ID_T3L92VTS,train
ID_JD5XUZJO,train
ID_RCXW4BN2,train
ID_S1IGAEYY,train
ID_GVQK9V0D,train
ID_4RB6V8N4,train
ID_Y1MNH9LR,train
ID_L9B825O0,train
ID_ZKNE2VE1,train
ID_XIQ8W1E6,train
ID_73KZ9PSF,train
ID_P1UDPN7Q,train
ID_C2YK3WMH,train
ID_OQ99VD45,train
ID_IGYMQ0EL,train
ID_1G1FGXSU,train
ID_OT7BVWCR,train
ID_8W2QHSF6,train
ID_121KVDAZ,train
ID_2H3518JE,train
ID_PKLTT4SQ,train
ID_IZCW4A38,train
ID_1MSC93BO,train
ID_AIS4NCFL,train
ID_DG8HBP6W,train
ID_R74QRQ19,train
ID_X4DE2P6S,train
ID_EI5F73UF,train
ID_WGMTMZAM,train
ID_V0FJUP41,train
ID_KVVL5IPU,train
ID_F4K5OF6M,train
ID_IM06QATI,train
ID_JCL7MT10,train
ID_GR8DIAL3,train
ID_PXP2MNFT,train
ID_3O4CT0M9,train
ID_L7KTD9QD,train
ID_MJOKMOD4,train
ID_IMDGSDVT,train
ID_WVIIYH93,train
ID_6XWBIC93,train
ID_3ZVMO8HJ,train
ID_R216M94E,train
ID_OOWX7QH2,train
ID_SLRFUJR5,train
ID_9OGB5IZG,train
ID_IJUR0ZCD,train
ID_KSRY2ARD,train
ID_ADILLKM8,train
ID_QPDM0ECR,train
ID_Z9A2T1HX,train
ID_QRYKK9OL,train
ID_O381J7K5,train
ID_5499ZHH8,train
ID_OTVC6UWB,train
ID_2RJ9T4GY,train
ID_1EF6R23Q,train
ID_POUNU4AT,train
ID_NVVZ9D28,train
ID_XX4A4VOJ,train
ID_L9SZAEVG,train
ID_6RXMLOKH,train
ID_JS4SY9DF,train
ID_9B1YHX2R,train
ID_32O8E5SW,train
ID_MT6MDCHA,train
ID_5LQP0ZCS,train
ID_3F331IKG,train
ID_WZGPPQFU,train
ID_9QVRVRN8,train
ID_UHSVAHRK,train
ID_17YWMQOJ,train
ID_IZSYW9BJ,train
ID_QDRC51MB,train
ID_H5E6STYP,train
ID_U2L7V4YL,train
ID_541HK6WI,train
ID_UF3LFMTW,train
ID_D6DSGL8N,train
ID_IBDWLFDO,train
ID_RPLQF24S,train
ID_5E16ZHYR,train
ID_YRDDTJ27,train
ID_X38DL3FI,train
ID_R0RHMUM7,train
ID_544GAAUL,train
ID_YIJ3QI7G,train
ID_9285GWO9,train
ID_USC9DV5N,train
ID_7M8VFUIR,train
ID_ITO6GQZP,train
ID_PR6UQVOG,train
ID_30CO0JKU,train
ID_6ENEP2IV,train
ID_BOBOC6V5,train
ID_DWA0C36P,train
ID_8KA3VQTB,train
ID_MH89IGN9,train
ID_XUDAG0GS,train
ID_U18YUWOE,train
ID_Y89CWWFV,train
ID_ZT693KHJ,train
ID_HI9B0P8M,train
ID_3FUYY52H,train
ID_40273CDW,train
ID_39DQ16YN,train
ID_5PKI1QPF,train
ID_HRH08W1L,train
ID_S63LT5DY,train
ID_QRTIEGOW,train
ID_KK18H6W1,train
ID_PNSKIEY1,train
ID_K0W92UE2,train
ID_ATT19QMF,train
ID_LHPC2ARX,train
ID_4GAFDV26,train
ID_NWL8TPR1,train
ID_UOSU59RA,train
ID_8OXZ43VW,train
ID_CZB6FYOS,train
ID_IB5VRZ8D,train
ID_X50YQTPD,train
ID_IIT72OKR,train
ID_36SB7IZU,train
ID_0KOXL6GP,train
ID_677E25SR,train
ID_REISAVPX,train
ID_EBZ6VV4X,train
ID_WJJIVPYP,train
ID_DOOP7WB3,train
ID_MZH397F0,train
ID_00MRNJDB,train
ID_IHAM96NO,train
ID_4EAKE0EF,train
ID_GO6V975D,train
ID_KURYBIBU,train
ID_N2P59MTA,train
ID_9F99R4XY,train
ID_EVAE8673,train
ID_EXFXJ5YW,train
ID_9ZYN8ZJS,train
ID_R83RWGW6,train
ID_S13WFXDV,train
ID_AMQA4BYT,train
ID_47HLQ4PV,train
ID_7D0I7EG3,train
ID_TG25GLWW,train
ID_X24TU4R0,train
ID_TY3YFC73,train
ID_UBG8HN66,train
ID_5R9CM4DE,train
ID_PK1N039D,train
ID_GL0SBEW5,train
ID_VR8SUL50,train
ID_TVYMQ9MA,train
ID_OQWV6JUL,train
ID_YTRU1102,train
ID_NUWA6QGJ,train
ID_TUSEUDKO,train
ID_BNT17E8J,train
ID_KQIWEO79,train
ID_0UTJWUHR,train
ID_8GPNX5S4,train
ID_9R9OAP9R,train
ID_RHVT0R8M,train
ID_P66UZLQH,train
ID_7EA9CZCT,train
ID_0A2WNAAT,train
ID_UXLOWYMA,train
ID_MU72IGXA,train
ID_0AUFKEWE,train
ID_G907KKS8,train
ID_ZG8U6ZM2,train
ID_NIAGO9H2,train
ID_V2KZBBBY,train
ID_SHJLNULU,train
ID_RR82N4HB,train
ID_MCA6BKYF,train
ID_IUZAZF3B,train
ID_CFYY8Y75,train
ID_9LYLBWQQ,train
ID_WT6J8IXV,train
ID_8GJUES89,train
ID_SUMO0MGG,train
ID_68X66ZWC,train
ID_LT2D5FGG,train
ID_05V8XX4L,train
ID_ZKJNE59O,train
ID_KESIR74R,train
ID_YY814HRX,train
ID_6EQKZCJL,train
ID_FJ3V63OV,train
ID_33513XUY,train
ID_UG2FVF8D,train
ID_CAP2C6MU,train
ID_92PH7JX3,train
ID_IANOAZAY,train
ID_HSPDFXA1,train
ID_E9JSPXTM,train
ID_93DPNRF7,train
ID_H68W2HKH,train
ID_HVBZ60ON,train
ID_8XN0NDS8,train
ID_3DQTPSIU,train
ID_N275IDX8,train
ID_9ZFSZ44M,train
ID_GWEDVMK2,train
ID_85OT3CSZ,train
ID_9P0L5EVC,train
ID_F4XKBTA1,train
ID_TH6BK19U,train
ID_0I2GKL6T,train
ID_I9GMWM1G,train
ID_Q0FOIJ3E,train
ID_J46733FT,train
ID_DPECF8G7,train
ID_1UG2BFBA,train
ID_UHT733JJ,train
ID_4FI5PXVG,train
ID_8WR93OTI,train
ID_GTEQLWNC,train
ID_DN9O5IB6,train
ID_D210MKZ8,train
ID_WUO1HMOD,train
ID_CHJH5A4S,train
ID_33ZPXCZF,train
ID_1LYK1R6O,train
ID_OEMKWVGR,train
ID_FG7A1KJR,train
ID_SFAKWJR6,train
ID_2VKQSB17,train
ID_1SESN94Q,train
ID_6CTEI6TG,train
ID_7G9V3LG0,train
ID_XQTUB5EN,train
ID_EOFX4G0V,train
ID_P7ANBEFB,train
ID_8PX1IBUI,train
ID_7HHPFKE0,train
ID_EGMRBT1N,train
ID_GJOGB9P0,train
ID_1M63OFY1,train
ID_OA9ES5HG,train
ID_4F613FF4,train
ID_WC2RQCRL,train
ID_9SSCG33M,train
ID_NF7H26E7,train
ID_7LJNIGIC,train
ID_59MMIQEB,train
ID_VTXAWVXQ,train
ID_A1WJ7WKC,train
ID_468AUOQP,train
ID_WGBE8U5F,train
ID_MRLDS0VD,train
ID_UN3ARG1Y,train
ID_JVK9DT36,train
ID_MBPK2O2L,train
ID_DPWLJ8K2,train
ID_5VBG4Z02,train
ID_4J55WK8L,train
ID_XVPHSFD9,train
ID_YHJ424OS,train
ID_YNG4U096,train
ID_0TLGIWM8,train
ID_MYSVXM1G,train
ID_W1X9PTKR,train
ID_9VY0UN5A,train
ID_00ZJEEK3,train
ID_02QMTIAS,train
ID_BQCX70E7,train
ID_O582YZDT,train
ID_LZ750213,train
ID_H5Q33T9V,train
ID_W6XT7C9T,train
ID_QT1DT283,train
ID_HRUPZUJR,train
ID_UAT1DSVA,train
ID_3JN1H9N8,train
ID_1M7TR4W1,train
ID_QP3H1ASS,train
ID_XPP6NFES,train
ID_8UNRNA0A,train
ID_5P6Q0Z0W,train
ID_E4GA9QKS,train
ID_PNU9OMWR,train
ID_60JCZDJQ,train
ID_8SPVNRCF,train
ID_DJXMJ6TD,train
ID_TIA9AEW0,train
ID_9196BNGC,train
ID_MS3BKAOB,train
ID_B4K4KMKM,train
ID_GP5WQHOW,train
ID_ZC5KRWIH,train
ID_OMUMXBZE,train
ID_TRGFE9E0,train
ID_6Z8IW9AZ,train
ID_B23E630B,train
ID_Z9O4Y936,train
ID_VMUDQ1KJ,train
ID_WGB0D1I4,train
ID_L2H8K5YR,train
ID_YAW4SKT1,train
ID_LO1N7EEC,train
ID_BHZ3J8G3,train
ID_F65VTG4L,train
ID_PPUCLFH7,train
ID_28VDR1YC,train
ID_PY5UVH8A,train
ID_E3LL7ZPW,train
ID_DBLSWD2Y,train
ID_OWRE3V6Q,train
ID_6WWNPMDJ,train
ID_HA9B8DKW,train
ID_2II6UE9H,train
ID_9OOYJHZT,train
ID_XE8YLHE8,train
ID_7GNBSXY0,train
ID_TP29YAMH,train
ID_L24BX0SE,train
ID_D8QORQ65,train
ID_FUEU1CF8,train
ID_EDGR8P9Q,train
ID_Z8I6541N,train
ID_G2JW8S1I,train
ID_JHXCBU26,train
ID_N0TSV16G,train
ID_RYVZW85O,train
ID_9LWZPJIZ,train
ID_OJCE1UER,train
ID_UB72FU2U,train
ID_2GNIY9MF,train
ID_EAXRWPK3,train
ID_7UBEKE6Y,train
ID_8FGWAT1Z,train
ID_6TJ5S78V,train
ID_41RR00Q5,train
ID_XEDPMV9F,train
ID_7TWDRSJM,train
ID_PAX695KW,train
ID_EE4MPGHG,train
ID_1LAKNH3S,train
ID_CXFPAROB,train
ID_3NJQ0XL0,train
ID_2N0KROTK,train
ID_222IFF19,train
ID_BU0CKCCI,train
ID_BIRRIM15,train
ID_C6UPY16Z,train
ID_UO480TA0,train
ID_1I0XAT8J,train
ID_8GUG8THQ,train
ID_NK5GJP10,train
ID_II4IO7HK,train
ID_73ZR6YLK,train
ID_VRLTOLJ2,train
ID_LO9B6C4Y,train
ID_6MYT4MMD,train
ID_088WOONR,train
ID_X3DWWG0A,train
ID_3UA2FH7A,train
ID_F9FIBVMW,train
ID_SGRHOAZ3,train
ID_JGB3INUK,train
ID_Z7NIQV7B,train
ID_Q07LWEY9,train
ID_L64SIUHV,train
ID_0EVKMRQ8,train
ID_1XZT864H,train
ID_MPL8WGJM,train
ID_GF72ORVT,train
ID_OADW40V1,train
ID_CDHIX88U,train
ID_431X1D0K,train
ID_FMJ3JBB7,train
ID_AZHTNHBJ,train
ID_AOZB5V9F,train
ID_1HAWG06I,train
ID_1LF5N5PI,train
ID_ZREA09ZQ,train
ID_TXO0KF3U,train
ID_U3MMS2MF,train
ID_Q1EWIFPL,train
ID_UJM9C45P,train
ID_5R5J5H6Z,train
ID_S0NQVFL0,train
ID_W8MYW8HT,train
ID_UDNSJHL6,train
ID_4U0W3T0W,train
ID_VJQ9PFA5,train
ID_D93IYLVE,train
ID_WF630Z67,train
ID_YA7RLPX5,train
ID_5U6A29TT,train
ID_J2AQT1U4,train
ID_UHHCS6XZ,train
ID_XPGKJEVG,train
ID_0Z6L0WFX,train
ID_51QA7A58,train
ID_OF163WW6,train
ID_3BQSJM2K,train
ID_V2RT0LU3,train
ID_LMFW5UM0,train
ID_81PKCRBS,train
ID_3L2QC6KM,train
ID_Z03HOW4A,train
ID_4WL9UNNM,train
ID_L0ZNYRDC,train
ID_LOM7JF6U,train
ID_PDTYMXT0,train
ID_SUB2WEQZ,train
ID_C87D5TD4,train
ID_2L1WNB9C,train
ID_976I8BWC,train
ID_PTPEZJV7,train
ID_ERUPCVY1,train
ID_C13LHSXM,train
ID_90E6SWJ0,train
ID_VFA0KCQD,train
ID_KHYE23UA,train
ID_8IO5QAV8,train
ID_4O3KOIUP,train
ID_1Q8T1DUF,train
ID_P6001599,train
ID_BMUXY9LJ,train
ID_FPXMV8JV,train
ID_VB9027QF,train
ID_AXARM8XD,train
ID_1F86YWH0,train
ID_5704TKK6,train
ID_MZ67OEYB,train
ID_0L8R09S8,train
ID_8DZYRADL,train
ID_CFNJDCRU,train
ID_RTZN7UBP,train
ID_W1UXOID0,train
ID_ZPGOIPQB,train
ID_EZRQ808E,train
ID_966V885I,train
ID_MIZSQSVI,train
ID_FX3KPUGI,train
ID_0AOJVSAR,train
ID_KER4LL0Q,train
ID_KYUIJSMJ,train
ID_AICKRVZU,train
ID_0GEYMP1F,train
ID_JSIFLWXR,train
ID_O1NUFH8A,train
ID_E4JOD2I5,train
ID_2WAHA60I,train
ID_RQIWVGHG,train
ID_XBYO89AG,train
ID_JQ3H6M85,train
ID_7RSX7YN0,train
ID_URW4B0BS,train
ID_O2RT2C5Q,train
ID_22OVVSNR,train
ID_9BBGNHPQ,train
ID_0XXWQSXU,train
ID_TNL6BMAW,train
ID_SET443ST,train
ID_P49533OS,train
ID_DPMQTEW5,train
ID_DLARJ8QK,train
ID_7ZHVXJRP,train
ID_5J7PRT7E,train
ID_22HSLBMO,train
ID_GOCGQAMK,train
ID_NZQDOKQ3,train
ID_OP6XI5AN,train
ID_HTE1MTBL,train
ID_BMFD795O,train
ID_UEDQZRPF,train
ID_FXL1EWH4,train
ID_G44OUYHD,train
ID_IQ528JHD,train
ID_0PJ3T1P5,train
ID_KNUKPD6N,train
ID_0GYIU42J,train
ID_HINPPMGU,train
ID_HKWAFOJR,train
ID_ANDAGZLE,train
ID_12SYDJBX,train
ID_YD1EQ7XB,train
ID_G9CTAA9M,train
ID_4OAAACDD,train
ID_CESERZTS,train
ID_ZWXFOQ59,train
ID_9R5UXMQO,train
ID_IT2IVIUM,train
ID_ZWDBGPTP,train
ID_PJD8QLUD,train
ID_E83BYMZD,train
ID_0PX63T72,train
ID_01PBWKEC,train
ID_0K9S6LM8,train
ID_BUYWLERX,train
ID_WTRMV4X0,train
ID_8OQ60ZAT,train
ID_8OTG8QS1,train
ID_UZGWOZ15,train
ID_3SO82X7C,train
ID_QF539J89,train
ID_YABL6QT4,train
ID_MZT9X54J,train
ID_B42EUZ3W,train
ID_4GAAPTAS,train
ID_RHDPM7BQ,train
ID_DBADTO1N,train
ID_6B17ZWYC,train
ID_5U2VLAIF,train
ID_2LH86AUZ,train
ID_4X1GW403,train
ID_URT5N2NV,train
ID_JKZUTLGI,train
ID_9G1PF03P,train
ID_R95S9IEN,train
ID_H6JDV9FT,train
ID_EL4YB5G7,train
ID_Q7X61648,train
ID_R8N28YC5,train
ID_XSC3M3RK,train
ID_T4CO0WZQ,train
ID_I2N45ZY9,train
ID_E17FZ9E9,train
ID_MLPASUPX,train
ID_GCGPN2ZQ,train
ID_D3560EBE,train
ID_ECXRZQSK,train
ID_LIYJ9PZX,train
ID_OVDFFMI3,train
ID_WF34PQ80,train
ID_C5YROHJM,train
ID_ILWRPL61,train
ID_DUE6Y4QS,train
ID_6O54EISH,train
ID_ZMF5HKWE,train
ID_K829DPF4,train
ID_O7FSPXKS,train
ID_MEWT3WP2,train
ID_E3VNL1SA,train
ID_F20TFV0X,train
ID_PD4BZTLU,train
ID_AG2JBLO7,train
ID_CUJ615SX,train
ID_WPWX6ABQ,train
ID_M1IG80IX,train
ID_Z4WWDQ5H,train
ID_SB06XPNC,train
ID_14RV32UG,train
ID_L1P5PFO4,train
ID_LTHYZVNH,train
ID_NN9I4PD2,train
ID_YQYGST7T,train
ID_W6JS2PMW,train
ID_44KNKG0B,train
ID_64UPGDEN,train
ID_360A9WWR,train
ID_ITLULZYX,train
ID_8YK3V5UE,train
ID_Q4OPCIOY,train
ID_9X2SVTX8,train
ID_C86YTXK4,train
ID_1H5B8NSM,train
ID_X1VOBGXE,train
ID_RFT8M1II,train
ID_KVAFGCWB,train
ID_LE0M2C20,train
ID_EDS6J1KW,train
ID_0EWH52UA,train
ID_4TIFY7OV,train
ID_B7V3HO3P,train
ID_WBP3JKO7,train
ID_ENFEQ72B,train
ID_BNKVM2BP,train
ID_5M9MSFAD,train
ID_195BIXUI,train
ID_IDLQKOVP,train
ID_6VVPW69L,train
ID_X7JPSDI0,train
ID_YSMAUJ9X,train
ID_UXDMYEGP,train
ID_UNHEQKLX,train
ID_Q06A1LWA,train
ID_0DUKI1H7,train
ID_PSQDN1XL,train
ID_PYLE1PI8,train
ID_RLX9UEEW,train
ID_7XI09QTH,train
ID_TL89G367,train
ID_AH2Y7D59,train
ID_FK74D4TP,train
ID_YW3528LW,train
ID_8TUB4VX9,train
ID_2LKGA7ME,train
ID_88I8CFTS,train
ID_WB982M7D,train
ID_1I6LVEQR,train
ID_QD3QR551,train
ID_BPDINOFK,train
ID_38KM0RVU,train
ID_N2QJEJCE,train
ID_M99RVGS2,train
ID_72VSYYLB,train
ID_B79VZB8D,train
ID_PF5EJFSB,train
ID_YIE8CCLH,train
ID_TG3ZCK61,train
ID_SR6XK5IO,train
ID_AUTI3IWM,train
ID_ZMCHIOJP,train
ID_YAJZB0XN,train
ID_NI0KH58G,train
ID_9IL7E9Y8,train
ID_0A5TZZJV,train
ID_JOTK0RJJ,train
ID_159F8L4G,train
ID_W6LW8V2V,train
ID_P3YBOV1V,train
ID_94GC2M3Q,train
ID_GROEGUFX,train
ID_HX6KDN7Y,train
ID_CG6H37KA,train
ID_6X2WZJUK,train
ID_67IIKY8R,train
ID_JQOM3KHQ,train
ID_TKM3TY6M,train
ID_DPXD81JU,train
ID_X0SW2W2Z,train
ID_V0MIJTF7,train
ID_J5Q8OO0S,train
ID_VU2JL7DY,train
ID_5GLAOBDH,train
ID_2974WNBK,train
ID_2YU9BNS4,train
ID_QXULGONS,train
ID_OM86Y2WI,train
ID_PRHLGB3R,train
ID_Z37138UK,train
ID_I6E3X0FH,train
ID_J1HCF3FO,train
ID_VP7UQ18P,train
ID_NG0BTZ1K,train
ID_QPDE02QE,train
ID_Q9DTX4OC,train
ID_RCHRQQL2,train
ID_S0LUS3K8,train
ID_0ISQ6OYQ,train
ID_HZY96XTC,train
ID_JWDY604E,train
ID_QIQQJK6U,train
ID_3WRVXHXL,train
ID_SI8ZCG9L,train
ID_FC8JZDIJ,train
ID_B70DGOWI,train
ID_7B0ZAZ4C,train
ID_12EO08H7,train
ID_ZXWJLELF,train
ID_HWH6C1CW,train
ID_KKHNV5FO,train
ID_S9Q73YVW,train
ID_PX3QZMRV,train
ID_UQGHH7TC,train
ID_C11KO2RG,train
ID_MJEL4E4G,train
ID_6EFOYN26,train
ID_BJ3TZKL4,train
ID_9ZZWJK2B,train
ID_ZDS2K954,train
ID_D51LQFQ3,train
ID_43O5OZA8,train
ID_CQWTAQE3,train
ID_GHMMMOJT,train
ID_ZZJ0AP5E,train
ID_BOPO5PYE,train
ID_XRFHAER0,train
ID_THW2TRO6,train
ID_VI0UKYEL,train
ID_EPOW3JJD,train
ID_RXA0VCBI,train
ID_IRSKGNOT,train
ID_T3934QEE,train
ID_64BGJKNS,train
ID_H0X3KBQG,train
ID_TFLUE13H,train
ID_I0EJUFNM,train
ID_2PYCZVSQ,train
ID_9L231P78,train
ID_SOYIXA6M,train
ID_Q8QDU4NW,train
ID_JMBZ7GF9,train
ID_HZIZBUBZ,train
ID_IO81VXPA,train
ID_SJKMR8C0,train
ID_96C3V5QZ,train
ID_6YW31ZC1,train
ID_W1L75Z02,train
ID_IFKMCHY1,train
ID_GJFH78ZQ,train
ID_YJED655P,train
ID_01GTBQGQ,train
ID_JU2VWWOK,train
ID_DKQRQHZZ,train
ID_BJR22JOQ,train
ID_2RTUIIBU,train
ID_5D65Z9Z2,train
ID_V4DNLX7I,train
ID_2FCISU5E,train
ID_DCVPJPI3,train
ID_X5WVYWA3,train
ID_MINZSB3T,train
ID_CT5PT38C,train
ID_ZNAEUG8W,train
ID_ZOP6RVFB,train
ID_OURLX313,train
ID_FK0XXQEL,train
ID_BIQJDRUC,train
ID_1B1RYDAD,train
ID_O1AZTQYH,train
ID_0OCON8CE,train
ID_HNKTWHLL,train
ID_6LFC8RM6,train
ID_D0RGX8A8,train
ID_5X9H17DN,train
ID_0K7A8X0O,train
ID_18WK5ZDK,train
ID_N1DEIOJD,train
ID_W5ZYF12W,train
ID_2FYP4GA8,train
ID_4Z9CMZRV,train
ID_L56G59SI,train
ID_2AX9X1N1,train
ID_RGSPPNCD,train
ID_8QH1I1K9,train
ID_GJXA9P6Q,train
ID_EN6YGW87,train
ID_J2I8NYA4,train
ID_R0TLF0RG,train
ID_V388OV1X,train
ID_5TU46UMC,train
ID_9EV8IXUF,train
ID_ADJGLNVI,train
ID_U7MSYT80,train
ID_X2BM49EH,train
ID_3BRBPVZV,train
ID_Y9EPGKBA,train
ID_X06ZMQ9N,train
ID_U538MCZC,train
ID_JT5DH1UD,train
ID_O6E7MZ2J,train
ID_1XTE2BED,train
ID_8X8TGGT5,train
ID_6HPDT53I,train
ID_3TI4QI8S,train
ID_Z5RE6YE9,train
ID_68KGAI89,train
ID_GWDBFDDI,train
ID_KCI6LBAU,train
ID_IC892DIL,train
ID_SB3CN66J,train
ID_IZ9O0GX4,train
ID_A72AKUZF,train
ID_S0RFS5G2,train
ID_RY49L3XQ,train
ID_KJOCZ95S,train
ID_L5SW6PIU,train
ID_LM66K429,train
ID_DHE6VCY0,train
ID_OW0PF8JN,train
ID_DDPOYLMX,train
ID_CZ3VDJA7,train
ID_SFFAURHA,train
ID_T0T4UA5G,train
ID_38Q8X3FC,train
ID_8H1AKZ91,train
ID_T11YDU4J,train
ID_CBPYP4WY,train
ID_T85UHWJB,train
ID_JPIZVXQ8,train
ID_UR8EV4G5,train
ID_IB9PAATL,train
ID_W356DSG9,train
ID_19J38BUS,train
ID_EMLBSFCT,train
ID_7WW1D3A5,train
ID_7EZONSWB,train
ID_Q9132GDQ,train
ID_LE9FITOO,train
ID_GX3IDE3O,train
ID_6QKZMF5G,train
ID_WS9DSRE4,train
ID_BHZILXCI,train
ID_RAULQ5XL,train
ID_DGQSQPOX,train
ID_FR38U66I,train
ID_ZIF8D24H,train
ID_4OS4H5WR,train
ID_YQDYM8QR,train
ID_GIEBPZ5P,train
ID_F283FH6B,train
ID_LWIV51IA,train
ID_P1ZOBM0R,train
ID_8DJ68COV,train
ID_60IES16I,train
ID_LNKGV2VR,train
ID_KHFX5MPM,train
ID_MK9MAL4B,train
ID_YUVSDWUJ,train
ID_152IANUI,train
ID_630V42JG,train
ID_D2J3UL9V,train
ID_SB3E6KRZ,train
ID_JAMRVLJC,train
ID_CHHMXMDI,train
ID_DKZVR3NI,train
ID_5KG6ZA3R,train
ID_V5F4IPN9,train
ID_O4TB2M75,train
ID_P9I4I2VM,train
ID_H8J043BJ,train
ID_0TAGNPUR,train
ID_NI4JZEIU,train
ID_LUGXY5OD,train
ID_MJFQUTV0,train
ID_3HNB3TXB,train
ID_PR6STLM3,train
ID_8FJ2FJDH,train
ID_CCTUG9IO,train
ID_LJUVFONU,train
ID_AL7J2ZCP,train
ID_TBROPHZF,train
ID_OT52B9VY,train
ID_875EA797,train
ID_SZHMG0UT,train
ID_HNDKRTFQ,train
ID_217V8SLR,train
ID_PVDTY0HY,train
ID_17Y3OG9B,train
ID_4XP5EA5H,train
ID_8PE0LHI3,train
ID_FO8WICB4,train
ID_I3RDPPP2,train
ID_R4X9NMYS,train
ID_EP1INU8F,train
ID_THBDQKTR,train
ID_VC6188SY,train
ID_ZBB73YBW,train
ID_FB9BZOFT,train
ID_EKHYBZIY,train
ID_JMXQRRJ0,train
ID_KBNFTA9A,train
ID_4NILW9CB,train
ID_KW3B9Q2S,train
ID_RN5VVFBM,train
ID_192637DJ,train
ID_HBRKN1SG,train
ID_4CCR6I3U,train
ID_6269W5ZY,train
ID_D6BMOR3L,train
ID_YP4Y9NOF,train
ID_U9FBB7VM,train
ID_CR6O9PNQ,train
ID_0RBHGJKC,train
ID_DKXNR1QP,train
ID_ZHKU1DP8,train
ID_93OU92JG,train
ID_XHR51F4H,train
ID_SV6ZAKFN,train
ID_JP2PH1DG,train
ID_BB711Y2Z,train
ID_L1GISNZH,train
ID_LU5HDNNR,train
ID_BL5NBJX9,train
ID_F3UCQ09O,train
ID_9DCU99YM,train
ID_R9Z4OQ72,train
ID_0OFQ3XLO,train
ID_T4UVJCJI,train
ID_2HVT23U0,train
ID_SA09MATC,train
ID_7F0KJQSA,train
ID_KSM1AELT,train
ID_816J1IDS,train
ID_BHDHIVH7,train
ID_OWS6AJAH,train
ID_4NOL31FP,train
ID_XO7HA3JQ,train
ID_GU0BRJQL,train
ID_0LK73809,train
ID_RIFASNBW,train
ID_MR95U70P,train
ID_9D18Y2SD,train
ID_ACET3TPF,train
ID_2V2HDNU9,train
ID_AV85SPUU,train
ID_WBS00EU5,train
ID_03S2KWXB,train
ID_GU4HKNPT,train
ID_BOGDAATI,train
ID_TKD1A2AY,train
ID_LCDBN8ET,train
ID_KCIMOSWY,train
ID_61U7O9SK,train
ID_ZL9Z7OH3,train
ID_Y1XECFL7,train
ID_Y81CQ21R,train
ID_XKXZC3YU,train
ID_X59X201Y,train
ID_1YPYRAQ7,train
ID_N7N7G4ZF,train
ID_BACMO2K3,train
ID_BGP5VRZ2,train
ID_KXCCQR5N,train
ID_WTG5N5T2,train
ID_GOECDPFN,train
ID_VYOOUV1Q,train
ID_XVL0Y5FF,train
ID_KL7VSAN6,train
ID_174IDOSR,train
ID_H7RV5XXP,train
ID_GRELBA6O,train
ID_VLG5P9YN,train
ID_9IH2NMXR,train
ID_X2ZC0Z1D,train
ID_NGNYSU0I,train
ID_A6FGL70B,train
ID_0QBQ5USM,train
ID_TSSPU515,train
ID_O8G1Z4E7,train
ID_LRIGORA4,train
ID_23YQATG1,train
ID_UDCFEAO7,train
ID_0N0KR9DH,train
ID_4FD7RRF9,train
ID_6YE41WJ6,train
ID_6ZRMUSRN,train
ID_E6N10ENT,train
ID_99CZHKF4,train
ID_1XJRMS2E,train
ID_6BAF99SU,train
ID_6R7GRF7X,train
ID_CEE26L3E,train
ID_F03ZI2IS,train
ID_5IKW2W2Z,train
ID_HN97AJKP,train
ID_A32QBCMM,train
ID_NNZ778RQ,train
ID_Z42YNW9G,train
ID_V40KESF5,train
ID_APM20SWO,train
ID_T48ROYAG,train
ID_IMJ0QPBA,train
ID_759ZAA93,train
ID_ZCIIVFE7,train
ID_IJ4SD9LG,train
ID_Q6LG4DLF,train
ID_PK94A513,train
ID_KNNQQA6Y,train
ID_5PUU4YW5,train
ID_L90C4GX9,train
ID_MXCFGIRL,train
ID_47HGHAI0,train
ID_9QAIXPB9,train
ID_TKA460SO,train
ID_3IFZZLU0,train
ID_Y75MR9QZ,train
ID_GR1E96DH,train
ID_IKVF0R5D,train
ID_KT2MZO4K,train
ID_R8NW1OUP,train
ID_OGT869D8,train
ID_1BH61I6S,train
ID_4J2T93ZN,train
ID_QQVR7538,train
ID_GBJQ63Y0,train
ID_9T9UJKZ5,train
ID_BJZNW20Q,train
ID_Q46YMYHO,train
ID_V19FL0IY,train
ID_2ENQTK42,train
ID_ODI26UAE,train
ID_1N2O1CW8,train
ID_P7BMR8DK,train
ID_Y8FWH6IH,train
ID_GO5VDKBP,train
ID_2YC5ZUX9,train
ID_N3QBB4AZ,train
ID_05RNMNZ7,train
ID_T2F727XM,train
ID_MZ1LNEY2,train
ID_HB1TFH16,train
ID_RH1B946Q,train
ID_UCNQ64PX,train
ID_W8A4A6N2,train
ID_JP7HUCN5,train
ID_LYKJA94V,train
ID_QXF5L6EQ,train
ID_3SFNQ68R,train
ID_LWELFM3F,train
ID_6M0PX0JJ,train
ID_06V6BV8A,train
ID_031DO3Z9,train
ID_B6RI15F6,train
ID_KNHSLG16,train
ID_8541DJ4R,train
ID_CRN3TLES,train
ID_B227WR2K,train
ID_GGT8BWFU,train
ID_GDR6QXSI,train
ID_6BMJZ2PV,train
ID_LZE078ZN,train
ID_FQPQ08NH,train
ID_LRXAMNBW,train
ID_B99A1LJ9,train
ID_YLRM0PGD,train
ID_ZMO7QE7A,train
ID_GTQOFEW2,train
ID_IYOIC06Y,train
ID_44TA3OM9,train
ID_O0PKTYHJ,train
ID_6GIM4IIW,train
ID_YM3IUEFU,train
ID_Q7HKW11O,train
ID_V08Z3VBJ,train
ID_PKRS6EO8,train
ID_XKBKRZ9D,train
ID_VMF56M8W,train
ID_85BUPR4S,train
ID_6V27K3QV,train
ID_9O9U2QW5,train
ID_30WYXBRG,train
ID_1UFV1Z8V,train
ID_SSLH3874,train
ID_F6DQZM9P,train
ID_H22UGBT6,train
ID_VHSAGQT0,train
ID_HOQEIPZU,train
ID_NTIDB1K3,train
ID_B3ERQHGP,train
ID_C1UIP5EP,train
ID_YQVUS9WZ,train
ID_GIPUHPZF,train
ID_XY0ZK6PD,train
ID_U1E824SY,train
ID_QMFV1V93,train
ID_BJ518OOH,train
ID_8ABZHNB7,train
ID_6XL7MR5K,train
ID_9H3N37GO,train
ID_TYCUYHRW,train
ID_DY3TY0YC,train
ID_8VS92U8D,train
ID_L2B5PGWQ,train
ID_73B2S7N8,train
ID_R51YAZ80,train
ID_RKPLIN6M,train
ID_NDUOX2A7,train
ID_GPSRPCGI,train
ID_EDGXDXL6,train
ID_HVAFHCT2,train
ID_4PCWGDD7,train
ID_51I7HG64,train
ID_B1YVYKT2,train
ID_ECU4YWLS,train
ID_VXJCMLJN,train
ID_VFARTHEB,train
ID_7R5AGQB3,train
ID_TL2ELPZ5,train
ID_GY85KIRB,train
ID_N8JWV06D,train
ID_NXOGROUX,train
ID_2DBGZV3P,train
ID_1XILGKWN,train
ID_49LHX1VX,train
ID_U0OI7ZFC,train
ID_73GDUJHH,train
ID_NRO76CZP,train
ID_5OHQSQXG,train
ID_APLYVTP1,train
ID_75AEM4U9,train
ID_EL48GXAE,train
ID_DZILI8UE,train
ID_XDQKDUAG,train
ID_TQPC4RG9,train
ID_BJ5U0I51,train
ID_LZZBKMPQ,train
ID_SFDGC1SD,train
ID_T8ERGURS,train
ID_CSXC1FHQ,train
ID_U1IBK9ES,train
ID_57K4UFQ7,train
ID_A6PDKKK6,train
ID_3PAEE2CB,train
ID_I9LPA6HK,train
ID_9S22VS9F,train
ID_D6DQU3KI,train
ID_QR3R15G0,train
ID_9G9O8HCB,train
ID_6V9UIQXW,train
ID_T3UBM65A,train
ID_CX7LI13K,train
ID_UMPJWLGQ,train
ID_EVNFVMJO,train
ID_PBXPJFQ2,train
ID_S5WK3GOS,train
ID_H6HUVG80,train
ID_T923WR0Z,train
ID_S03MS4UD,train
ID_MOKJ0AAJ,train
ID_3OPP2AFW,train
ID_V80BIATI,train
ID_439HCQXK,train
ID_GBOIVENX,train
ID_H2DDMZYL,train
ID_NR4YZXSV,train
ID_AO0L7GYX,train
ID_B55KCJ7N,train
ID_MU2KG8GQ,train
ID_A8CM1X6J,train
ID_JBG4H72M,train
ID_OT75HK6V,train
ID_4TS5KYYB,train
ID_UYW46G0P,train
ID_KLJDAUDJ,train
ID_7NX5V7LM,train
ID_APLL6SI6,train
ID_VTZCBJDH,train
ID_O9S0ZOWA,train
ID_KAY5POB8,train
ID_VHDYNHPV,train
ID_FULSLZBZ,train
ID_DKAZ3HK1,train
ID_74PSWGMX,train
ID_1EE8YZHZ,train
ID_DGLUONIG,train
ID_28CHPSXJ,train
ID_04YSJO0D,train
ID_XEMG90OT,train
ID_JM10Y7XP,train
ID_38M7YCS2,train
ID_CJBJI88K,train
ID_6IUS8E7U,train
ID_4N1VLYLD,train
ID_P3GWUPSC,train
ID_IC2DE40M,train
ID_5O7MLN5C,train
ID_FZ4WGAJX,train
ID_HNA33STQ,train
ID_QOKOGYFN,train
ID_FSECIZY7,train
ID_KWXNOQ4B,train
ID_03X3A0VG,train
ID_BXDJR74E,train
ID_1SLCRP3U,train
ID_NRGB7FSU,train
ID_V88LV9QM,train
ID_Z79YV7CU,train
ID_8WE074I6,train
ID_5G0P6Z0X,train
ID_YV9QPXVI,train
ID_LKYIE8WQ,train
ID_OIGS7HRI,train
ID_NY9XUL72,train
ID_A3Z003TM,train
ID_EYKAECH7,train
ID_YULQ1F14,train
ID_2IZLXLJV,train
ID_TXOMCU5L,train
ID_BNMNTI5R,train
ID_YZ72G4N8,train
ID_YRNXIB29,train
ID_EMQ3PYZR,train
ID_3TM3SP7I,train
ID_UAM0KCKW,train
ID_8H5LMDK7,train
ID_DUTKNKAV,train
ID_DF7WL9C3,train
ID_76MKQ95M,train
ID_0NYVMY7R,train
ID_OE0G6H91,train
ID_EXH9AWXF,train
ID_P2376CFV,train
ID_0IZWYNC3,train
ID_4Q2PJH7J,train
ID_K9MBIXA1,train
ID_VJG114OP,train
ID_MZXXSY57,train
ID_MYKZ7CFK,train
ID_62J3PJ1U,train
ID_CRTQHWQR,train
ID_41B8TBS4,train
ID_CLQ6L5UY,train
ID_0PTOD6VV,train
ID_XWH4N515,train
ID_K9NNHDFX,train
ID_3UPRMVUN,train
ID_7OQUGYFT,train
ID_YE23W4P5,train
ID_RUAW106S,train
ID_W6O3HZKF,train
ID_QTXV3O9Z,train
ID_WADIA5PD,train
ID_4CJ1FNHV,train
ID_GISBPFYB,train
ID_XH4NCU8I,train
ID_ME9X7DIR,train
ID_3Z9JX001,train
ID_YEVDBIHS,train
ID_66CVLJ1D,train
ID_ILM7Q89A,train
ID_05RP4HTY,train
ID_H30Z8AG4,train
ID_PNEWK8JI,train
ID_CVOYQGA5,train
ID_B0Z00CB1,train
ID_FGQASSP6,train
ID_0E0VQT6C,train
ID_DJLBZFWH,train
ID_4CYFANEQ,train
ID_JI8YUTID,train
ID_NVKIX7QC,train
ID_CKTUWMN6,train
ID_DOWCQBRK,train
ID_SO2SQMW1,train
ID_DQ5YJH6A,train
ID_KRU13CIW,train
ID_ZL1OVOG4,train
ID_SCCXIF3Q,train
ID_GJJ9ERVG,train
ID_Z7MJV87Z,train
ID_9HS2PGNQ,train
ID_8AB2Z8A6,train
ID_WILUC7G8,train
ID_ACUUF73X,train
ID_54CCYUIS,train
ID_S2TRH6ZT,train
ID_L9IHK4Y1,train
ID_UG1WMA9S,train
ID_KXW21KN8,train
ID_ETJ3TGJ5,train
ID_3B45MKQN,train
ID_R896TTD1,train
ID_LJC9HRPB,train
ID_VVMDKHFP,train
ID_QN3EEJAY,train
ID_BWFZY1NN,train
ID_IANQGCNX,train
ID_S26XQRHL,train
ID_TMHRCJKA,train
ID_XJKWAF9J,train
ID_XR06MGCC,train
ID_9I6IJ4LK,train
ID_OYPOHK1S,train
ID_OE18IX9F,train
ID_3W4G85QX,train
ID_BLFHZDPG,train
ID_M4JX8BUI,train
ID_4EH56TBR,train
ID_9UW221VD,train
ID_EQWA2F63,train
ID_5SZP6NLD,train
ID_KQHJAFET,train
ID_ZVDBMXQZ,train
ID_78YSBRIQ,train
ID_YU9OBDVG,train
ID_EQ5OMJSS,train
ID_8KKLSBEY,train
ID_S8HLVQO2,train
ID_Z12CI0V3,train
ID_JW61CJO1,train
ID_EVHPVP58,train
ID_J8YL9K9T,train
ID_NCIBH19Q,train
ID_LD25XNP3,train
ID_UP4ZQG0N,train
ID_0D014BQ2,train
ID_IDB7WC9B,train
ID_99TYPTU2,train
ID_4F356MB6,train
ID_5NFL7QJH,train
ID_IF5D4DFK,train
ID_ZMQBNI1R,train
ID_ZHY0SKUW,train
ID_9IPQALQA,train
ID_WBCPHUWS,train
ID_QKDL3WAH,train
ID_F7NJJKRY,train
ID_89YJ16AR,train
ID_AE3HA0AK,train
ID_4XLKAM6K,train
ID_FFNFKMYE,train
ID_OVQVLLRF,train
ID_UC0EI5EE,train
ID_T9UI3OAY,train
ID_GJYY3D1M,train
ID_NYQFHX7E,train
ID_11L2XRK6,train
ID_GRRRR87B,train
ID_CRYA3MIK,train
ID_E4ZH2LHE,train
ID_YM4P0D68,train
ID_62DS7TJL,train
ID_RKACN6NU,train
ID_EYTLVO3Z,train
ID_6088WARR,train
ID_WJGCKUV1,train
ID_V8KLGER3,train
ID_YUFR2C1L,train
ID_ZL5HB82C,train
ID_1SMTXMZN,train
ID_TB0CP2FP,train
ID_P5X796Q3,train
ID_N92CFW4Y,train
ID_7Y1FGVAJ,train
ID_XI2Z9M3K,train
ID_WZ34X3QC,train
ID_QMTFSHT2,train
ID_I27FI4NN,train
ID_SRPSUIIB,train
ID_AB0GDAMB,train
ID_ZYEZ0MJ1,train
ID_1FGMI9IR,train
ID_ISV08X1T,train
ID_72DMNMCR,train
ID_WBYOIK6U,train
ID_VL65DVPQ,train
ID_RB4K7AW2,train
ID_SCOGN1ZE,train
ID_ZAT9AO51,train
ID_C3TYDX80,train
ID_ZZLLTLV6,train
ID_8QKIU5ND,train
ID_ZWC9UHYI,train
ID_UD5AM25N,train
ID_GVMJ6N0J,train
ID_CQ5EYQXG,train
ID_MW2KUJQR,train
ID_MO4ZNR98,train
ID_AW5YGFHO,train
ID_KY5SWDH6,train
ID_K60QGH98,train
ID_OSDAZLAW,train
ID_59LW59P6,train
ID_PMA56NFJ,train
ID_IZ476F42,train
ID_1ONQ0DKG,train
ID_4OC6THLY,train
ID_1TPR157J,train
ID_W56XDHTO,train
ID_J18NZAM7,train
ID_Z36GITOS,train
ID_9AEP1G1A,train
ID_Y1MYKLQ2,train
ID_7NZOLOFG,train
ID_XQ6119BC,train
ID_F9CJN7NR,train
ID_3Y1CCMJN,train
ID_94Q0G8L7,train
ID_TR2XOUWO,train
ID_9VUK4K09,train
ID_3J7J7SOG,train
ID_NEA87Y3Y,train
ID_GXXIKSMO,train
ID_CN8VD6C8,train
ID_71WTWJ4Q,train
ID_B7L8K4NA,train
ID_GOGDS7RS,train
ID_NL6H8PB8,train
ID_70ABDYQL,train
ID_JZ67W4EU,train
ID_CO89YQEQ,train
ID_PNUQ8UUD,train
ID_DVLOHHOL,train
ID_GDPQGDAJ,train
ID_KHC29EGB,train
ID_3MP47VH8,train
ID_DX7MBFMB,train
ID_2SHAKOWS,train
ID_0QYTFUHY,train
ID_ZEA9FFI9,train
ID_AQ1W7WUH,train
ID_IAFB466Y,train
ID_QKAZCOII,train
ID_W7AYILBN,train
ID_LHLLFYO9,train
ID_OXX4PBRH,train
ID_RZP0RJ0G,train
ID_QSM2QHXE,train
ID_S55XVVI5,train
ID_BLAL9A2L,train
ID_PF98P83J,train
ID_LCG5V9TK,train
ID_BM1P53NK,train
ID_FNI5P9RO,train
ID_MUCPU6RX,train
ID_BOP8F9YF,train
ID_OJSNHED3,train
ID_CEPTRYV3,train
ID_KHGMK0HM,train
ID_1WQ8SGZ1,train
ID_00N1A2VB,train
ID_2T4PYBQL,train
ID_YQ7GT1WI,train
ID_00WHPES8,train
ID_DPG64T6K,train
ID_ZVUGVSY8,train
ID_81MMP8LS,train
ID_YR9F6UN6,train
ID_UL1UNQMO,train
ID_LCIT8NY8,train
ID_4U7RY2KJ,train
ID_W48U6XD9,train
ID_ZX5JI129,train
ID_CEMOE9EM,train
ID_8U9SGQ3Y,train
ID_ISMA5J35,train
ID_VBB925T4,train
ID_MFEY1EM0,train
ID_2RLO9LEB,train
ID_WG5TETZA,train
ID_43LCX6US,train
ID_1FHI73QA,train
ID_55Z6NXHC,train
ID_XWUU3MSA,train
ID_VHTBRJJO,train
ID_T07MYJJ6,train
ID_CIDH0XOT,train
ID_0IW204RD,train
ID_LP30XBI5,train
ID_O8DQT55R,train
ID_9H0OZ43U,train
ID_KQZIM2GC,train
ID_IHT6QHPC,train
ID_834E32N6,train
ID_6KUPYAMA,train
ID_46YJTKUA,train
ID_0O35ZE9J,train
ID_Z86YMW4D,train
ID_8R3YKRL9,train
ID_S09KRDQ3,train
ID_YISG0R30,train
ID_E911DO88,train
ID_29UO1CX5,train
ID_T9VE925M,train
ID_F036O3ZY,train
ID_XREATJE2,train
ID_8LOZRO5F,train
ID_SMZCK6SN,train
ID_9YV3J6Z6,train
ID_4ZAQSLD4,train
ID_AH80JY0A,train
ID_P9JX9SMV,train
ID_I32YG15Y,train
ID_SFF0BMHW,train
ID_29G70WXO,train
ID_USEWC8VD,train
ID_O1T88Q73,train
ID_Z5OECF0O,train
ID_01N1ZAXZ,train
ID_KRK3WGIE,train
ID_TENO8RV8,train
ID_0RMSI4VZ,train
ID_348U29P0,train
ID_PUKGF65M,train
ID_AGUKR3A1,train
ID_KJMN7YDP,train
ID_QDS9YACQ,train
ID_6XGQTQ1S,train
ID_L6JVENMJ,train
ID_BT0A99IZ,train
ID_3AXLX21L,train
ID_GB47ALAG,train
ID_95Q9XX95,train
ID_T1D60SJ1,train
ID_0LQ59YKK,train
ID_FC1RQQMO,train
ID_CS5C743A,train
ID_8HBETZM9,train
ID_CYHK6A01,train
ID_XC7AK2IT,train
ID_OPFNSQ4L,train
ID_CTL104G5,train
ID_WA9M52A9,train
ID_12614SXY,train
ID_9B0I7JO0,train
ID_UPQX4KAF,train
ID_4TGJCHDQ,train
ID_2EXMRTCZ,train
ID_E01RZGHU,train
ID_BB189IQC,train
ID_2PPBA3TM,train
ID_9WU01WXV,train
ID_4POK2ISH,train
ID_V5QCQB10,train
ID_M625BJAY,train
ID_RIQ601QV,train
ID_0Y30ZKBS,train
ID_G1JNMZZ5,train
ID_IWJU2JMW,train
ID_YM7KEIKJ,train
ID_YK2C9SDW,train
ID_0E38KWB6,train
ID_7INP7TAE,train
ID_4Q8ERV8Q,train
ID_WHL06XF8,train
ID_JPU6XNPI,train
ID_CBX5BEC1,train
ID_YQHQ06PQ,train
ID_5GF7FA3H,train
ID_93R2L5UU,train
ID_QPPOF1XC,train
ID_TXW7JLUN,train
ID_PI1TM9TV,train
ID_A7JRIITF,train
ID_8EJTMDIK,train
ID_H9LT5RC5,train
ID_SR6CSYI7,train
ID_NQGFZH72,train
ID_DIMISBUN,train
ID_RDN0CUBG,train
ID_OFA4C3D5,train
ID_K6MGXQ7C,train
ID_Y3AHJSAH,train
ID_OB2WVQM2,train
ID_8H4HWRYM,train
ID_V8XS4AZ6,train
ID_4WPGB1PJ,train
ID_0G8EA616,train
ID_TBM13SK5,train
ID_VQGP3P5Z,train
ID_TY8E80MT,train
ID_9IHE0RVB,train
ID_QVY4IGED,train
ID_THVT1QXL,train
ID_5N5PSHBI,train
ID_MLR77RJB,train
ID_YT2I9JKU,train
ID_JU9O6IAC,train
ID_V24TD4MQ,train
ID_Y63ZR6Y3,train
ID_DLCSG93G,train
ID_YH2CAYQW,train
ID_LISBL3LP,train
ID_0HFK68WW,train
ID_99SFXUKC,train
ID_LSXVGZ3M,train
ID_N8WQ6X86,train
ID_L323OAQI,train
ID_I58B8XJL,train
ID_UCXI773B,train
ID_ODH72XC4,train
ID_YCOPC3NS,train
ID_EDGFJHYU,train
ID_SFM3TT6X,train
ID_ONR44L9D,train
ID_5B7OU8O0,train
ID_N4VXL2L7,train
ID_374CV73M,train
ID_8R2BDIV6,train
ID_DPNCX134,train
ID_XR06CPX3,train
ID_IRXUVEAI,train
ID_XRPZPV72,train
ID_USP30NAY,train
ID_JWZXF5M2,train
ID_MVV88PXS,train
ID_0NDJVHC9,train
ID_286FHYOZ,train
ID_Q1MXW353,train
ID_DJA6UKE3,train
ID_GIX2UQPS,train
ID_2BGZ3AM0,train
ID_1JBPSAO3,train
ID_ZGLMREJ2,train
ID_EHYSB17A,train
ID_H7CT43IG,train
ID_N1CSZ9ZW,train
ID_DYJWLMDH,train
ID_2SK42NI1,train
ID_4527NW55,train
ID_TNIJ324J,train
ID_DW075WBY,train
ID_KASNVJ4B,train
ID_Z3GYLD03,train
ID_RRJR1K7K,train
ID_GV6TPJZP,train
ID_DYTRX96W,train
ID_KC375YYP,train
ID_1498G9DK,train
ID_WN6ZR24S,train
ID_5UHEE0H1,train
ID_H8YYBUBC,train
ID_PEQ16A8B,train
ID_Y053WLUW,train
ID_5SOR0WNO,train
ID_IGOF7LB0,train
ID_PW50SFTS,train
ID_U10NPDDA,train
ID_RFX8ERQZ,train
ID_OXM8WQ4H,train
ID_TLQ2KWBO,train
ID_DOV6K64R,train
ID_HKHDQVLB,train
ID_SLVBFC6N,train
ID_YR1CF589,train
ID_S8D5ORT1,train
ID_EOYJT1UP,train
ID_WOM7I59Y,train
ID_FM2RMLV9,train
ID_GAA0KBBR,train
ID_KF55WPEI,train
ID_C0VB368F,train
ID_PR7K4UI9,train
ID_UKMS73DY,train
ID_MV4OG3N1,train
ID_K69HA52T,train
ID_A9CEEZO2,train
ID_SREFZQ60,train
ID_G1QF9768,train
ID_RKKX33JO,train
ID_X39YSHM6,train
ID_D242ZIH4,train
ID_DYII9N2D,train
ID_ARP6GRV1,train
ID_U5S71NGQ,train
ID_MIX6U3W9,train
ID_MTRZVR9L,train
ID_7D6T997I,train
ID_1II6U5I9,train
ID_7QCSKOEZ,train
ID_GX15AW71,train
ID_LSR1VALU,train
ID_5JR1CE6G,train
ID_5BR822GR,train
ID_K2U36ZQ3,train
ID_QQOQVCAL,train
ID_ABOUVSKE,train
ID_W0PGF8JR,train
ID_1WEUZF4I,train
ID_LQVS1J9L,train
ID_6IKWCSUP,train
ID_FDLSHR5V,train
ID_FXAFNQCQ,train
ID_VKT2YT30,train
ID_AAKVJ5RQ,train
ID_XTMHU423,train
ID_21VUG5GR,train
ID_0FMEU422,train
ID_KKE8OMT4,train
ID_OX8DVOPP,train
ID_0RYEQGXC,train
ID_S24EYRHJ,train
ID_KDP1XU3Q,train
ID_G287EFFR,train
ID_FI4V9NSI,train
ID_J0GRL14L,train
ID_NO1JZDS0,train
ID_2OY3HF7V,train
ID_6WGYMTZH,train
ID_JC3C5LVB,train
ID_U1BTJBKR,train
ID_ZDOS9KMN,train
ID_BAHKP8BV,train
ID_9RXQFV4F,train
ID_RRDPO617,train
ID_RZUOEHL0,train
ID_NQ012DPH,train
ID_4Q8CN8EI,train
ID_IJ7DIUQ6,train
ID_FUG3R2YH,train
ID_LFKGNE31,train
ID_XSY7OYTW,train
ID_PIVTZFX8,train
ID_YJTBN9ZB,train
ID_JM39RY25,train
ID_ORTSPIN8,train
ID_EXVJT4HT,train
ID_PIQ5E5BG,train
ID_GWMOVQQ5,train
ID_GQUWNSA4,train
ID_MTVRPJC8,train
ID_OPHU6HTO,train
ID_0MWZR2Y8,train
ID_371LWPF3,train
ID_7BUM5FQY,train
ID_J8JWKK71,train
ID_1ZVVFFOI,train
ID_U163K9ZU,train
ID_FNU4LZCT,train
ID_Y2AW9PYO,train
ID_K0XX3YZW,train
ID_V42B8YAN,train
ID_Z28MOY5V,train
ID_PH2NU37I,train
ID_ZTQT7QME,train
ID_3CRZPSD7,train
ID_I1WTUQDT,train
ID_IJ4K4NPG,train
ID_Q3FZIQYW,train
ID_IKGQGRHA,train
ID_IBMIBW6I,train
ID_GT8CIH8F,train
ID_O0ZTF7MF,train
ID_F2AZDQGV,train
ID_S6493GNQ,train
ID_4QHQ0F89,train
ID_W0POEYSA,train
ID_5FJHBYZA,train
ID_C9NHF28E,train
ID_FUSKAKQX,train
ID_122FW1AV,train
ID_A6XF67DU,train
ID_0GRSDEQ5,train
ID_BXIU37WO,train
ID_CES3T9E7,train
ID_NRJR34WM,train
ID_8WEBSUV2,train
ID_970FB7N1,train
ID_VW0IKFGN,train
ID_K27DB5VO,train
ID_SAGNTJ2A,train
ID_AD5667A6,train
ID_R40GH39X,train
ID_7482WIBU,train
ID_2WKETW4M,train
ID_QCVXMXZD,train
ID_W9B1GQ84,train
ID_8WYHUF4N,train
ID_5711O5SP,train
ID_Y22WZSP2,train
ID_8IYV7M6S,train
ID_UQVR3AI1,train
ID_FRZ1WNL2,train
ID_F5FKKSAO,train
ID_58867WKE,train
ID_U9NZHOOC,train
ID_FM3RND1R,train
ID_06XUAFXA,train
ID_2EJUF50U,train
ID_096VIMVY,train
ID_UXGG8O9D,train
ID_8XXGTOLA,train
ID_D0QT4ZDM,train
ID_IKFW62IN,train
ID_VQKRSUYS,train
ID_NPSK1W6W,train
ID_RUR4A0H7,train
ID_QR4U0GJE,train
ID_3976C996,train
ID_G2NQH9EG,train
ID_GIYROER0,train
ID_P8T4C0GA,train
ID_GX6YJM7V,train
ID_Z4LF5SCA,train
ID_OL29HSHC,train
ID_M3HVDH29,train
ID_2LGMN9PN,train
ID_N5B4G6QY,train
ID_VBOF1M34,train
ID_XUELZOB1,train
ID_FCIMRTIS,train
ID_CXKSMZ6Y,train
ID_CFF446O3,train
ID_CHPDJY6J,train
ID_RPA9RR7F,train
ID_BUXUY4B3,train
ID_FAAF35CA,train
ID_FD9EGE3A,train
ID_2EV52FXA,train
ID_NX5TMPOT,train
ID_BWUBNZI7,train
ID_JTHPUBGL,train
ID_VS9FH009,train
ID_AP5G7H86,train
ID_2MOW065T,train
ID_MLC6VF9H,train
ID_EBX9F4TV,train
ID_CJJO6KN6,train
ID_BO73HBEK,train
ID_NX3TMZ26,train
ID_O4KTYPQ3,train
ID_T5X1MMUQ,train
ID_ZTMPMHIZ,train
ID_7I48BVTN,train
ID_WRORU7H4,train
ID_DG9SPLKO,train
ID_XADIJ884,train
ID_39IYKMQF,train
ID_9H5UZM3J,train
ID_Y4DMHCAK,train
ID_BOTDUOWS,train
ID_UW4ZX73W,train
ID_ACERUYUN,train
ID_SHT9CX5S,train
ID_FJ3KBDEO,train
ID_L4EUANM3,train
ID_CDBNIF3Z,train
ID_83E9HWST,train
ID_FK2W4QO4,train
ID_2LUM3XT9,train
ID_H63P3EU6,train
ID_8VIE8FX1,train
ID_W3POXW0F,train
ID_IPNUN89B,train
ID_ZZCZCU29,train
ID_IU9FH9IH,train
ID_VPIOOEAQ,train
ID_ET52045W,train
ID_JFT6SU6U,train
ID_ZVHZYEWL,train
ID_8JHKAY2D,train
ID_QVLWZRU9,train
ID_VCKM6893,train
ID_FVV955JZ,train
ID_QFKEVLM3,train
ID_CCNOMF0P,train
ID_33JV52Z8,train
ID_TLI1BGG1,train
ID_S2ILXLCV,train
ID_J49PY2AF,train
ID_5KEKZDYW,train
ID_G18KBC49,train
ID_UNYLYMZG,train
ID_PQ1MO326,train
ID_6ZWUFFQ3,train
ID_CR7P19JE,train
ID_G0O0G1AM,train
ID_70RWHM6Y,train
ID_URIZILI4,train
ID_Z0PBMD97,train
ID_L7U7NY6Q,train
ID_C8KH0SH9,train
ID_T409G5ZW,train
ID_NV72K2U8,train
ID_02PX7GI8,train
ID_MLSNV7M9,train
ID_X75BOH3B,train
ID_KBDC684C,train
ID_QFMU5UCQ,train
ID_CMGCYKZL,train
ID_H3YK8LPZ,train
ID_U5XKBIZZ,train
ID_FFSA21SJ,train
ID_SWYQX5NZ,train
ID_KLTYWACB,train
ID_TQDMYKPI,train
ID_FGKD6DM8,train
ID_QBNBY3MS,train
ID_2PS5ZERJ,train
ID_PFFR75UQ,train
ID_25U6W129,train
ID_M29UWEIH,train
ID_4HYBFG9R,train
ID_SMSM1C6P,train
ID_AZ29GR8T,train
ID_U67RC47D,train
ID_JIJPD55X,train
ID_QVH4W3HL,train
ID_OFGKXNWB,train
ID_5AUIW7LE,train
ID_BXLIXEZ4,train
ID_NPYSQ7M4,train
ID_W5I4TIBS,train
ID_TVYYHM9A,train
ID_6RDWNVJH,train
ID_N66M878J,train
ID_YPXZM77G,train
ID_V00YPQJU,train
ID_PML6BEZI,train
ID_DH1ZXZOH,train
ID_5I7SWHY1,train
ID_1SVBHU7R,train
ID_81CQQWBM,train
ID_C9G3RPL4,train
ID_13JQAQ77,train
ID_OACZAJFM,train
ID_2D0WEV5M,train
ID_EGAN7W3V,train
ID_Q7JT2E6F,train
ID_PFGTAVT5,train
ID_GWALW48G,train
ID_94I3M4EU,train
ID_4GMOPUES,train
ID_JBTIIMFU,train
ID_0Y48DVSP,train
ID_BO2Z9N33,train
ID_E20ZRAZ0,train
ID_8H9DUEDO,train
ID_EL3BXD07,train
ID_Q49ZLBLR,train
ID_ZZD9YGPZ,train
ID_96BDMQA5,train
ID_FDB74UBB,train
ID_X2O02HFK,train
ID_4DFFFZ02,train
ID_HDZ5YTUN,train
ID_LKJB5NLD,train
ID_SHPWOU3X,train
ID_69K7Y4AJ,train
ID_3OK6N407,train
ID_3GB48MU2,train
ID_WABMG3TC,train
ID_0PHM9FLO,train
ID_IN1GUZ6R,train
ID_8U4S531J,train
ID_7EMXVKIA,train
ID_2SVM2TOI,train
ID_0VTC7UOP,train
ID_UD45R6VF,train
ID_ROTULBDA,train
ID_8ORN0O9Z,train
ID_7PAQ5X3Z,train
ID_N5DUOE3J,train
ID_CZQQZTHX,train
ID_9MHO7BMS,train
ID_894I7R0Z,train
ID_8UNYFXJ4,train
ID_2IAD0LR8,train
ID_45E8S90E,train
ID_RU0AKWNO,train
ID_AAYYX7ZO,train
ID_FC0K2L1U,train
ID_61OK1468,train
ID_Z14GFD3Y,train
ID_9WOL1COW,train
ID_WIFZIG1L,train
ID_NT82V415,train
ID_CSDBNILE,train
ID_DJ3H11UR,train
ID_AZY8TOGY,train
ID_T9Q8F3F9,train
ID_DSTAG4K3,train
ID_PKJD3Q4M,train
ID_ZK86ALH5,train
ID_4WLO3W30,train
ID_ERZ0UD7E,train
ID_FG1RG60D,train
ID_989XJCOM,train
ID_SWODB4W9,train
ID_7CQTGTH3,train
ID_R6Z4HA0X,train
ID_P3J6AQ74,train
ID_23FGRDGJ,train
ID_PWRDMGGA,train
ID_5VOOO3I6,train
ID_KZKLZ11U,train
ID_IRZYAQGY,train
ID_UHLJFC26,train
ID_NGNX2JTS,train
ID_1GULAC0O,train
ID_UHBJ03MJ,train
ID_SWFW5JU9,train
ID_B6534OZN,train
ID_0AG47QJP,train
ID_06O51JH2,train
ID_RMUWXS2B,train
ID_J2AAHB4N,train
ID_17SE08O5,train
ID_GPRJ6SAH,train
ID_U6T2W7P8,train
ID_DO6MGPUT,train
ID_4NIL514Z,train
ID_AM1ESEIV,train
ID_V8NVSA5X,train
ID_K8OMV8BJ,train
ID_0RJKS6YZ,train
ID_IZ12Y6ZP,train
ID_37QR7EBQ,train
ID_GFYKVFHC,train
ID_ARCZVW5C,train
ID_LRHB1JFY,train
ID_A6D0VTY4,train
ID_HE9K1V92,train
ID_625UP1V5,train
ID_1X450Q2T,train
ID_4K18OWH1,train
ID_5KXYMILN,train
ID_REGNI3MG,train
ID_AQFHT66U,train
ID_CJICVVT4,train
ID_Y5LUAH78,train
ID_NXIMONVL,train
ID_18JNO79P,train
ID_1H51IHUU,train
ID_79W3V6KU,train
ID_AT1IAL1B,train
ID_R8OSPN7G,train
ID_21011KBV,train
ID_KRR1PC17,train
ID_R7LOMBWN,train
ID_UP1I0ZZG,train
ID_0FY53QK3,train
ID_N1WT8GGG,train
ID_3Q7AB83P,train
ID_QREB47HF,train
ID_LHD9KFGS,train
ID_YPCOYA4T,train
ID_S6WFUTLC,train
ID_Q7O8QXTQ,train
ID_LMU9Q4OL,train
ID_IROXQ3TB,train
ID_T9FVSH5O,train
ID_9R290QQW,train
ID_ERXY31LH,train
ID_OFHE6I4J,train
ID_R6R0DMZP,train
ID_WSZ98GF8,train
ID_4IZKKNBB,train
ID_LQ0PDFBP,train
ID_KZRTZKSX,train
ID_YIY0B62Q,train
ID_JQH57S3O,train
ID_0V3GE7ND,train
ID_3CYBMAPX,train
ID_BDJQT1CI,train
ID_F8D7ZVQ5,train
ID_T48NF5FX,train
ID_MA5WFM6O,train
ID_2TY92DN9,train
ID_QIVEAY38,train
ID_EOLC9SOA,train
ID_2WIDX85G,train
ID_JD8JS218,train
ID_ARYXQXZR,train
ID_50YMGH5G,train
ID_XZU4ITIP,train
ID_2FFL6Z04,train
ID_AMYO1976,train
ID_0YS73B2M,train
ID_S3KY2X40,train
ID_V3F1ORGD,train
ID_8Z666REM,train
ID_C59JNPAA,train
ID_5HJJ7A3S,train
ID_KVLSUYE1,train
ID_XXMY78DV,train
ID_VALGJNTC,train
ID_7CVOSB9T,train
ID_L5G6NPQN,train
ID_FZ6644MQ,train
ID_889KZAGX,train
ID_TC9ISYIZ,train
ID_TC1GMT05,train
ID_4HXIMSVG,train
ID_QU4OZ6YR,train
ID_WOAEN47E,train
ID_0KKZW3WA,train
ID_KMTMABDG,train
ID_LD4XII93,train
ID_YXB26LAH,train
ID_Q1RBZO2N,train
ID_9K7XYWJR,train
ID_8NR0I8ZI,train
ID_7U1I8E81,train
ID_YXSQ11PP,train
ID_SCZ0EST1,train
ID_SYTTF4TS,train
ID_LH53BYQA,train
ID_VF9SAAJR,train
ID_1ZF3UTRA,train
ID_WZDNNAY3,train
ID_CWFZS7XM,train
ID_KCQ4YZ0X,train
ID_NX4889JG,train
ID_9PTOH0LV,train
ID_30Q58Z63,train
ID_3GCIKN2I,train
ID_MVJLGDM4,train
ID_2HYW1XGK,train
ID_LZN2SHFH,train
ID_SGSPK7GA,train
ID_LP20JF9X,train
ID_ZMF7HMT4,train
ID_YRZQ1IUM,train
ID_VXA0XX9Q,train
ID_KNJKZMJ4,train
ID_HXASRR63,train
ID_EHL3NN62,train
ID_BX9UMG0N,train
ID_O3GDYXMV,train
ID_2GRTZBWJ,train
ID_G8HRODVN,train
ID_395FVHO6,train
ID_81XQIPTU,train
ID_3RAW1DB2,train
ID_A7MIPE14,train
ID_9MP1WCPR,train
ID_JCN4ALGD,train
ID_IBUCYGAO,train
ID_P99CBL0O,train
ID_B8SMAHMH,train
ID_RKBVIXJM,train
ID_WWZN92V6,train
ID_N3W4LHZV,train
ID_SAP7XOBZ,train
ID_SQALP5VL,train
ID_OXK6YZ6S,train
ID_4JMZ4OAP,train
ID_H4A0SF7H,train
ID_980FH3T1,train
ID_RAMRFRIZ,train
ID_Y0U7GP0R,train
ID_S2TOYNGQ,train
ID_TGD85Q0M,train
ID_3VGTD24T,train
ID_LO41GT0T,train
ID_TUF4I0KD,train
ID_W5RRHO1O,train
ID_IUWYO14A,train
ID_VCBECGO0,train
ID_HKFL7IUJ,train
ID_2Q88K4CY,train
ID_56J23UJS,train
ID_GJMOYTNP,train
ID_BA7IDI3T,train
ID_NSMI9DBK,train
ID_1ZVN8L6H,train
ID_PZ5L5RZA,train
ID_KMLKTA7W,train
ID_ODDNXKEH,train
ID_KXX3FC65,train
ID_G0I5A5OD,train
ID_OS2MKQRA,train
ID_0TOAQRLV,train
ID_7HSE3IQY,train
ID_ELZNEEL5,train
ID_YC5QHSL6,train
ID_BHPXCEGB,train
ID_2WBFZKBM,train
ID_YEHJ3HUN,train
ID_PFP5ZYGD,train
ID_4FTV2ZMB,train
ID_7GGCPFVF,train
ID_0IBRJMXK,train
ID_8DMG1IMD,train
ID_PT8U24XI,train
ID_UW26FIXV,train
ID_SI45FTFT,train
ID_6ANYWAEJ,train
ID_2EI2R51P,train
ID_JVI5E8F1,train
ID_5YEEQWCY,train
ID_U9MSXBKZ,train
ID_FKDXJBXP,train
ID_W8HGJGTE,train
ID_2Y0B2J9U,train
ID_6R552D67,train
ID_T9JPS4QL,train
ID_6HBZHEYF,train
ID_17XW092N,train
ID_KT8PU0J3,train
ID_EV100IH8,train
ID_OAY9SRAL,train
ID_ISQABN65,train
ID_3KKXI3T9,train
ID_C8UNU6J2,train
ID_H8W92YQ2,train
ID_E1ZV3RK7,train
ID_0BHNJ62W,train
ID_02OH5M24,train
ID_IW12RUWB,train
ID_NKE67AOS,train
ID_XYHOXCTU,train
ID_5Y7ZE4SV,train
ID_NCQ41BF7,train
ID_LISUDT9B,train
ID_P90VC05I,train
ID_TMYQMUMQ,train
ID_05GAF1DY,train
ID_NW93G7SP,train
ID_2W7EHIMG,train
ID_U2KY35T7,train
ID_UEBMT4BZ,train
ID_WRXNWC7W,train
ID_0Z39E1QP,train
ID_KPL4MMH0,train
ID_B7DTRRHD,train
ID_QDILEFDA,train
ID_KAEIGIIE,train
ID_PTKCCZXL,train
ID_LN928X59,train
ID_9HIKAC2F,train
ID_E71W4C43,train
ID_26XN292B,train
ID_YY5E0A0H,train
ID_1AN0U6HN,train
ID_DHMEYOHM,train
ID_7K9UA2YS,train
ID_ELN5N706,train
ID_95TMW0QV,train
ID_EIQFN21E,train
ID_4B17QPOC,train
ID_EACBN3YF,train
ID_7DR5TZPM,train
ID_2P9LO0ES,train
ID_HC7D8A1J,train
ID_SOJV4X59,train
ID_W833RYRS,train
ID_HICN0YTC,train
ID_RPZAO4J6,train
ID_MDXQDTIG,train
ID_EY47KK4R,train
ID_GYYLSBOU,train
ID_83W31CLB,train
ID_V2ZX35QU,train
ID_LU87S5SX,train
ID_ZGTAGSB2,train
ID_OYTYJN6K,train
ID_P1ZRBCWD,train
ID_YTOH7SZ9,train
ID_1UMS5BK7,train
ID_3D3VSN0V,train
ID_V8HAQN0J,train
ID_UL2OJWHA,train
ID_MEKE2BVY,train
ID_9M950MML,train
ID_29FBY2T7,train
ID_HR61AZGL,train
ID_R2LHOXJQ,train
ID_R8IR2TN5,train
ID_1OWM191A,train
ID_MLYZGQCY,train
ID_S4TE29SW,train
ID_MSDSGKEM,train
ID_GJJ2UNZG,train
ID_KDUVI3RT,train
ID_W43A4119,train
ID_6PWGDBXB,train
ID_6G2LB319,train
ID_0XL4GFEG,train
ID_0COX6BZL,train
ID_KM1PX89J,train
ID_L7CWI5LO,train
ID_IU9CZO5J,train
ID_5OW5E0B2,train
ID_R7BBAVKH,train
ID_JZLUYK0R,train
ID_QMATGPTA,train
ID_4YG9F57D,train
ID_I046L44V,train
ID_TDOAYDRQ,train
ID_CVEUT3G6,train
ID_NNBAN6H4,train
ID_RYAHP7W9,train
ID_TW0YX0W3,train
ID_Y5001Y8C,train
ID_OADUI8IF,train
ID_Q3B7EQIO,train
ID_PKUCH5IC,train
ID_STW7JWT6,train
ID_ZMVAMG88,train
ID_S9V130GX,train
ID_NBA7003V,train
ID_VZ6R20J3,train
ID_QYS6WB46,train
ID_6YW79Z76,train
ID_09IOX654,train
ID_6Z3XWLLX,train
ID_I3FFSXCV,train
ID_MEUWRION,train
ID_T439DD13,train
ID_QP32F7PI,train
ID_XL9DUWXL,train
ID_R3U9S2TM,train
ID_J52U5RR8,train
ID_PNO25M5W,train
ID_YZVBFJRF,train
ID_5JHZRKMR,train
ID_CD8AMA7J,train
ID_84HA9M3W,train
ID_JU54BSUR,train
ID_X89ADTO5,train
ID_0GAUSAO8,train
ID_AHCC1U10,train
ID_T51F4VGH,train
ID_L00W9BSK,train
ID_DPV8ZOVG,train
ID_G8MB6S4O,train
ID_WW0NX9H2,train
ID_SS5HUZG5,train
ID_LESGI2GP,train
ID_DUWDIQR3,train
ID_VU947T3G,train
ID_1CHA3ARZ,train
ID_6L2PDWM2,train
ID_5VCD4K16,train
ID_VMS98PX5,train
ID_Z7AUZYA7,train
ID_P4MSA7LF,train
ID_UB8NCNAP,train
ID_1UXKGNDW,train
ID_TE1O2RST,train
ID_JZV8CB54,train
ID_0712J50T,train
ID_Z8UA8I8S,train
ID_KJ5MIVPJ,train
ID_NOWXBYS7,train
ID_ZWF3T8FA,train
ID_T8OZ8U6Q,train
ID_59LAF5DD,train
ID_7UH78753,train
ID_73G7FKWX,train
ID_EECSXAG7,train
ID_8VFDC5E0,train
ID_XCSUBY1D,train
ID_C8PKZM2X,train
ID_LVXZ55Q0,train
ID_P4IEYR0Q,train
ID_RG5UILKL,train
ID_Q0WLPGFZ,train
ID_WD3Y8VAU,train
ID_6UUS7G4Y,train
ID_EGSMC53L,train
ID_BWV5G98U,train
ID_1PMWVYT0,train
ID_V9DWG7IG,train
ID_2BB6L49P,train
ID_SI87GFMO,train
ID_OXGONPAD,train
ID_9SHZS10A,train
ID_S3FCBBOL,train
ID_HDJF44MY,train
ID_T7ND7LPW,train
ID_FNBA600E,train
ID_M0KPQJH9,train
ID_5UAD22LN,train
ID_KQK7NK4N,train
ID_UUHEVIPV,train
ID_9LD6KRLR,train
ID_AX0VL21G,train
ID_G4NB53T8,train
ID_9U8GYBVJ,train
ID_XZQ593T7,train
ID_MD8T9T75,train
ID_AQKEHGO6,train
ID_WKG6GLI3,train
ID_B68AX5W4,train
ID_TBJWDEH3,train
ID_I3K5F8Z9,train
ID_9RGFDDQF,train
ID_CU90FY2L,train
ID_JRVHBYLG,train
ID_ULGE5O0N,train
ID_XFJ1JODE,train
ID_UTREQNY7,train
ID_UMSEUI8I,train
ID_UM8XPP31,train
ID_DU4OB9LX,train
ID_JRURU2C9,train
ID_ENXHN2QD,train
ID_MC9UD55E,train
ID_B6VCQ6P6,train
ID_O8AL2ABD,train
ID_46ZABDQ0,train
ID_HO12RPYY,train
ID_EWBIIYH3,train
ID_TB88FV54,train
ID_HQIXACQ4,train
ID_I2IKDW54,train
ID_F35ZMXJ2,train
ID_NF6YJZ7B,train
ID_MPQ8BJQM,train
ID_YJNDGK2O,train
ID_EOZC0N93,train
ID_3TETJQ75,train
ID_KWA9MGKH,train
ID_HF4Z13DQ,train
ID_CUZCY10G,train
ID_884UYF7M,train
ID_CIEOXOOM,train
ID_YEUS4ULC,train
ID_C3F8BVM5,train
ID_Y39QI639,train
ID_RMHZS66N,train
ID_1KCJAZNX,train
ID_OMVXHVAW,train
ID_6YMJ3AL4,train
ID_WCHI4GSU,train
ID_5BX2GYAS,train
ID_4WRI94XY,train
ID_9HPDQGE4,train
ID_L9D78NNX,train
ID_WRSC25JS,train
ID_EGI64HG5,train
ID_QI1DV95I,train
ID_9H3JZMBO,train
ID_Q49F017V,train
ID_0G64HVWF,train
ID_1HV2DG7E,train
ID_I728NZ6F,train
ID_541MSUCZ,train
ID_277GNZF0,train
ID_J9VZWUPR,train
ID_DXUVFHJU,train
ID_SVG71NTW,train
ID_6I95JLNI,train
ID_SEXDYIVH,train
ID_AE0UFDKH,train
ID_ENIYLWS0,train
ID_5EETVGTP,train
ID_49RBT7Y1,train
ID_69H0R69W,train
ID_FEPSUIBQ,train
ID_YDE76QFA,train
ID_F57XOUTP,train
ID_L9M97MFJ,train
ID_PZ7KFBMU,train
ID_7GGQO6AS,train
ID_VUIVQKJH,train
ID_HL8WIE5D,train
ID_1LCK48RH,train
ID_YM3J9SMU,train
ID_2LCMVDUG,train
ID_X4XS9LKJ,train
ID_7LOLYO6A,train
ID_FOCEGCDQ,train
ID_IC2GLAOX,train
ID_RE01XS5B,train
ID_7JQM3NN0,train
ID_TVXYL2OK,train
ID_1JXE2ZJV,train
ID_TFRRHNWT,train
ID_BQJPQR4K,train
ID_0PZ4I57A,train
ID_E15O9YJB,train
ID_THXWM9M3,train
ID_DNVE2M7E,train
ID_1YVVKEUY,train
ID_0ZXMN5PI,train
ID_4IVV303H,train
ID_D6VN7JE0,train
ID_5BZGOM3Y,train
ID_KMNEJRWK,train
ID_I2UTFLLX,train
ID_TJ4FY6HH,train
ID_ZCBK6CZC,train
ID_U9TXC9R6,train
ID_5WLYPN6E,train
ID_P5T3BOON,train
ID_53R9AO5S,train
ID_T8WWQQIA,train
ID_OB3V2CQG,train
ID_1NI45AOP,train
ID_4XIU9KCG,train
ID_PKM85PND,train
ID_ZWGLEQDH,train
ID_OJ9FXXGH,train
ID_GUWMVTK8,train
ID_CWFZ7SIH,train
ID_SYNVESPK,train
ID_YPNS5W24,train
ID_GK2NTC2O,train
ID_TOFATNLX,train
ID_O9SZKQMG,train
ID_KVOPY2YT,train
ID_K45USU80,train
ID_TK68VKU3,train
ID_PPKUEWKI,train
ID_K6WIDMM0,train
ID_5PF293VX,train
ID_QWBO73X0,train
ID_P1RSWO5P,train
ID_C1FYRE76,train
ID_42I463VQ,train
ID_O9P4PZT7,train
ID_X9F1VQ5A,train
ID_LIBJZIYF,train
ID_PMCJI29P,train
ID_4SDPH7BC,train
ID_7SBSOGQ0,train
ID_Z85L6WVF,train
ID_DDJYRE2F,train
ID_49UMS8GK,train
ID_SLWLDTI1,train
ID_9JIUY0AM,train
ID_12MOV6L1,train
ID_6TXA1P1I,train
ID_QC5222M9,train
ID_DR2NPQ07,train
ID_NZX83LZV,train
ID_1TKGWDIB,train
ID_INS9BCNV,train
ID_Y1G0GXA5,train
ID_Q5KJ2A88,train
ID_0N888T0I,train
ID_RJP4WMB1,train
ID_TQS9FT85,train
ID_Y6K3OD8C,train
ID_N689RV7A,train
ID_VYWU3WNW,train
ID_BBXGTYO2,train
ID_31D2EVPL,train
ID_0VFGT38M,train
ID_N9ZVZ4BM,train
ID_Y5PNQ351,train
ID_I4FII17Y,train
ID_0JPNUTOM,train
ID_KRQQIM4U,train
ID_NE7ESURI,train
ID_129D4W3G,train
ID_CUPGO8X8,train
ID_IWV9HX34,train
ID_HQI5W8MV,train
ID_RZCZRIS9,train
ID_QDBPWMMH,train
ID_D17DE7UM,train
ID_VR1C26TF,train
ID_HUTMGNPH,train
ID_R9ZJ18A1,train
ID_6QOP1PLP,train
ID_TC8BLD6P,train
ID_5DGY3X3L,train
ID_6DCWU3QK,train
ID_Z9HBX1DV,train
ID_OJHFMQOB,train
ID_W142UY23,train
ID_0UG3S204,train
ID_PXS9A3QW,train
ID_KVTG8IKZ,train
ID_ECGLE5RC,train
ID_8LQ87P6A,train
ID_12NUBJO7,train
ID_38YPRAVY,train
ID_WCXNJXE5,train
ID_BJ0F8T5J,train
ID_BH71JG38,train
ID_4SRTXDPW,train
ID_PLZ3D1NG,train
ID_OP1BX9I3,train
ID_3ZKZC9W5,train
ID_WMAGGFFP,train
ID_UPN02FGN,train
ID_TU45FN8J,train
ID_95Z2JZC4,train
ID_XSJ2CGWJ,train
ID_YEEI4XN3,train
ID_IUE0K2RL,train
ID_N5DH6QWA,train
ID_E4SI7OAV,train
ID_T2ENCYXD,train
ID_RBIX6G7R,train
ID_YZHJ61RR,train
ID_XARAR8AV,train
ID_R0OM6DS0,train
ID_TD3I476Q,train
ID_2FS9HOZ2,train
ID_KM83ATC4,train
ID_X3H39NLZ,train
ID_O9A3M57I,train
ID_L42H8OWQ,train
ID_15TN1RF0,train
ID_B20I79FN,train
ID_3MDGNNCK,train
ID_19YD0LMN,train
ID_4M0TQY0W,train
ID_1TIQRSWM,train
ID_0VAVY0N3,train
ID_27FCTSGX,train
ID_SAXEREU4,train
ID_UWC12BWD,train
ID_4MITF299,train
ID_IIP8H7QU,train
ID_89WI6YK3,train
ID_JZ2SM9AX,train
ID_M8Q7YM9U,train
ID_Q9TYUK31,train
ID_QEP4410R,train
ID_I28FK8OT,train
ID_ZYWFXD51,train
ID_K9I6PVYG,train
ID_5RU8100U,train
ID_H9ZG2Y86,train
ID_9QZP0KF0,train
ID_5Y4TJ20L,train
ID_K3XSDXPO,train
ID_UIXEDLVQ,train
ID_12WVK5TF,train
ID_UQMYCV7P,train
ID_Q607893H,train
ID_IFHLXTTP,train
ID_VOYBUXPT,train
ID_6L05IL9X,train
ID_QELRXSTK,train
ID_E9X9TGYU,train
ID_FKOUM5O4,train
ID_72650RAQ,train
ID_D957ODFM,train
ID_BU73IRPE,train
ID_IEB9KR1P,train
ID_M70X2QGT,train
ID_F53NVN3W,train
ID_2L4N5VAL,train
ID_9Y851PDQ,train
ID_DRDACJUC,train
ID_A7O5WUN7,train
ID_ITJT6X4I,train
ID_XSOV6YDP,train
ID_LF6NELD7,train
ID_P2WDDL9T,train
ID_IPR9VT7L,train
ID_65Q5KVIC,train
ID_NGTWVXD5,train
ID_YO3X56DE,train
ID_UMZZ4LS7,train
ID_5UOPHHNH,train
ID_S8MH6OFG,train
ID_46ZICRVL,train
ID_LUJLWMX3,train
ID_DE7PUWTP,train
ID_7N497H08,train
ID_8AS8W5Y4,train
ID_LQ0GBDKJ,train
ID_702XQV8B,train
ID_JB22OT3U,train
ID_TP2AWK4J,train
ID_RX7QJ5G7,train
ID_VZ22HPH5,train
ID_98IKRTE5,train
ID_Z4BE8FRS,train
ID_OHR282VN,train
ID_TICW67OW,train
ID_8VNCC84T,train
ID_WGS6RRMT,train
ID_6TSR6TMW,train
ID_WWWDN2J9,train
ID_0P916QOL,train
ID_BRDLQ48M,train
ID_J5G8SX1A,train
ID_J7FX3DHF,train
ID_5G6CS1F8,train
ID_ZXW8F4Q7,train
ID_ABXJXRPR,train
ID_DBZRKWXE,train
ID_9SEAV4F2,train
ID_KGFANHYT,train
ID_FOXRUZ2X,train
ID_VB5HN0P8,train
ID_AQ8V6IJX,train
ID_6VOJ3RN6,train
ID_FM4N4HKY,train
ID_HNPGM18G,train
ID_A5OQ9FOD,train
ID_AZ1WBHG3,train
ID_N1FTKLBS,train
ID_GUYKMZM2,train
ID_TRVW2PQJ,train
ID_ACG1TZVL,train
ID_Y9W588CV,train
ID_I6HM4WDA,train
ID_89W5FM7G,train
ID_J57848EG,train
ID_P66T7OXD,train
ID_21DY50DY,train
ID_E3WTV94B,train
ID_W7B3WEEN,train
ID_7G2J2ZF0,train
ID_PBQUX2AR,train
ID_54X6YMOM,train
ID_Y8RW9MCD,train
ID_347RS5VU,train
ID_0VRLLS8C,train
ID_0T1CQFXL,train
ID_LV5I34D1,train
ID_0LKYZUER,train
ID_7155AOXQ,train
ID_3XXAIZQC,train
ID_2ZPZLLW3,train
ID_FWS6026E,train
ID_P6HRWXR9,train
ID_4VSZ97EK,train
ID_MUHSU8EZ,train
ID_ZNIBCUJW,train
ID_331XG3TA,train
ID_GDP06EAQ,train
ID_06LIS18Y,train
ID_ERTW3FHE,train
ID_B3XD4RKR,train
ID_H5G58VE5,train
ID_5W9HLGLC,train
ID_ZZ1CEOZ9,train
ID_VFO4KLGI,train
ID_426FNFR3,train
ID_YMXEP3FR,train
ID_E67FEV61,train
ID_N59B1G53,train
ID_INBVXDA6,train
ID_CUEI01VQ,train
ID_SB5NO1LZ,train
ID_EOACQIZW,train
ID_0OHTM8IW,train
ID_7SLY1UG5,train
ID_A8KAUV50,train
ID_5YY9YZCL,train
ID_3560DHJA,train
ID_PXKVVZEF,train
ID_XBH07HZ2,train
ID_9G9SEJ9X,train
ID_LI3J066E,train
ID_BP0HHR3M,train
ID_2JKRWUO2,train
ID_OQTHBCFQ,train
ID_J7WIXPC4,train
ID_X08PPOW9,train
ID_41IAL0JN,train
ID_1XKC3ZLS,train
ID_ZYWGCZYA,train
ID_RZYUCRZI,train
ID_1K7QIYVB,train
ID_LGIKERPJ,train
ID_9KAYGH48,train
ID_P1N8BTGL,train
ID_KQA1MCSY,train
ID_FOUJUDJ6,train
ID_WCCJM6ZH,train
ID_BEVNXVMY,train
ID_SJTF31HU,train
ID_YDS38TAL,train
ID_NHHOW9IK,train
ID_USAR7V2E,train
ID_F3O1KEE0,train
ID_0SZH772Q,train
ID_L0UMWK36,train
ID_L7ESSXXX,train
ID_ZHN6MJPW,train
ID_386VAU32,train
ID_LCBFPFSJ,train
ID_HE2EF6RA,train
ID_U39DB6EO,train
ID_9ECJ9V19,train
ID_0626FD3C,train
ID_VDD2ZU91,train
ID_93O1HGH0,train
ID_HUQ03ZX0,train
ID_1374IDA8,train
ID_NZUVCKHU,train
ID_4ZEH1UI4,train
ID_FLNW3SB2,train
ID_ZMHAX1XU,train
ID_5OG5B2M4,train
ID_54I14JTI,train
ID_KNHX67PO,train
ID_RPLLONMV,train
ID_H366GJBF,train
ID_2BHSZOMD,train
ID_3OSLN0BV,train
ID_RGCYH4YN,train
ID_RYGMKNNB,train
ID_OJFR965J,train
ID_XO70PW69,train
ID_34PQPEX5,train
ID_HW927F8B,train
ID_Q0DIHL8K,train
ID_LXUEH670,train
ID_LALIIA6U,train
ID_0XB2X6AM,train
ID_D1NAW39K,train
ID_MF3DO0ZS,train
ID_UD1JYSAM,train
ID_KKN9D6KS,train
ID_5F286I9A,train
ID_UAR2IHGF,train
ID_HF7HXW9F,train
ID_DX1Z2FIW,train
ID_ZJKM3TXG,train
ID_0JRINB26,train
ID_CBJGX7GA,train
ID_PJCOU33I,train
ID_5N12AKFY,train
ID_131FDYAI,train
ID_QGN3V74Y,train
ID_C0USWCOE,train
ID_SSKYGZ2T,train
ID_HESK8NFJ,train
ID_24BZDX3P,train
ID_F3Y5SC22,train
ID_M3JY7O0K,train
ID_Q82HC3SU,train
ID_614WKS3K,train
ID_VXOGSG8K,train
ID_AU31X35Q,train
ID_MXVPW88T,train
ID_ZF13Z415,train
ID_JHCLSRSN,train
ID_QVXXDJYV,train
ID_2D5KM4NA,train
ID_K7R0VBJM,train
ID_1OG5CIWJ,train
ID_MWFN53O3,train
ID_8MOZVA1M,train
ID_2G7CZBMJ,train
ID_AODBUJCB,train
ID_5UHKZ439,train
ID_WMMB3NYM,train
ID_KPEIO6SR,train
ID_X95J0BUT,train
ID_AYW32E3A,train
ID_E5NZ606S,train
ID_YPRC4A95,train
ID_YMUA3ZLY,train
ID_MISCMB48,train
ID_PJ2EXMBA,train
ID_FQH25VNN,train
ID_MAIYKHKM,train
ID_J8083V9W,train
ID_BABP5FNU,train
ID_3GYY3CXU,train
ID_ZFC7YAP3,train
ID_NFPCOW63,train
ID_APXZ26QC,train
ID_MT71A2LW,train
ID_GF4U1DVN,train
ID_48JQCPRL,train
ID_RIWEAO54,train
ID_TGRSO3YW,train
ID_7KUTZZ4R,train
ID_XTONFYTL,train
ID_951H36XN,train
ID_M8XVDCQ6,train
ID_KDK2XU1Z,train
ID_T5IJTW2E,train
ID_IKKL0KHR,train
ID_VAC9ZI07,train
ID_UMPH6S5E,train
ID_92XTUAQS,train
ID_699L8WT4,train
ID_GYDFFGQ7,train
ID_326V20YB,train
ID_9JDK104A,train
ID_P45BYDOF,train
ID_Y9DS6BEU,train
ID_TXZ1V99E,train
ID_T70KKKMW,train
ID_4TODHQD3,train
ID_C8TYU2RA,train
ID_Z5Z1CXX7,train
ID_698MQUB4,train
ID_42IO0PTO,train
ID_6ZT30XC3,train
ID_2OJUQBHI,train
ID_54XNRAHO,train
ID_O6NERAK7,train
ID_7T8GT5L0,train
ID_IV4N68RE,train
ID_UX0TVOG0,train
ID_OR6C4UBH,train
ID_UYDTZNMR,train
ID_RVZIC1EW,train
ID_O0ZISD13,train
ID_M4X0DA9J,train
ID_JA4B4VPY,train
ID_10SB2SQK,train
ID_0YD5DWOB,train
ID_GQQ8SCIN,train
ID_9G04O44W,train
ID_N67QZOQH,train
ID_GBZOF9AM,train
ID_PYY516RF,train
ID_MQ2R08SS,train
ID_SSH87TM3,train
ID_IQZXP285,train
ID_NEC6GN4W,train
ID_2164X5GR,train
ID_MESCCRH9,train
ID_51TKKK49,train
ID_DIBDLF56,train
ID_3UN8YU83,train
ID_53WY5Y1U,train
ID_C9PDHP2B,train
ID_3EPMT3U0,train
ID_7DO8LMT9,train
ID_MM8GGXFI,train
ID_XDZIV78S,train
ID_JVBLHLVQ,train
ID_UWETTPHT,train
ID_ZZTLP2L5,train
ID_4BJLWXOM,train
ID_X48AXBD6,train
ID_EX81ZHY7,train
ID_YJH8DM29,train
ID_A26EUYIY,train
ID_KLGYZ680,train
ID_VBXN3KZW,train
ID_LKPTXRZV,train
ID_KRGJ85DA,train
ID_FSTK2GXS,train
ID_4NMWORE9,train
ID_44ZHP9V7,train
ID_ZIQC9OSY,train
ID_837CS2GI,train
ID_44EWEU8B,train
ID_A9FEGY7S,train
ID_IK0Q8PIL,train
ID_AUIKFUTZ,train
ID_A4TT9VVZ,train
ID_CNGJE4JZ,train
ID_CXSRHP1R,train
ID_0FZ9IBRG,train
ID_TXA80CGH,train
ID_JRJA3EAJ,train
ID_INM5L7WM,train
ID_OV31GCH9,train
ID_XHPXHUOC,train
ID_M9A0FN13,train
ID_UTCNMVWA,train
ID_5WOTO68F,train
ID_16FV7AJL,train
ID_5YBKPJF4,train
ID_E6Q4OJKC,train
ID_E65VXM7R,train
ID_L41TEAV3,train
ID_8C0X5HU9,train
ID_KGZLLSZ9,train
ID_H1BXP7TX,train
ID_8OU55264,train
ID_Z2KD32Q9,train
ID_GB6FKK74,train
ID_U726XEMC,train
ID_4FXVGH4F,train
ID_V3W02I0S,train
ID_WMFII97L,train
ID_1U7QNHC4,train
ID_2XX542LI,train
ID_5X7FHSY4,train
ID_HAX9E911,train
ID_6R9YOBHA,train
ID_F9CMEFW1,train
ID_KM4WJY5U,train
ID_IR41OY7M,train
ID_P51MVW2H,train
ID_O4QBJUDB,train
ID_81Z7SI9N,train
ID_ZPZFX7D2,train
ID_U4Q3P51A,train
ID_R1GLUYYT,train
ID_NNLNG29Y,train
ID_1TABDKQX,train
ID_BJ4DHGUU,train
ID_G6D1V5DJ,train
ID_S9B7MQKP,train
ID_J3SI6TV7,train
ID_Y5TLUTOS,train
ID_NGHNAZJG,train
ID_5GQVMPHK,train
ID_OW8QR0V4,train
ID_BJM67N4D,train
ID_UUZBNTPC,train
ID_CBJBLV8M,train
ID_53V5WYL9,train
ID_8S2UMA4N,train
ID_KO35T8MK,train
ID_W0CEQUJE,train
ID_OMQATA97,train
ID_LPWP1YQ3,train
ID_2RHJ6TN4,train
ID_USI0Q1T7,train
ID_0TPZ1SKL,train
ID_AZU8T02H,train
ID_YTIED9QJ,train
ID_XN5XR739,train
ID_BK4NIS35,train
ID_7HTD0SPD,train
ID_FFETYY16,train
ID_55E5GLB2,train
ID_IF9L2JJH,train
ID_Y5KVQHB0,train
ID_44XA0XID,train
ID_EFMAO7PD,train
ID_L8IJ9DFF,train
ID_923HVOW5,train
ID_3I17B8L6,train
ID_J436IXQ6,train
ID_PBY1PQHT,train
ID_J1J3NZ9Q,train
ID_LYSV8ANF,train
ID_HSGFREEY,train
ID_Y2Y5W2B8,train
ID_RVZ9HK3R,train
ID_AFDQ3IPZ,train
ID_1RMB8IQS,train
ID_GNVTL6MC,train
ID_GK06LTWJ,train
ID_I9L7ZMYY,train
ID_34ZJIEXI,train
ID_DPG5UIR0,train
ID_ZKD9KG8T,train
ID_Y520KD7D,train
ID_AEH3J2MQ,train
ID_E47DS0FJ,train
ID_734QV3BZ,train
ID_84AWS8ZH,train
ID_FBVQU4SP,train
ID_1IS7UYGP,train
ID_AY5CZFN9,train
ID_TR5EFHBE,train
ID_MU5CJXYV,train
ID_3WWTZVOB,train
ID_FU57XYVH,train
ID_EHFUPN7L,train
ID_11MA23BO,train
ID_FZ7ZAQ7S,train
ID_VFDQ1YWV,train
ID_41IWVH56,train
ID_O36G0FFK,train
ID_MN66L574,train
ID_O0NBN5H2,train
ID_0BGWH6BU,train
ID_YRW65TST,train
ID_WK5ROFK6,train
ID_39AO8J1M,train
ID_Q3H78QW4,train
ID_FWCWHHPJ,train
ID_R0G4CCME,train
ID_CGANZDVX,train
ID_CEPHMEH5,train
ID_38L1H2FM,train
ID_N7DOKLV7,train
ID_08PDYYOF,train
ID_454OOT2E,train
ID_5CXDB1EF,train
ID_5KWI9LXG,train
ID_2DZV3NEE,train
ID_C3GP8XQL,train
ID_U0UHAUOI,train
ID_2KXHL8PO,train
ID_25HABKV3,train
ID_HW7Q2041,train
ID_OSDP7M2U,train
ID_MJITEQKD,train
ID_WOC2JOQK,train
ID_ARY97U93,train
ID_6ABZ1XNR,train
ID_HJ94N01G,train
ID_Z167YKWP,train
ID_DL6XMO4Q,train
ID_7LOX7D6S,train
ID_4O0NY2DD,train
ID_LEV8MPM0,train
ID_BL8Y3QM5,train
ID_SIZI0L3T,train
ID_F4TK9NOH,train
ID_5Z051RGF,train
ID_HZVW1TJ2,train
ID_E5Q85LZ3,train
ID_FMP8G534,train
ID_XSNKVMIL,train
ID_O59RPP29,train
ID_7EYTJK68,train
ID_NAXUSF6Z,train
ID_8IICPG8W,train
ID_2IV7QV4K,train
ID_8MYYYQNS,train
ID_23S1MIMM,train
ID_OFRP5O4J,train
ID_SIEJQ0VW,train
ID_2RTI7ZDF,train
ID_LPTJY43Z,train
ID_6KTD2XCH,train
ID_14WTOPN8,train
ID_PWFCVMVI,train
ID_PM2PPH3U,train
ID_H04V1QS3,train
ID_2XEDPGKQ,train
ID_RQC5TLP0,train
ID_VQOAB5HD,train
ID_EDR9Z4AY,train
ID_PU0RH9L0,train
ID_19G6IB3C,train
ID_MZV16MU0,train
ID_U19OO9L8,train
ID_3NTQK3XK,train
ID_3Z91Q6AA,train
ID_MA7SZFFX,train
ID_WLH2F1T7,train
ID_QF8437UE,train
ID_Z0UP83N0,train
ID_T4QA3DHV,train
ID_W6ZRT9FF,train
ID_KAV5Z8O0,train
ID_24NSV8YQ,train
ID_JTB9HOUZ,train
ID_956QEB1D,train
ID_G8NB5LYV,train
ID_3G78XHAA,train
ID_DORISJTH,train
ID_2A4RNT7C,train
ID_QKOJ2Y9F,train
ID_ML89ER8V,train
ID_UG51FWCJ,train
ID_VNIQYKNU,train
ID_5WK35WDI,train
ID_5ZBXGAF8,train
ID_WQ97JBPJ,train
ID_T048R1F6,train
ID_8BFGP2PB,train
ID_O8GABM3F,train
ID_SBJJGNOJ,train
ID_FGQTG32S,train
ID_VGZXGQT1,train
ID_FQ9H0W4R,train
ID_QHRP9HCB,train
ID_RYVAXWR4,train
ID_8Q3T04UQ,train
ID_YA4E8CIG,train
ID_74YK1GBP,train
ID_7JAUS5N3,train
ID_7F4EFP5C,train
ID_KLP2UP73,train
ID_WQGDEBQV,train
ID_R6GAN7BR,train
ID_LW44JMXH,train
ID_EMZWI5EE,train
ID_13QCZFLI,train
ID_Q1R6BEP0,train
ID_IDW2JRL4,train
ID_DAQ2NVMB,train
ID_UFYMI4YU,train
ID_7N5D325Q,train
ID_OAE6PQIU,train
ID_LI8YN3XM,train
ID_YMGMM5HR,train
ID_6ZT6APFI,train
ID_0643CFLU,train
ID_P1RUO4CN,train
ID_F33F3F7R,train
ID_2ADMZR7S,train
ID_G1142TX7,train
ID_1RXM1NG7,train
ID_1WDX4R2N,train
ID_PZXFQ59J,train
ID_QDZC74H2,train
ID_WCW9L0H2,train
ID_4H9W9T9S,train
ID_5KTIUOGY,train
ID_I6VL5UBI,train
ID_3EHJU1DY,train
ID_TFLJM3TB,train
ID_5BHBQK41,train
ID_CX5OW3ST,train
ID_O4PM1LZA,train
ID_1IE1UGBO,train
ID_KBSNNSZC,train
ID_8X9YBGTX,train
ID_T81HG5H2,train
ID_43UMIPY1,train
ID_757WQSNK,train
ID_Z595OOH8,train
ID_YB5LAAXW,train
ID_ID4Q7XZH,train
ID_18816589,train
ID_UYFDUA3J,train
ID_SRSA5L99,train
ID_L0ZUCW6O,train
ID_5LJALR4H,train
ID_OX9G1P08,train
ID_OUMYYMBZ,train
ID_HO7L1BN6,train
ID_KSZIVDKH,train
ID_5OGK5VE2,train
ID_PRZW3IS7,train
ID_9W2TAX42,train
ID_QSM2J3KS,train
ID_KYEBB50X,train
ID_F2PWKJOI,train
ID_M2BXI6WY,train
ID_71TAG2JK,train
ID_6R1TOAJE,train
ID_T6AVT3IU,train
ID_VXOT8IHY,train
ID_RUSF1IAV,train
ID_YMT4DS2M,train
ID_6LQLYV91,train
ID_SLARCZ1K,train
ID_NGPKU4QH,train
ID_QIQ2OGA2,train
ID_BG1GK23N,train
ID_VBOYL54V,train
ID_S8CYA66T,train
ID_WE2YU8HH,train
ID_HUE59QU9,train
ID_US3LONT1,train
ID_YMV1ZWPK,train
ID_7R9ON85G,train
ID_AATMKVRF,train
ID_5CZQ6YCI,train
ID_7Q9B2DFK,train
ID_MN0UU7LM,train
ID_RXVJ9Q06,train
ID_PSTGOO0K,train
ID_PKB3FMKU,train
ID_RHLU4U0B,train
ID_GHLAF7CW,train
ID_P3QXQ8VN,train
ID_S0VIEBUR,train
ID_5RDFP4HF,train
ID_ZZJZ2CV6,train
ID_ZADP6CKV,train
ID_T1JBKKEW,train
ID_4Z6XLWOV,train
ID_1AY9J44D,train
ID_LWBYGQYG,train
ID_18JZHIGV,train
ID_TM6G2WPB,train
ID_88D3SPIC,train
ID_TQHQFIWN,train
ID_PCL3XJ5W,train
ID_585HOLL9,train
ID_5PHIPXV2,train
ID_8QNJ3YYT,train
ID_YCXXASLC,train
ID_S32TCUM4,train
ID_KZBH72LK,train
ID_KPWP3MCP,train
ID_FT19HVYC,train
ID_7RDGAWRZ,train
ID_IEM81SNY,train
ID_0LQDZUPM,train
ID_CUIJJBIC,train
ID_3GQ5VRXQ,train
ID_T274IDBS,train
ID_5RSEM2IR,train
ID_Y0SYIVL2,train
ID_CJ0EI2IZ,train
ID_PLZCFINT,train
ID_ERINK7T9,train
ID_65YOQV88,train
ID_AO1U72HU,train
ID_W5L087QY,train
ID_ZZYAFD8L,train
ID_SCANQY0P,train
ID_GP7GXP4P,train
ID_J4VPGBNQ,train
ID_Q20T59MG,train
ID_RNHFEXW7,train
ID_46VSSMCQ,train
ID_TVSO4TOG,train
ID_N3VZB85C,train
ID_OBSSARQR,train
ID_DW2YFYOX,train
ID_TOP5B3MQ,train
ID_08HDO24X,train
ID_IMXWDOYU,train
ID_E1LZZWIT,train
ID_PT23UDBO,train
ID_DJT06N9O,train
ID_N3VEY9OI,train
ID_KYXA1WZY,train
ID_TOSRRQ6S,train
ID_B6KJSL5W,train
ID_K44W8K8V,train
ID_PAHHJJLW,train
ID_SSTACCSO,train
ID_FRA8U5IX,train
ID_Y1J9Q6HE,train
ID_YWWA4CX4,train
ID_B7WLU5MB,train
ID_6TZWD4UK,train
ID_RNH3WZ6B,train
ID_ZKBLVPOX,train
ID_JXC2E1NR,train
ID_LPRTYF5O,train
ID_MOUU13EB,train
ID_9TUSZBOA,train
ID_4OOSP82R,train
ID_KMTF4M88,train
ID_JE9Y8VAF,train
ID_56HJMUFD,train
ID_2DTCHLU7,train
ID_N2QD93ND,train
ID_NODAMK5Q,train
ID_XM776DMU,train
ID_90ZZSRR6,train
ID_G6WX7CWF,train
ID_YAMPLDK4,train
ID_EBNDABQG,train
ID_Q8V60ZWK,train
ID_P49UOUOU,train
ID_L3CPJX8M,train
ID_409NTXAA,train
ID_DEKM6ZXA,train
ID_50PXMNM3,train
ID_59RUUSTF,train
ID_C8HVQBTD,train
ID_Q8UKMPLO,train
ID_HDOMX7TG,train
ID_SJ4XUU3B,train
ID_MZ91MJN7,train
ID_K2XIHWNJ,train
ID_7N0GJSK6,train
ID_989CLI30,train
ID_L59EF5R3,train
ID_E2IEZVT7,train
ID_9KR6N2IS,train
ID_AE0NYDLD,train
ID_09RNG0ZN,train
ID_9J9ZK3VS,train
ID_O8ONU8EB,train
ID_8SD5H65O,train
ID_CJG56HPW,train
ID_9VYUZ0Q1,train
ID_9EVBJDK0,train
ID_UQWIFLBA,train
ID_5YDKFUBP,train
ID_NIOMPCJR,train
ID_CRCN57F7,train
ID_LHZJ5GNQ,train
ID_K7KOXDWM,train
ID_VP9925DA,train
ID_FTQBE1QP,train
ID_VFRMDXZM,train
ID_9OVW97H8,train
ID_RM7E5PLT,train
ID_8OQ8BYZD,train
ID_O834KR52,train
ID_AHBJ09YQ,train
ID_8NJ9F8GV,train
ID_R271W1NW,train
ID_8AOU8XCX,train
ID_B2E8GSPO,train
ID_2UD0J14E,train
ID_A1SBKGEB,train
ID_ZKFMGS5H,train
ID_TLNLUCT5,train
ID_D2MQOUTB,train
ID_BT0T8245,train
ID_L2PG1AFE,train
ID_HOR5FVWA,train
ID_H7FK0E1V,train
ID_RXMMGXJI,train
ID_G8YZ5A30,train
ID_L31ZGNYM,train
ID_PWLRCRUP,train
ID_4RKLYK8H,train
ID_CEPT63D5,train
ID_1OY53OCP,train
ID_N069T2PA,train
ID_57HKX5JD,train
ID_6JIIEVPE,train
ID_KVDFHFH8,train
ID_CEG885WR,train
ID_WPLYNOC1,train
ID_D1GTE3TU,train
ID_T07FMW6R,train
ID_DOZLSOUE,train
ID_I6RNWUSJ,train
ID_6LDQQG1F,train
ID_S77ETRNX,train
ID_4JHU9WXH,train
ID_LZCQ28G9,train
ID_MWVL3DEE,train
ID_IUF9UOKO,train
ID_YVCPD47I,train
ID_REDNP3IW,train
ID_GO0DUY6M,train
ID_2IC27ZPV,train
ID_Q4VSWIII,train
ID_CF3FO3HO,train
ID_8EG55H5B,train
ID_C07Y66NM,train
ID_0IPDUBD2,train
ID_SW4OW0P7,train
ID_IFSVYFG9,train
ID_6P3OEAWJ,train
ID_A9TS4FXJ,train
ID_H14B7WQG,train
ID_PNFWSBRP,train
ID_GNQIRO2L,train
ID_9XVD365T,train
ID_6BCABET8,train
ID_I9Y4VVA5,train
ID_YR9BJCD3,train
ID_IT46FIH8,train
ID_39SEROGV,train
ID_PAXQMRZ6,train
ID_OR0O86XC,train
ID_8DIYG7HQ,train
ID_K833HPMT,train
ID_Q1FPMZ13,train
ID_4X7US1IB,train
ID_7IPJUZDO,train
ID_5SBEQJ0Y,train
ID_2QJT8VE2,train
ID_H28PSVPW,train
ID_K9MVE603,train
ID_0WKZCY4T,train
ID_T4W0DA3U,train
ID_IIXR0ZIP,train
ID_YK06V6GS,train
ID_X8AX5YQP,train
ID_P92VIKPS,train
ID_UQZMQMB3,train
ID_D3EIBJ6Z,train
ID_IQD98DRR,train
ID_N249BCAG,train
ID_RIG82Q5M,train
ID_LMWY2EFG,train
ID_58JWDB95,train
ID_WDYMYBDK,train
ID_DBYPLHYV,train
ID_QFV9RYIP,train
ID_FZJAUI16,train
ID_YC25B41M,train
ID_4U8NJHZW,train
ID_PWIGWTX4,train
ID_YB0G0NM8,train
ID_1ANRDOCA,train
ID_W1Z1TP30,train
ID_4Z16P9QC,train
ID_TC4M48M9,train
ID_RFH2OYT2,train
ID_SMOG02OH,train
ID_NFOSBLYZ,train
ID_5QAYKMX2,train
ID_0J6MH4ES,train
ID_NISPAXPW,train
ID_0NFIGRB1,train
ID_3MV1YD94,train
ID_TZPVQGJU,train
ID_20DFS46I,train
ID_3VKC7QKD,train
ID_3LADLAIC,train
ID_HLWAGWOI,train
ID_OHLFVGZP,train
ID_4B6F92Z2,train
ID_7QKFZ0DY,train
ID_SO01UDLE,train
ID_BF8JRSPL,train
ID_CICHX8QF,train
ID_55ZL6M0J,train
ID_OBS8MI1L,train
ID_WVHHV8VU,train
ID_XT6PR3NZ,train
ID_AW69PB84,train
ID_KDOL8Z11,train
ID_QUVOD9W0,train
ID_QL5RTHLZ,train
ID_E8GV8SFV,train
ID_BDZMRQGO,train
ID_AFZRM4R0,train
ID_YKKBHFW2,train
ID_460F5BYB,train
ID_DNUSQ9M2,train
ID_HIGKX2QR,train
ID_W2A4DLD4,train
ID_8MU9HG7S,train
ID_XXG8CM5H,train
ID_4FC5T33M,train
ID_GB7IZYBZ,train
ID_4J25BCCY,train
ID_6AA89SNH,train
ID_9N8RSEYX,train
ID_LI6AZ1PF,train
ID_YLHR5K44,train
ID_940VQ33J,train
ID_LQ48Z33I,train
ID_7P81KQNQ,train
ID_FCZ1TLMI,train
ID_1L5FHUV1,train
ID_IRZM12H2,train
ID_NHQ4AK0J,train
ID_UEEB0SJ5,train
ID_40KE94AS,train
ID_QK8ZPCY4,train
ID_8I449SV7,train
ID_KBSO26LM,train
ID_8GQXL6C8,train
ID_EQYIVHHX,train
ID_OSKEM7TE,train
ID_TXAFD7M1,train
ID_8A15P6OY,train
ID_9QVCP5KO,train
ID_BW7OGGA0,train
ID_Z854S5WI,train
ID_0V8HQWML,train
ID_BJBQFABQ,train
ID_KUN8BV0L,train
ID_56P03C5C,train
ID_UBVIKOLB,train
ID_ZJF4LCSP,train
ID_ET1ZOM02,train
ID_MM37ZBG4,train
ID_7STEGP8E,train
ID_41ECMUJW,train
ID_44NXOL7E,train
ID_YB4CPHKS,train
ID_JRPWZME0,train
ID_3UJIF6KB,train
ID_E3UQGQNI,train
ID_8OIBZG4B,train
ID_AOERWU23,train
ID_JBVK6VKE,train
ID_8MXJMNDA,train
ID_00AWI88Y,train
ID_KM7U80TS,train
ID_UC2X0J25,train
ID_3X9SYV8Y,train
ID_OMM0KK6E,train
ID_RYDJR4RC,train
ID_IW38E91E,train
ID_FYEMTI3L,train
ID_5TEZY13V,train
ID_7PLLE899,train
ID_QFBA3RPR,train
ID_CLC90C6D,train
ID_D0TKM8SW,train
ID_SF7LSWU1,train
ID_15J8CTFH,train
ID_MAH4P9F3,train
ID_7G1L0SVZ,train
ID_1FVUV7NJ,train
ID_01WYEQPO,train
ID_PHBR3BCX,train
ID_ZLDMZQJL,train
ID_X8O38WPK,train
ID_YRUIVPBM,train
ID_B7MMSHE4,train
ID_1F161FPR,train
ID_AO04L0DY,train
ID_RAMXH3PL,train
ID_FXI75GME,train
ID_KW3TL2X8,train
ID_HEHAL3LC,train
ID_FFPUQQOU,train
ID_RDKBNUYP,train
ID_Z6I37HHV,train
ID_NTAESZ7W,train
ID_JBS3N4BO,train
ID_CE0KL73B,train
ID_BDCHJ7K2,train
ID_PY3ZGL6A,train
ID_NBRY3A2I,train
ID_AZ1MVF13,train
ID_MCZTNTYR,train
ID_61TI5ZXB,train
ID_6FCO2S2A,train
ID_F8ADKV8I,train
ID_7E13V29B,train
ID_AFWMBE99,train
ID_8B7HLNW6,train
ID_EOF2XD32,train
ID_WLBVIGY5,train
ID_YM6BFPE8,train
ID_OJ9WS9SR,train
ID_EK6QMIYB,train
ID_JMJ52SCC,train
ID_XQKWBWW3,train
ID_84P9GAUR,train
ID_3R369RBL,train
ID_DJSDVOSR,train
ID_XPT1LEUT,train
ID_FPHXIVBX,train
ID_GXUT0P3J,train
ID_Q1CYR3D0,train
ID_SXOHG56Z,train
ID_O0SYFWI8,train
ID_H2JTIQ7O,train
ID_WWA2E89I,train
ID_FH0QLBJ9,train
ID_207HT4KJ,train
ID_X4LXX5CK,train
ID_BKEK0XFG,train
ID_160VSR00,train
ID_F648KDMS,train
ID_LLL56CIJ,train
ID_KB81EP9E,train
ID_AO5IVWHB,train
ID_7U4LBL51,train
ID_EE3YBL2Y,train
ID_ZTUWFWU0,train
ID_M8IF5HA4,train
ID_NE8OJHFY,train
ID_8QBEBOIL,train
ID_HUR2W41M,train
ID_DM71CHB3,train
ID_9EFHC8H1,train
ID_LGXOZDQ4,train
ID_MIR7AMF5,train
ID_IDXIIW6H,train
ID_RDLHR4YK,train
ID_DW7NLSV4,train
ID_VTX8YMCO,train
ID_NINM8C1N,train
ID_ZHX3UXHH,train
ID_JISXHVRK,train
ID_Z6TNXN5W,train
ID_I7BZETQL,train
ID_IW2GBLNZ,train
ID_UE2QOFV5,train
ID_4DR8FNGJ,train
ID_9PMANCKS,train
ID_UGKD345T,train
ID_1OXALX7H,train
ID_5H1OR3QD,train
ID_BODTTFTN,train
ID_SXQH596V,train
ID_W746806P,train
ID_W5ZSHRQ2,train
ID_PUQALHYJ,train
ID_M94FEKYI,train
ID_YWHOLZ7M,train
ID_SRZV0KRN,train
ID_1RB632YC,train
ID_KENU5CC9,train
ID_DFPEQQYU,train
ID_OOKNXCDN,train
ID_4C900SZ5,train
ID_PERQL284,train
ID_EMBF3XQH,train
ID_M0V99YGH,train
ID_3H0IY0RL,train
ID_QUBU81UZ,train
ID_BXZISWAY,train
ID_7VPC4OGA,train
ID_NE6IKDUC,train
ID_5GUM9RNN,train
ID_XYJXLKCL,train
ID_8F90KF41,train
ID_YM2X3L0I,train
ID_ZVAKYBHQ,train
ID_8YIMPUWJ,train
ID_2AI16R2O,train
ID_ON9HD8WU,train
ID_VY7RQKPG,train
ID_F6040HMJ,train
ID_9S1YFA0A,train
ID_4AFRRU06,train
ID_W74SGVN3,train
ID_2EE2PTXH,train
ID_NND9H3ER,train
ID_1DHXU547,train
ID_F84HX4MI,train
ID_2SGSKJJQ,train
ID_SF6U2EON,train
ID_OIV70K3N,train
ID_8HHYSL15,train
ID_921K4541,train
ID_21IJCXCB,train
ID_L4XG53SP,train
ID_5C17ZNVH,train
ID_ULXJ680J,train
ID_MWPB39QA,train
ID_WE7IST11,train
ID_53LN2DZU,train
ID_T4K6JCBD,train
ID_DMAFHLQR,train
ID_813RPF7X,train
ID_WCOWCIVB,train
ID_CQVVA4W4,train
ID_3U8VFKP5,train
ID_PEN09RR3,train
ID_W2EHHGA8,train
ID_WGMF0XDS,train
ID_3B7BEF04,train
ID_5YM2GR3R,train
ID_HYODCWKP,train
ID_Q7D7LNFD,train
ID_OQQI2VJN,train
ID_PCG4KJS3,train
ID_2O6O7GTR,train
ID_ICCY7ASQ,train
ID_XY64T9JY,train
ID_16DWP3FY,train
ID_3BA0Q3DB,train
ID_UQBR5KLW,train
ID_SBLKS06L,train
ID_65P6M6O8,train
ID_OI7SXBDT,train
ID_CYMEI3QT,train
ID_GT4PRM6Y,train
ID_N1UGXQJT,train
ID_9JZKY14F,train
ID_RPO2L44W,train
ID_XRHQ6PIV,train
ID_WB94S8V0,train
ID_C9OOA115,train
ID_6IHUMR0C,train
ID_L3E5487Y,train
ID_0IV6PHUD,train
ID_ZPN5MO29,train
ID_JEEP6L86,train
ID_VEJ2KOXV,train
ID_YK0ZG2X6,train
ID_ELW65SRE,train
ID_OW8R5GB9,train
ID_NPLGVZUU,train
ID_RR69W2RQ,train
ID_9GIMY4WT,train
ID_U4W99AYZ,train
ID_FKGMK7SM,train
ID_5XYTNXSH,train
ID_AKMMU5HH,train
ID_MEILML1Y,train
ID_V5DUK3OI,train
ID_IJ7S52H2,train
ID_558NELYJ,train
ID_J7F7053G,train
ID_3DDM1QOX,train
ID_6YHSSALT,train
ID_J4MC9YV9,train
ID_LSC4Z42K,train
ID_YZD41XDX,train
ID_HTE9KM5Z,train
ID_AQGTV9D4,train
ID_IQ7RERKW,train
ID_16DE8HEF,train
ID_94TMBCNY,train
ID_UVAYV7V9,train
ID_33V43U8F,train
ID_TN1AH4VM,train
ID_8A51CAVZ,train
ID_T2DIEND4,train
ID_UHBCN0CW,train
ID_S2K7BWX1,train
ID_1FOGYJZO,train
ID_6SBYVBZE,train
ID_C2EN7A37,train
ID_AS1CO6OD,train
ID_GG8VQ13V,train
ID_WS85HBIQ,train
ID_SH337PAU,train
ID_XI1B9SBY,train
ID_1U2NX8H9,train
ID_46ZQAW88,train
ID_IWJ0SLTL,train
ID_TQS7R6BQ,train
ID_SSSKXUFT,train
ID_QE9U9IHN,train
ID_KNWBXWBH,train
ID_CC0QTG0C,train
ID_3XQWS0BP,train
ID_V397ZLHA,train
ID_0VX56YIT,train
ID_V702G68O,train
ID_BY0Y08OC,train
ID_JX03L88K,train
ID_B9OI0SNI,train
ID_YKRF7POH,train
ID_RV4V4SF6,train
ID_821PXLIM,train
ID_O32HRSH4,train
ID_GX2S0HRI,train
ID_Z2RIF326,train
ID_NK87IMIR,train
ID_ZYXL5CWA,train
ID_7Z92RG75,train
ID_8GUS7R4Y,train
ID_8L0WTFW6,train
ID_88EYF84E,train
ID_HV5KS78A,train
ID_K32U9DH0,train
ID_EFGUI1LE,train
ID_RDJ5LUUJ,train
ID_LAESP5VG,train
ID_2TZ8282I,train
ID_KJMSY81D,train
ID_EJ5HBTLP,train
ID_HZYG4J28,train
ID_MBEFYXE6,train
ID_1MPSW2YM,train
ID_DV7RJPTQ,train
ID_6GG1BVPX,train
ID_CGG8MVFA,train
ID_5JKMMH0F,train
ID_Q2Z5SXA5,train
ID_1BN0O9QM,train
ID_5IVBFOV2,train
ID_T26318XT,train
ID_CMGX73QV,train
ID_WIC2ER8H,train
ID_L68088M1,train
ID_GWIBN075,train
ID_UYOI2QSU,train
ID_C4O94GA3,train
ID_EP3MOSJM,train
ID_0RRTJ0G7,train
ID_108ZLYI7,train
ID_IF76SEXJ,train
ID_OA7Y6XLT,train
ID_N36STVG9,train
ID_VMOG97KP,train
ID_RI7DBQY1,train
ID_8AMGMBJK,train
ID_CWHXQG79,train
ID_YELPBYBU,train
ID_TJCU0AX6,train
ID_CYQC2S7Z,train
ID_AFSJI3M3,train
ID_9WAPJZGW,train
ID_XTOQDCE1,train
ID_H12BJCG3,train
ID_2D3SWJSO,train
ID_5XM52H4U,train
ID_E927HOK8,train
ID_AOM6PQMB,train
ID_KFHT6NI0,train
ID_2KKMNRK6,train
ID_2YWWYW0E,train
ID_COBI3YWS,train
ID_0PZ5MOM4,train
ID_IMNTINX9,train
ID_ZI6ZN6EL,train
ID_MZKTSW6G,train
ID_9Z3LHYGR,train
ID_O748S18P,train
ID_3ZM19K0Y,train
ID_74LGND54,train
ID_SSCBZBMX,train
ID_98K9B0WV,train
ID_5114S6QM,train
ID_EI03435W,train
ID_E56LO673,train
ID_YAG7K7AZ,train
ID_13G1ELH3,train
ID_QXAU1D7V,train
ID_ATCEJ8DK,train
ID_ZY6SDHTO,train
ID_SGUFW76Q,train
ID_I7TPVIKV,train
ID_F4UQU8TL,train
ID_OZFVBH76,train
ID_X2OWPOW6,train
ID_9GCWYJLI,train
ID_2PT0ZVHA,train
ID_0UJCD8QS,train
ID_12G0ENST,train
ID_ZANBW85W,train
ID_TR8VP7JK,train
ID_BKI2DO4F,train
ID_X8ZU2KAO,train
ID_Z5DUDQV7,train
ID_B0PZ3J80,train
ID_NWGF2S28,train
ID_4N4BEI10,train
ID_FTD8ON2O,train
ID_G0H2SMO3,train
ID_DSZW6VOU,train
ID_C6HHR56P,train
ID_UWD9LBQ5,train
ID_PXZ0U1K1,train
ID_9XI1N66K,train
ID_4FKH4J6Q,train
ID_61NZSR5L,train
ID_891GUNFY,train
ID_R28FCLBT,train
ID_C3DS0ANM,train
ID_TNEFX16C,train
ID_15IK7Z6X,train
ID_7K3SJD6Y,train
ID_IZJ7XBKC,train
ID_9P1I7VCD,train
ID_46STO75I,train
ID_TIW1MPDB,train
ID_A6TPB8ZO,train
ID_B730S2I7,train
ID_TIS2KZOE,train
ID_Y042G7GG,train
ID_53SWW3UI,train
ID_OUGLNAOO,train
ID_2ODGDFNR,train
ID_26JKTP4H,train
ID_S9J94TST,train
ID_TPBZ99X8,train
ID_MM8MWJU2,train
ID_QJ4FH6LI,train
ID_0IXRVV4E,train
ID_HUOJ5KQW,train
ID_L80ZJ9XK,train
ID_9L4210QK,train
ID_8U72OVNT,train
ID_9RDKDHQ5,train
ID_VDOOM9OU,train
ID_BBDA4EAT,train
ID_TLG8SG06,train
ID_O4BESLTM,train
ID_C2TQ1CJ3,train
ID_J4GYBGKR,train
ID_WFSBBRSL,train
ID_K7US92QL,train
ID_8Y7WWQ7Y,train
ID_IMAYNU81,train
ID_YT029UX7,train
ID_NPR5KCHD,train
ID_LR2OCKQ5,train
ID_3I9T37T6,train
ID_R5BTK2TQ,train
ID_97HN6QVQ,train
ID_25UO2ED2,train
ID_0PHEZ6NB,train
ID_20DPBQDM,train
ID_377WF8ZY,train
ID_ZSISLNOY,train
ID_FVF1008I,train
ID_S3DSKSI8,train
ID_AX54XQU0,train
ID_ZHIV0T0F,train
ID_CXIBYHSJ,train
ID_Y4LT55ZA,train
ID_0FUETCQW,train
ID_EZJCLNHP,train
ID_S1CHU5B8,train
ID_W7EJR3BO,train
ID_M1G1FZG6,train
ID_0NWMO5U5,train
ID_X7J60ATD,train
ID_D6AUDG1Z,train
ID_3QRYUSQ2,train
ID_V0FSBEU4,train
ID_RT4SXT33,train
ID_EOMGPVWH,train
ID_CZOJXQ30,train
ID_KM484FWN,train
ID_S7BOLSNA,train
ID_W8KJ36RY,train
ID_2HIALDD4,train
ID_XLKNAFJT,train
ID_9CCRZSNI,train
ID_QF8R5LQQ,train
ID_P5GW7KX1,train
ID_TARK1OEW,train
ID_2RHTUJMP,train
ID_VNAMTC81,train
ID_CHNFF1UI,train
ID_5J95R3CT,train
ID_NEFN4LEP,train
ID_ATFLHA2A,train
ID_32Y2LMDN,train
ID_K68QFZJW,train
ID_CVHJD8M0,train
ID_TBY58Y92,train
ID_ACQSQN24,train
ID_DILIIIZY,train
ID_1M9WMRFG,train
ID_2RIX1C9B,train
ID_FTKOYIJR,train
ID_0O6VW1C8,train
ID_0IFX1PSR,train
ID_AZZ1O235,train
ID_PMLE6VCJ,train
ID_SPW9UHCS,train
ID_JGQ8T9YB,train
ID_AQWA8ZJO,train
ID_4PWZ0XTI,train
ID_D6N4GYPB,train
ID_X953HSQH,train
ID_5SWK7J6Z,train
ID_8BU64TWM,train
ID_ERKXLYSI,train
ID_LW28S01P,train
ID_B4C351PL,train
ID_MCU8TNZB,train
ID_1X8KKB03,train
ID_QD1OAGSG,train
ID_L4TW1L6P,train
ID_Z585BFFR,train
ID_GJPZXA0Z,train
ID_0JD5TE0J,train
ID_94N39VFY,train
ID_CAWJEB5Y,train
ID_DVOUP3ED,train
ID_HJ6XU4SV,train
ID_DV79KTPO,train
ID_WR93LT4R,train
ID_52Q6UP44,train
ID_6RNSAOE1,train
ID_7HITQY30,train
ID_84BTGZSA,train
ID_BME858UW,train
ID_03FVAFBZ,train
ID_G88K3FTJ,train
ID_72EA5CM5,train
ID_UVU9Y0G6,train
ID_MK16WMOA,train
ID_BTGWFL9Y,train
ID_1N4AMJHI,train
ID_XBBZ962E,train
ID_Q5014ROQ,train
ID_I069AO4F,train
ID_6K9M5MB7,train
ID_RJC9MPAR,train
ID_UHD2WDG3,train
ID_78HWDHPZ,train
ID_CRYIF1BO,train
ID_4AERBS91,train
ID_KAQZFSIV,train
ID_4Z3UPJM4,train
ID_R94PBPHD,train
ID_FIVQRIEQ,train
ID_J53JPU0K,train
ID_47G2TVGO,train
ID_VLVRS00S,train
ID_GN1B3240,train
ID_09Y8GKKM,train
ID_S0S6LLWW,train
ID_FJJFGEMK,train
ID_ANT121W7,train
ID_9BRKFFWC,train
ID_8KB05B78,train
ID_1TX27KRX,train
ID_QU83HLQ7,train
ID_IC08SBDN,train
ID_QF56FXVB,train
ID_0CY1QTWS,train
ID_3WI63MIV,train
ID_WOHQLYEG,train
ID_P8T2IVQK,train
ID_V465CF4Y,train
ID_RSIE0HOK,train
ID_H6RPAD5I,train
ID_M2TKZ1DH,train
ID_VD3K27BE,train
ID_7MXIIHB0,train
ID_N4LQ3019,train
ID_VJHTR7NI,train
ID_0DKF8T08,train
ID_T4HNLSCS,train
ID_OO3KCHSP,train
ID_GCMZXXUZ,train
ID_HO1SKIFF,train
ID_H3ULO599,train
ID_NMX7AYVH,train
ID_UN3OWJYR,train
ID_9YT6PY5M,train
ID_E03AUSAN,train
ID_CK2HM9PD,train
ID_IJP69W6A,train
ID_TZ7NJ5DJ,train
ID_CXFOR6KF,train
ID_P89EOHGI,train
ID_FI5JBBKM,train
ID_WKU5NKY4,train
ID_70ECCJGN,train
ID_T53RD04N,train
ID_1A989R6C,train
ID_ABEN1GX6,train
ID_S1RB5B2M,train
ID_IW5C5NA0,train
ID_P4YR8CCG,train
ID_Q3XJ16G3,train
ID_DLYU7EXD,train
ID_QN74SCJN,train
ID_8V0YSL4E,train
ID_P1FURK23,train
ID_W3M5VVYA,train
ID_BU1V2TOD,train
ID_F7DBWAER,train
ID_ONM764Q4,train
ID_U4VI16V1,train
ID_OTYJ2UHN,train
ID_OZI39F4I,train
ID_5LETUTFW,train
ID_ZXO0VK8C,train
ID_CXLDUNRD,train
ID_PDZF8NRR,train
ID_72JMZ1LS,train
ID_3NLX5KVG,train
ID_CY8OJOJ4,train
ID_C2E6YSVY,train
ID_UJUNZ29B,train
ID_ZL3WQV1M,train
ID_P7JPOAEC,train
ID_R1OXXZ2U,train
ID_9RFV8FCN,train
ID_UXGBULI6,train
ID_JVWNFQ6J,train
ID_5YFAN7B5,train
ID_V9CA0V33,train
ID_HVA69T28,train
ID_UD39L4V7,train
ID_VQUXIMGP,train
ID_TJZZ8QHX,train
ID_F08X7XFR,train
ID_2BCY5OFC,train
ID_NHLRFWH4,train
ID_EZGLZMYU,train
ID_LVJA898F,train
ID_PQWD79EL,train
ID_7B6BCTXB,train
ID_5E546T2Q,train
ID_IUW620WJ,train
ID_TSM7DWRA,train
ID_7FD1SSGU,train
ID_L9ZXJD1B,train
ID_RQIXNEOH,train
ID_UBVZ8MOX,train
ID_WUCSCNV8,train
ID_AASODSME,train
ID_0PDBF6UW,train
ID_XRKKNN42,train
ID_4HUXP2OT,train
ID_V46VTBDW,train
ID_TFUKY8G8,train
ID_BJEHO1JC,train
ID_9N443I0J,train
ID_1A2TWDYP,train
ID_GU7TCQBU,train
ID_7WSOVWLP,train
ID_M3GE7UN4,train
ID_SOGI7XWH,train
ID_NF0HNMOX,train
ID_XNOCTVUV,train
ID_4HCH8D15,train
ID_QLUKKUBA,train
ID_9HXNJK8O,train
ID_4CF25SEP,train
ID_OKDWZZLM,train
ID_Q4PSNWN3,train
ID_V7ZIDKOX,train
ID_VPX334VD,train
ID_N8QZQJGI,train
ID_X4HR8LMO,train
ID_DLO9QAN9,train
ID_ZU2BW3BH,train
ID_YHSY8B81,train
ID_XO0B0ZCR,train
ID_8OB9DS3K,train
ID_UIU3S9FD,train
ID_9PJU3AOR,train
ID_2AUCTHYB,train
ID_BQN0F3QM,train
ID_FEDDMYBZ,train
ID_62371EUP,train
ID_88X6LYPC,train
ID_SMBVWFJC,train
ID_JCVX8KZZ,train
ID_RDTZ82CD,train
ID_623MFUZ8,train
ID_UBYZC5PP,train
ID_Z46LND16,train
ID_TLFUZHD0,train
ID_GJZSL3ZI,train
ID_EYXFAWK8,train
ID_RJFIRUZA,train
ID_3XXZ8TOO,train
ID_77EK349O,train
ID_2UD495E0,train
ID_RPTBHEJA,train
ID_D7RV0513,train
ID_Y9DYVFQZ,train
ID_4FPNY3OC,train
ID_S6ZIHRVZ,train
ID_HXYPGXUX,train
ID_ULYNKXC8,train
ID_JDQ5WOOS,train
ID_LVTV9H50,train
ID_MHVNWBDN,train
ID_K4QNQCBJ,train
ID_SNEH67ML,train
ID_F8RT5YQX,train
ID_VALPQK4T,train
ID_Q3ZESGV4,train
ID_V3O9NQCD,train
ID_874Q7RPX,train
ID_QJQDTFYX,train
ID_LFZEFFD8,train
ID_9EF6GBWK,train
ID_5EQWYNS0,train
ID_CE2B06QP,train
ID_4UP9LYGI,train
ID_5LMR7UAQ,train
ID_9WDPTCDR,train
ID_7RA9DJ80,train
ID_8WISANPW,train
ID_HETYT25J,train
ID_DBS706IF,train
ID_FOR6NH88,train
ID_NJC0ZFCS,train
ID_LTB3I0L7,train
ID_B8TBNKZD,train
ID_DCS8QCH5,train
ID_DEHHP208,train
ID_RKWQWUEH,train
ID_DBCZ6YSG,train
ID_NCEDYYIB,train
ID_1W1Z1QIX,train
ID_KY241MTR,train
ID_ODEN7UBP,train
ID_PI5M89I9,train
ID_FRW4DM1B,train
ID_ZV8QO7D5,train
ID_OFD2KUOP,train
ID_06N1ONJ7,train
ID_7PGAZTF6,train
ID_HK1BVRF9,train
ID_B66ZKBHP,train
ID_0W6WIKZC,train
ID_JFXPV83S,train
ID_7ZV49T1G,train
ID_7OAD4QW5,train
ID_Z2N9ANTY,train
ID_VXC4TJ1N,train
ID_DWJ2U0KO,train
ID_70J9S5OA,train
ID_VFF59QP2,train
ID_OJ01VYTV,train
ID_RC5RZKLO,train
ID_3Z606LC1,train
ID_ZDYU2LET,train
ID_GQREQE1G,train
ID_DDCCHDUX,train
ID_QIXV824K,train
ID_DTXZN4XJ,train
ID_4RIC58LO,train
ID_WQJA1PXO,train
ID_BU2T4MLV,train
ID_SQ6ZKDX6,train
ID_EHY1OGQT,train
ID_0HWBQ5O5,train
ID_0UND85XF,train
ID_VY446K28,train
ID_I4H8M0G9,train
ID_NJXL6NOW,train
ID_SL3RAFW1,train
ID_V13YAZ5O,train
ID_50TQ5JB8,train
ID_ZWGIXGA3,train
ID_9SYVJPHM,train
ID_OE901N2Y,train
ID_Y86STEAE,train
ID_2YZ3XXZL,train
ID_5NJD79E1,train
ID_I0ZUZAWK,train
ID_HVENLXZ3,train
ID_7CWUPFFL,train
ID_KWPUTTLJ,train
ID_3260P8CS,train
ID_JMAJ0E9B,train
ID_VGP3NDHS,train
ID_J4S3TV1R,train
ID_OI5ZQC99,train
ID_LINGWZY7,train
ID_QMKP2CH5,train
ID_OEX6OHQK,train
ID_L2UA3NPB,train
ID_US056HP7,train
ID_7FAP5AT4,train
ID_3MKJBUGV,train
ID_I82ROZ5Z,train
ID_6UOSHGJ5,train
ID_IA05J1D5,train
ID_59BLYT6H,train
ID_8GDO95VZ,train
ID_T15Q0M62,train
ID_JQVVQI2O,train
ID_LHALOLWK,train
ID_A8H5URQ7,train
ID_HFEW2RQW,train
ID_ZM2VEI8J,train
ID_L05XZKIP,train
ID_Z8XZKTJO,train
ID_VBKTL494,train
ID_TJKAZNG4,train
ID_IHWAUM83,train
ID_JG2H6E3O,train
ID_5HR4W7IY,train
ID_D7PC1I71,train
ID_EPIY5WZ5,train
ID_7RPJ0B2X,train
ID_UWF9ESFC,train
ID_GA0WJF3B,train
ID_3MYVOAKX,train
ID_VVP7MUF1,train
ID_D12NVGMW,train
ID_ZEJXKXR3,train
ID_D1C3HFVZ,train
ID_4F5DIFPU,train
ID_I3ICXTJI,train
ID_O5FYJ7ON,train
ID_YASV9DZC,train
ID_1LQFCW5E,train
ID_WS80QKKC,train
ID_2FSR3CDA,train
ID_29IF26U3,train
ID_PGGGIUIE,train
ID_OD5MGM95,train
ID_UFAZLAAK,train
ID_W1NDLA7F,train
ID_UFOMVM4S,train
ID_N7RU3SMV,train
ID_TNKTPG2H,train
ID_660TLEBG,train
ID_K5RNUAHD,train
ID_FUZ8NUAR,train
ID_89AM89TM,train
ID_8AI8NK9V,train
ID_49NJRB8B,train
ID_KSB69BSY,train
ID_2QD8PABV,train
ID_6V60OMUG,train
ID_SVBPCJBC,train
ID_1F1ABHRR,train
ID_NLP8BNE1,train
ID_MJXL2T0Z,train
ID_9K81A1KT,train
ID_CGLSM38H,train
ID_DLFAEBQ5,train
ID_4UHHTOD0,train
ID_7NR553QF,train
ID_HS5Y42RR,train
ID_51YKTI97,train
ID_9TC8S34A,train
ID_GS1SJ7RG,train
ID_JH8USP0W,train
ID_PVK1V94M,train
ID_1MUJ7V81,train
ID_VBL7ZCFA,train
ID_NWA0IX7F,train
ID_XR9GCNIT,train
ID_ELTJP4ID,train
ID_UMP1AOGU,train
ID_EZ7KECI4,train
ID_INOCU73B,train
ID_UDBS0ED2,train
ID_2026X284,train
ID_ZE5HQ4PV,train
ID_MBFSC7K4,train
ID_XJD2FYN4,train
ID_IKZ4NX7W,train
ID_FSZ2TOIC,train
ID_8SD3DS7V,train
ID_89B1HQWI,train
ID_5OHEXGQQ,train
ID_MZUIZAZG,train
ID_XBYDRIMY,train
ID_PKZRRSXK,train
ID_D37B2RJU,train
ID_FX3D6RAY,train
ID_OTU3DIJV,train
ID_VD6NLCWG,train
ID_0ZBTHN24,train
ID_PDMXEMUR,train
ID_1TNXXU81,train
ID_P8KL355E,train
ID_2BDU5RNF,train
ID_LQO6X3B0,train
ID_EVV6RI5M,train
ID_UZDTIKHQ,train
ID_1SA76VUV,train
ID_P6EWRP1C,train
ID_VABZZXNH,train
ID_4PVIP852,train
ID_L389CXBE,train
ID_UX3MSCRP,train
ID_8U7DY032,train
ID_BB6CEDTS,train
ID_JQHLDGIJ,train
ID_RCPJEXJO,train
ID_DUPU0HC6,train
ID_NL3E2N82,train
ID_FEMUFW5P,train
ID_8YTWAN6H,train
ID_BH3NXDSH,train
ID_5LYPDPT8,train
ID_E6PEHFC8,train
ID_C06D2PYB,train
ID_23ARW5L5,train
ID_MKFWI81X,train
ID_P0PBM7X1,train
ID_KDKDH1OJ,train
ID_2FIKI366,train
ID_2Z2V0ZKI,train
ID_13KLHZ84,train
ID_M7MLJIJ8,train
ID_2JVKO2RF,train
ID_IF95VKFI,train
ID_HSQSX82C,train
ID_HUO88XGW,train
ID_QK7JH1JR,train
ID_0WUP0OXA,train
ID_515SSYXD,train
ID_CJLVUENU,train
ID_8YRC8RS7,train
ID_XLQQY6PK,train
ID_EJL2I4RG,train
ID_QAHO2R4U,train
ID_D4UD0ZSR,train
ID_27W6IUP0,train
ID_VQ2ZJWDQ,train
ID_S53EJJS0,train
ID_1Y10BRD7,train
ID_GH28GB5R,train
ID_8YXCTWT1,train
ID_97WL8K5L,train
ID_NICZXNT0,train
ID_EO7D12I4,train
ID_NW5PHN0Y,train
ID_5J74DGM6,train
ID_LXDB9F82,train
ID_12Z79S65,train
ID_AS2TZ4LY,train
ID_OYGRQ69E,train
ID_ATNG5VGU,train
ID_E3Z10NW3,train
ID_VIOT9YRU,train
ID_24RGALZG,train
ID_ANFLZ32V,train
ID_AGSGTZYL,train
ID_2QXJ9H3S,train
ID_183A696T,train
ID_XEHTU1MM,train
ID_08F97OAQ,train
ID_278YUG2J,train
ID_XC1APIC7,train
ID_LDFCFDNX,train
ID_V2W48P6H,train
ID_6BFC22M3,train
ID_E0V9II9P,train
ID_QVX2I2N9,train
ID_1BVFBDBF,train
ID_K7BSBMR7,train
ID_EDFKRIME,train
ID_WGUMB8VJ,train
ID_DRDMO3I6,train
ID_2WJ7H8FA,train
ID_BSHN0GKN,train
ID_EXMDEQ6E,train
ID_IATZWIXJ,train
ID_UNC4I3X5,train
ID_LNJMQYJV,train
ID_WSMGNIIB,train
ID_P3MMBNAY,train
ID_D14DUVCC,train
ID_271NB70T,train
ID_KFHFAB9B,train
ID_5ZMGOG0T,train
ID_VAKDYSEZ,train
ID_PN2LBKJL,train
ID_Z28FXS7C,train
ID_8L109DWG,train
ID_O949A5WO,train
ID_3D0DZJO7,train
ID_I17QUWY8,train
ID_2O9OTSV0,train
ID_HYST0PFU,train
ID_UCUSAE92,train
ID_3TKHS47B,train
ID_T89STNHF,train
ID_ZC5JG4JA,train
ID_ETSLY1YF,train
ID_7AVLW8VM,train
ID_CSE0OVTG,train
ID_RJW77PY5,train
ID_0GDRXCLV,train
ID_AOOSRNFP,train
ID_5UHYKFAG,train
ID_U3SM20E3,train
ID_XY8Z8ERX,train
ID_4D59YO2J,train
ID_79YH9S9M,train
ID_8GJ50S8W,train
ID_BEG3OKUQ,train
ID_Q5GOWXYP,train
ID_7O9SG0MC,train
ID_68TO9EQI,train
ID_CEL0I01P,train
ID_D3URN51A,train
ID_0TG036OO,train
ID_9F366N39,train
ID_18L6GXJI,train
ID_U64PJRKH,train
ID_JPDTMP20,train
ID_X7ZEM5BS,train
ID_IG5ZEFND,train
ID_TWCLMYWT,train
ID_U9EOHA0E,train
ID_OBKFRUR5,train
ID_M6H686FM,train
ID_XOOXUQK6,train
ID_3VCCWWRT,train
ID_NPSMIC5V,train
ID_OUDCJ80W,train
ID_WDKZDMWJ,train
ID_MMEHW9F7,train
ID_3ECROV8Z,train
ID_JNZF0LJC,train
ID_YE0SGSYY,train
ID_KO53LDUM,train
ID_1Z2KLRZ4,train
ID_HNHPVG42,train
ID_5GK2CTKQ,train
ID_H6GZLHDD,train
ID_P60GQ7RF,train
ID_XJJBMM6D,train
ID_4QDWBZRB,train
ID_LI96IDY7,train
ID_XFPF22YA,train
ID_L9PLKYPZ,train
ID_OZJHL0RN,train
ID_QNW9C4L8,train
ID_QMWHWFGB,train
ID_8KSFC0AV,train
ID_86ST1JE2,train
ID_0OWKD1FM,train
ID_HE6EJ2T5,train
ID_A1SITBJ0,train
ID_EM64U361,train
ID_KWB6AW63,train
ID_QUPEC06U,train
ID_1IAI54ZN,train
ID_PD460ZBS,train
ID_SOIYHF1F,train
ID_U62NNLND,train
ID_W1P63E6T,train
ID_B9Z7J7JD,train
ID_MPQ2MFS5,train
ID_KBRJMYJD,train
ID_BOJILA87,train
ID_KSN9SNOU,train
ID_W2UEX3RZ,train
ID_TQ92AUG5,train
ID_QIYWY7UJ,train
ID_DYK8DN00,train
ID_7LBWKA9G,train
ID_TUCKGBRQ,train
ID_BMVLM2BE,train
ID_735BKLKB,train
ID_M8LT4QBO,train
ID_A1E03SI9,train
ID_LPH7LARO,train
ID_GTRBQZJQ,train
ID_4XYAV288,train
ID_KH0KA7N5,train
ID_O8XQ9IZ9,train
ID_X4SSP0EC,train
ID_9BQ2DSBW,train
ID_Y28DNOA7,train
ID_KIFWP65T,train
ID_W10XA4DR,train
ID_VFHOH78L,train
ID_P2ECN6RQ,train
ID_GMDRY73V,train
ID_QILPBSE2,train
ID_2PXPTEF7,train
ID_GUQVIQOU,train
ID_Y8G0RMVB,train
ID_IVXKHKWN,train
ID_CWUHQV0E,train
ID_XS8CA36Y,train
ID_IN8QR1W4,train
ID_KEI89XHK,train
ID_20CDWCTP,train
ID_FPGW0SIF,train
ID_J0JHHZQO,train
ID_F3STDZM9,train
ID_1GQW5574,train
ID_TSTRVF97,train
ID_AYTQONH2,train
ID_RG2RAF3V,train
ID_UT2VJVG8,train
ID_6HLJLE9P,train
ID_UUJ1W04Q,train
ID_O3XAGIXU,train
ID_IBTXA60C,train
ID_HZ0NVUZR,train
ID_X4254DE6,train
ID_LWY12Q3C,train
ID_OL5QF3DH,train
ID_RPY9SXM0,train
ID_TY91AX24,train
ID_6RMC6LJ0,train
ID_QPYHWTWH,train
ID_0GKCNPCK,train
ID_4DSXUEDQ,train
ID_2HMBY4V7,train
ID_POLXRQQ7,train
ID_CT61YRZ7,train
ID_8DHG22YJ,train
ID_APKU1Z9M,train
ID_EUS5DVWL,train
ID_6I9HMJTI,train
ID_IXI3EC5B,train
ID_SFS9LYBA,train
ID_8SQPXUZT,train
ID_OEUA8QFN,train
ID_IJX4389J,train
ID_IKB9NRL3,train
ID_ZTS5CIPO,train
ID_5I94QWPN,train
ID_N3TKX6EO,train
ID_4NNHD2SW,train
ID_9K1J08WZ,train
ID_KPZ02E0C,train
ID_ETY6IM3R,train
ID_H3Q2RUQA,train
ID_K3CYRJ3R,train
ID_12Y88CPN,train
ID_K6YKFWSS,train
ID_W3D2UKYC,train
ID_5GZ7GHIE,train
ID_TW43K0LL,train
ID_8RQX8JEG,train
ID_ILZYI2AW,train
ID_Q8IS2I8P,train
ID_LX35DOS1,train
ID_8W3K4DUD,train
ID_0YQC0S4J,train
ID_6CTP436X,train
ID_ZBW82NVM,train
ID_DENE1YIP,train
ID_2UK9K6KH,train
ID_GE31P3QS,train
ID_Z3F1Y5Q5,train
ID_6GSMS7I9,train
ID_PXU8N52Z,train
ID_WRZJJMGW,train
ID_EI4J7GDQ,train
ID_2EWKG5FI,train
ID_G1P1DOPE,train
ID_M3FGI6OA,train
ID_U05H81WO,train
ID_XA06151B,train
ID_2XKFQ72Y,train
ID_RWDEEIO6,train
ID_EY2MSIEO,train
ID_06WZ6FU2,train
ID_8YMRXXUJ,train
ID_ICEMJB3T,train
ID_09NT6PWS,train
ID_ER8Z2LMP,train
ID_H06XHKAJ,train
ID_1NQ3M4TY,train
ID_4CZHLY6V,train
ID_61LZ1HGG,train
ID_QGBYTV51,train
ID_YPLS5DCL,train
ID_7DOVADLD,train
ID_NOUKNHW0,train
ID_PJWWX9RW,train
ID_DYC4LM4J,train
ID_4TW7D1WL,train
ID_0VYH1176,train
ID_FD1815DI,train
ID_H1AXG9YH,train
ID_AG34V9OG,train
ID_SJNBCWJ4,train
ID_O1JT1CPZ,train
ID_Q94H065N,train
ID_QKC38O5C,train
ID_ECU0PSHC,train
ID_VRBS6DER,train
ID_JSMLFB5B,train
ID_SVX5WI61,train
ID_SMRHNODN,train
ID_S9PUFT5X,train
ID_EEJQXBXA,train
ID_S5RNFCPD,train
ID_8QR4T2P7,train
ID_P72F9U1A,train
ID_ZH6RCLG1,train
ID_A13R23IL,train
ID_NPOG5TUQ,train
ID_38ZW39MP,train
ID_ZJ3TCJEH,train
ID_CWYOFIEX,train
ID_NAO9SSLN,train
ID_KIQ5SN8W,train
ID_U0FJLOR7,train
ID_TIN1LZMY,train
ID_1VN2JXIH,train
ID_Q03F42F9,train
ID_IYYMLUG3,train
ID_ZE79FT5Y,train
ID_3FDAEW6T,train
ID_TT1FI7PD,train
ID_PVQ8Y9V8,train
ID_TT3ESA1G,train
ID_2JPEZX38,train
ID_NRL16FB3,train
ID_VAOR5WCK,train
ID_ZP6ULVBV,train
ID_3FBF977H,train
ID_VXQ8R4MX,train
ID_IVB2XFRG,train
ID_86NB5ABX,train
ID_TZ6AB7JT,train
ID_LC60HZBS,train
ID_DJ6FRUMU,train
ID_GXRF5QHJ,train
ID_IA3A8OFJ,train
ID_JYCG4VB8,train
ID_DHH6RKDV,train
ID_Q60MVXMK,train
ID_NTWX7GOS,train
ID_G50TGLFN,train
ID_BEPXMPNO,train
ID_IW5JJ5W5,train
ID_EGRTLZS4,train
ID_W7E3DJUI,train
ID_G03GEHDS,train
ID_A9ROMG2A,train
ID_LO4MH4OW,train
ID_6H3F5BAM,train
ID_OF1W50HJ,train
ID_VDV0397Z,train
ID_NEDR6K9E,train
ID_0TTE3FB5,train
ID_QTON2SZS,train
ID_V201EHZU,train
ID_B3ZBFMQ3,train
ID_2HX6P0ZN,train
ID_16WSBAFZ,train
ID_1V75KS83,train
ID_6H0AZ55H,train
ID_E7X6U9R7,train
ID_4KYJYGSD,train
ID_3PSFO60A,train
ID_1ITFO6ZN,train
ID_7GNIJS8L,train
ID_5WYMZ47X,train
ID_W89VZSNM,train
ID_6JM2Y7MT,train
ID_UMDWZUPC,train
ID_YR07BW5I,train
ID_GMHG3MKU,train
ID_QVOT26J5,train
ID_9ODL3L2F,train
ID_RAY4I94V,train
ID_516CQ98S,train
ID_XXJQJU7N,train
ID_SL9H90I7,train
ID_02N5D8KX,train
ID_DOA08VP4,train
ID_AVYKZ64F,train
ID_OCE92GKD,train
ID_J5LQ8KN6,train
ID_TNSY3CT4,train
ID_GKP64NIG,train
ID_36XW5B5F,train
ID_LHP1B1ZH,train
ID_SDRWMVH0,train
ID_03NT9JQM,train
ID_6WA2QYT2,train
ID_M1XGTKVJ,train
ID_X9TILOLX,train
ID_UH30FC2M,train
ID_AETVIBC8,train
ID_TC3W4E0W,train
ID_Z8885ABR,train
ID_QB3HAWG5,train
ID_BS4HSSTN,train
ID_GMK6LFNW,train
ID_HMTIUR9U,train
ID_APIQ356O,train
ID_R2RKNAH2,train
ID_I55ZCQIG,train
ID_POARN298,train
ID_1U2XIAFU,train
ID_IYUP1OZN,train
ID_WAIQRIBK,train
ID_HIR98PDU,train
ID_454WGSTL,train
ID_T3QX4295,train
ID_OVZSTPYH,train
ID_Q1TO6Y2W,train
ID_J0KON9O4,train
ID_WMHHF364,train
ID_8G9FG16H,train
ID_9YXQEVM7,train
ID_DPHHAND7,train
ID_Y65XD46U,train
ID_BXKJ74E2,train
ID_CCVO59L0,train
ID_ZP9UJTFD,train
ID_YC5OZRYT,train
ID_L51MVIF7,train
ID_43G10KNS,train
ID_UFBENDIM,train
ID_SWJB7PNQ,train
ID_NI9FNZFW,train
ID_FOPE51NB,train
ID_FHG2BXEP,train
ID_29UUKN1L,train
ID_RIE90TM3,train
ID_8CO1FK89,train
ID_BGYKQVVX,train
ID_UTG25WEB,train
ID_5L0YXPQ0,train
ID_HOE6GVTR,train
ID_ZUNZT9V7,train
ID_BTXBLWBM,train
ID_FCRNFNTL,train
ID_U6R84BMU,train
ID_5C32ZZSJ,train
ID_1WSDO5LZ,train
ID_5YL9JW28,train
ID_FYVFQ9UE,train
ID_K549VK6F,train
ID_KYU7V79W,train
ID_UT4GELLU,train
ID_2TMWX3W5,train
ID_VWILXNI4,train
ID_4HQUIS57,train
ID_29GHM5TP,train
ID_FETKB6RL,train
ID_RPH2LV0Z,train
ID_GXAGUI0R,train
ID_NCJSWTRK,train
ID_RPQFFY2A,train
ID_OOZZ14HY,train
ID_L2KW6ZYK,train
ID_9B54BAAQ,train
ID_RZNL5IO7,train
ID_G7OJQJ0K,train
ID_QZRBNRQM,train
ID_UQXZBSIF,train
ID_V1OTS2KD,train
ID_G4BAWTML,train
ID_44JZ71MG,train
ID_DCOJIMKP,train
ID_GUYUUW40,train
ID_G9AK529O,train
ID_GCI2K9P8,train
ID_L2YVHUUM,train
ID_70726IHL,train
ID_B455P8ED,train
ID_6OS0XOII,train
ID_1L4KGI4T,train
ID_AHJPGC3I,train
ID_6KBWMUBY,train
ID_79INIIM0,train
ID_5CAAM3W3,train
ID_SRCGH5LG,train
ID_VRGAJDGN,train
ID_9ZKBJWRH,train
ID_34T0YEE3,train
ID_O6HNM6UP,train
ID_ARPZFRMG,train
ID_Y144UE65,train
ID_UHDUJ3E8,train
ID_HS4B6WK4,train
ID_EKPPN7ZQ,train
ID_JUCI7UEE,train
ID_ZYV43TL7,train
ID_8MWIMR1M,train
ID_6LZJO43B,train
ID_WWGR709K,train
ID_RQB3QKP6,train
ID_GALXZSVS,train
ID_AXYZ0L3G,train
ID_Z9BYYX1R,train
ID_SK00369G,train
ID_WS6VWSNR,train
ID_1KLSEE9K,train
ID_FJRFF6BX,train
ID_HG3WRS4M,train
ID_5GWFSZQB,train
ID_TBYHSGTA,train
ID_EFPEZTV9,train
ID_D77PFWZI,train
ID_9ZC1VT2A,train
ID_6TUJH3OB,train
ID_P66DO2IG,train
ID_YXVDA90G,train
ID_F6J124JS,train
ID_PWE1MPY8,train
ID_ATUAG32G,train
ID_VH704MX8,train
ID_1RB7BED7,train
ID_944KZSYU,train
ID_C1A36KD0,train
ID_9I901IY8,train
ID_TLQREDVS,train
ID_DVFIIBZM,train
ID_GHE950SH,train
ID_CS7ESR7T,train
ID_M6NWU7F0,train
ID_367ZUM2P,train
ID_XHGZ2XTV,train
ID_HDHAL0EM,train
ID_53J2ERIU,train
ID_43OI4YL2,train
ID_X8GZ846G,train
ID_AZWSP2XC,train
ID_KTRP93QG,train
ID_9BEQR8RX,train
ID_ULVZ7QJ1,train
ID_CLFVU51S,train
ID_579Q2RVD,train
ID_8N5H1XQV,train
ID_3ZN2UCJX,train
ID_0PDBN2WB,train
ID_R0BJYUJI,train
ID_WVXDRCB2,train
ID_X3NYXUQL,train
ID_RSUQBFK1,train
ID_4H4NWMUI,train
ID_3KQOLM9K,train
ID_CY5D5J08,train
ID_H3EQ5VFP,train
ID_J9LWEGYP,train
ID_4VO0QV2S,train
ID_B4LET24D,train
ID_AUYI6KZC,train
ID_482D1CVI,train
ID_02IBHRQ8,train
ID_43LIYC5K,train
ID_G38DUAJR,train
ID_F5J53C51,train
ID_8B5AQFZ8,train
ID_CU2AVZM9,train
ID_DH8RTN9M,train
ID_GWFO9RE5,train
ID_65R7F6BC,train
ID_8GX6B8WT,train
ID_YENLH1B7,train
ID_V12YPHXX,train
ID_J8IZUNMM,train
ID_Q1OWYZLY,train
ID_U202ZNYE,train
ID_F3LBM5UE,train
ID_WEWG9P6P,train
ID_BH3TLHR4,train
ID_DUKC84DT,train
ID_VDCBZBDC,train
ID_7SZQQPL5,train
ID_NT49IMM4,train
ID_QDRR1A9M,train
ID_UTUFQFK4,train
ID_ODLCGK59,train
ID_GMJ2FX8F,train
ID_T2DTG2EH,train
ID_2P3QVICK,train
ID_FYNX0F8R,train
ID_AS5KGRZZ,train
ID_U2YEP1JD,train
ID_ESWMG9RE,train
ID_XVG5MKH2,train
ID_ZRYMG7JV,train
ID_MZWVXYXZ,train
ID_P317AZV0,train
ID_YPRTP3HF,train
ID_JT9TV9V2,train
ID_8LZFM5BZ,train
ID_MMC5XRNJ,train
ID_RRA0H39H,train
ID_O0ELE3M7,train
ID_NZO1EZ9F,train
ID_O1OSR8SX,train
ID_R09EKGEE,train
ID_S6FB3T6E,train
ID_14FXXJTK,train
ID_YOH6TNRV,train
ID_FNZ1286A,train
ID_OQJYDVSM,train
ID_XILQJ8OV,train
ID_EEB4C7T2,train
ID_TCHIAIHZ,train
ID_J3ENS425,train
ID_N7CVXLX9,train
ID_FFG95ULS,train
ID_2K0U58GN,train
ID_OBT7AWED,train
ID_0ULM7B7J,train
ID_Q4TUDEP6,train
ID_J17V91P0,train
ID_W0JMCUX5,train
ID_VO3AX392,train
ID_U0AC7GY1,train
ID_F6MCYAPM,train
ID_DJLQ7UEN,train
ID_O47K7Z7M,train
ID_8ZF282QQ,train
ID_N1NSQ1OC,train
ID_XK0JEMM6,train
ID_0H7N3XXY,train
ID_RAV0TFZF,train
ID_4F3VE5XM,train
ID_EADZT39L,train
ID_CN4FN2BY,train
ID_2H7DOIGN,train
ID_704WAXVE,train
ID_RA3UUPQT,train
ID_UYSZX9A7,train
ID_CA2LOUV6,train
ID_FWGJ2J41,train
ID_2H9WJGF5,train
ID_7KONK7VD,train
ID_JDU13PYC,train
ID_1MDZMUZ4,train
ID_DIR47VRE,train
ID_2MFS5Y57,train
ID_7KW0HP36,train
ID_QDUKJNHR,train
ID_UUP9FT7T,train
ID_36F5N6IM,train
ID_XXEEG5C4,train
ID_JTO5V36V,train
ID_0A4GFO04,train
ID_5J8VBQB7,train
ID_NXV3AUNU,train
ID_ZAIWM38T,train
ID_QYF5KCF4,train
ID_NHGP6AXC,train
ID_C87Y76KU,train
ID_7NA6FRRR,train
ID_JE0RN64N,train
ID_7JKXZ8IB,train
ID_PSZZ0UWM,train
ID_49WZODP9,train
ID_MR1PS7RH,train
ID_NT5GGASY,train
ID_USBCNMW8,train
ID_ZWVWF22M,train
ID_3ZK5X1RX,train
ID_PII82NW1,train
ID_BM95G3D8,train
ID_NOLC8LJU,train
ID_RBLHUNDJ,train
ID_69Q0EEAR,train
ID_2N6D70CE,train
ID_J0CE3OKR,train
ID_WXNJB0PO,train
ID_CTOX4ZXV,train
ID_MIVCR59Y,train
ID_PE8DS9WH,train
ID_LH216CDZ,train
ID_ISDKB6X2,train
ID_L6DQR0UU,train
ID_XWIMTAMV,train
ID_G8AW8SKU,train
ID_CV5CJ3P5,train
ID_35HK2RK1,train
ID_HCX5UYNS,train
ID_H2TJNK0F,train
ID_1KRHURJ2,train
ID_XB8XD8YG,train
ID_4LYPU1YZ,train
ID_ZCQ1OO1D,train
ID_282V6UU3,train
ID_T1F0KR6D,train
ID_HWK871P6,train
ID_T6025HX9,train
ID_W6EJAVBM,train
ID_P256MDRF,train
ID_WCJGAGY2,train
ID_A9YVFQG5,train
ID_TY9F9919,train
ID_NL7CZSES,train
ID_8L2JJKZF,train
ID_VHR18NZO,train
ID_R2HH2QSX,train
ID_UK1YVAEV,train
ID_980DD92R,train
ID_6KN9GLM7,train
ID_3D05L1W7,train
ID_PQGELVEI,train
ID_33Y8MNYU,train
ID_DKIR1ZFM,train
ID_R6PYSNON,train
ID_4B8ELWD9,train
ID_CKLXPFUH,train
ID_45614Q4S,train
ID_166ZHH5D,train
ID_8COYNYO8,train
ID_6ULCE76Y,train
ID_0KCR8UOJ,train
ID_OG9E2CHK,train
ID_G7CV4F2H,train
ID_KAQ93WY9,train
ID_8MN8XBS0,train
ID_2LFDEJSI,train
ID_57SP2R36,train
ID_74FRZBNX,train
ID_A728NGEC,train
ID_GQU1T8A0,train
ID_2NBLMQGN,train
ID_TI1FNJIP,train
ID_P33IJ49A,train
ID_QOZJII44,train
ID_GX6NBFPA,train
ID_PCCLCDM2,train
ID_00EYXFLM,train
ID_GER6Q6ET,train
ID_EUSZ6WZN,train
ID_6H6C951N,train
ID_V8WM8M6I,train
ID_R2LD1V33,train
ID_2RRG8D99,train
ID_EOB1QY1B,train
ID_DYYXSS44,train
ID_6IYKVITE,train
ID_L075Z2D2,train
ID_P6QCP019,train
ID_AFUIMRVJ,train
ID_21KCH14A,train
ID_ELRYNDJI,train
ID_VTOVBUJ9,train
ID_HP6R6HGF,train
ID_J87HY35U,train
ID_UQVM7884,train
ID_SEVBGE3Z,train
ID_BENJ6E8V,train
ID_4HSJXQIS,train
ID_YC9USNV2,train
ID_8AW8RASA,train
ID_94VSTABK,train
ID_1UY18OUB,train
ID_FFPMMWQQ,train
ID_ZQH2Q8L0,train
ID_RWRNG7YJ,train
ID_URH5CRMR,train
ID_LXS9O756,train
ID_S8RSUU4Q,train
ID_9080Z2ZW,train
ID_L37LRU6I,train
ID_C94YIFI9,train
ID_3BKU6AVP,train
ID_UG426VCE,train
ID_AE9OBXZZ,train
ID_R9SF2WBQ,train
ID_C3FH3LWJ,train
ID_3KTOV4LI,train
ID_BXC3SU9V,train
ID_IKN7VYJB,train
ID_V1EQ8CX9,train
ID_354G0XRK,train
ID_40Q9PAC7,train
ID_0VE7O9P8,train
ID_KQIHN468,train
ID_LYJ4M6N4,train
ID_HXFAMY8O,train
ID_JMNGTSSD,train
ID_I2PXW5ZW,train
ID_SMVSJLN5,train
ID_TTUEH58D,train
ID_THJVAMM1,train
ID_2W6XEK7C,train
ID_WBTBX43L,train
ID_BAFH8XJH,train
ID_OKQWNB00,train
ID_CPB6XE4J,train
ID_PEYVIYST,train
ID_YEV4UBVX,train
ID_1WY7KAIV,train
ID_IMEAO37H,train
ID_3HASTOWH,train
ID_W18N80QY,train
ID_TQC8RL0W,train
ID_I8SVUBPK,train
ID_4761S5QH,train
ID_L9QCNWJ8,train
ID_MC34PULO,train
ID_M70I1PTL,train
ID_XWCXSRYK,train
ID_WGA1FL9B,train
ID_6RQHM66A,train
ID_9AO3RGAN,train
ID_CPX9P9MN,train
ID_3P6RYC4F,train
ID_1GECML3Q,train
ID_YE6QR8TE,train
ID_AEHWUAQV,train
ID_CL9LQ1XW,train
ID_IZ36Y3I7,train
ID_8NMYV7B2,train
ID_Y0LWAH5D,train
ID_FCNDETZG,train
ID_FYSTSE2X,train
ID_WES72O41,train
ID_X6AYLZJJ,train
ID_V8BH6URK,train
ID_KUJ8MP94,train
ID_S4ZKUX9R,train
ID_CEA5WVWR,train
ID_ULOR8OHO,train
ID_PG986QVQ,train
ID_32OEWS35,train
ID_18YIA3O5,train
ID_U5UMWX67,train
ID_V73I6W1H,train
ID_72F4H4KK,train
ID_VNFUKC0G,train
ID_F03RUQRI,train
ID_H08BSFE9,train
ID_BYI87O5V,train
ID_HWQAVP0B,train
ID_KDQ5R17C,train
ID_EW1YA369,train
ID_CXVYJCQ7,train
ID_IINHN4WH,train
ID_RQ6H32NE,train
ID_8KH3OEZ5,train
ID_I2WILH68,train
ID_YI1V6CQ9,train
ID_B34IDYTI,train
ID_KAZGJUOF,train
ID_619EM9FA,train
ID_IIRLEDI9,train
ID_WC3ZUXVI,train
ID_FT9DBBNS,train
ID_8FDJJ82W,train
ID_OZU9U9NH,train
ID_9SCR54MF,train
ID_FZQ47MSC,train
ID_BK2V2ML6,train
ID_TVAGP7TS,train
ID_8G3RV7Y5,train
ID_ACLXVBAB,train
ID_A1JLJI2A,train
ID_FDNBC3M0,train
ID_1VQV88KN,train
ID_48TIS62S,train
ID_0T0HEWLP,train
ID_NQ786KJC,train
ID_BZNLI171,train
ID_W91F4AE0,train
ID_RYW9N4UI,train
ID_UOAXH3EZ,train
ID_W0JXGT6E,train
ID_7KA1WF4Q,train
ID_RKZBCT9Z,train
ID_WL2ESA9J,train
ID_2ZGGVOZ8,train
ID_68NAOT75,train
ID_HR8KS2ZI,train
ID_RG96DIRE,train
ID_UCDRPYEU,train
ID_D4JPDOH7,train
ID_J1LMJB1Y,train
ID_PO2YDC5Y,train
ID_IEYUMY1Q,train
ID_4V4K48XI,train
ID_2XKOEMFJ,train
ID_JJYK3O88,train
ID_YJL1DMMK,train
ID_FFX3ZWRN,train
ID_9TEL5X6B,train
ID_E9L31BO7,train
ID_0CY948S1,train
ID_BSMXAVVP,train
ID_IZM9JODC,train
ID_2MN88Z28,train
ID_DESIBRO9,train
ID_MKF0WRRD,train
ID_NQE2LWPN,train
ID_IW5GIV3Q,train
ID_PSWGRYFW,train
ID_PZ28Y5GE,train
ID_1EPW80PA,train
ID_40RZDB8N,train
ID_0HM33859,train
ID_TX9TT7SC,train
ID_JWELW13P,train
ID_5T7MTMZ9,train
ID_E5RVEPFR,train
ID_42DM2F2L,train
ID_6XMCQJGP,train
ID_EURPT9WG,train
ID_DSORC0PB,train
ID_2RSKJ6GO,train
ID_8BNIS212,train
ID_N4AQXSAU,train
ID_F6LSUAWL,train
ID_3FKQX6YF,train
ID_OWUDHLV7,train
ID_G1SG3E5O,train
ID_GT6QGSSY,train
ID_6DMRA22X,train
ID_2WCKK4NK,train
ID_U13UMZFE,train
ID_CLDI5W53,train
ID_SSGPWDYC,train
ID_BG41B1ZJ,train
ID_M4DGSW0Y,train
ID_XSV0JOAT,train
ID_D7OAL4I5,train
ID_0X0QGVK3,train
ID_EC5U24X4,train
ID_SXLGEHCM,train
ID_3C45ZGGC,train
ID_ZJS4Y0NT,train
ID_TYWAFDY2,train
ID_TZOGL2RO,train
ID_445ZWOWZ,train
ID_67N93YX8,train
ID_CIYAKWO5,train
ID_F0TX09DJ,train
ID_D2OWG3LJ,train
ID_NOQZKIPY,train
ID_2STF14MS,train
ID_VRZZMPWC,train
ID_EG1B53MH,train
ID_RWJ4JN8W,train
ID_FWSGGS60,train
ID_7ZOMP2QM,train
ID_4SDIJXJP,train
ID_KLJY1U43,train
ID_F4DRJJPM,train
ID_R52GB6Z1,train
ID_82C6DJTW,train
ID_0A17QZGV,train
ID_GL40TNBG,train
ID_KG3OZISJ,train
ID_613TAB21,train
ID_7CZS9P0D,train
ID_W1DDXN2A,train
ID_O098751D,train
ID_OT5FKOWQ,train
ID_50EPQDBX,train
ID_A26ELWM2,train
ID_9QIDNU15,train
ID_VJTLDW5I,train
ID_SI4VH2MC,train
ID_QQ2NCXQT,train
ID_3VT3BPP4,train
ID_STCOSEF3,train
ID_HJ7W6MDE,train
ID_1CGYXFUM,train
ID_7BP1PFWR,train
ID_BJVM28U8,train
ID_G8ODKG4U,train
ID_1NA3R56M,train
ID_PMTDGQI0,train
ID_SDT96VG9,train
ID_CUYW2FFK,train
ID_B4JFBJG7,train
ID_3PT52U1J,train
ID_IT10LTPM,train
ID_MCR9DEZ9,train
ID_A81NBWHM,train
ID_0G5R2DE4,train
ID_M9Z3QWU2,train
ID_R7JC5472,train
ID_ZJYBXYO9,train
ID_9D2A8J2H,train
ID_VUYA8SNS,train
ID_6YM001BR,train
ID_8WNB34MJ,train
ID_SENUNAEC,train
ID_0QL4F08Y,train
ID_P3F65F7M,train
ID_LCPMKRZ9,train
ID_GVSOD7EL,train
ID_KPBNY0QY,train
ID_MCBZL719,train
ID_42XPCFTA,train
ID_WD6L8IMT,train
ID_P1QI3FHS,train
ID_YIT5J7QE,train
ID_WTEFXRJW,train
ID_WZC26W8D,train
ID_PKTBSJLG,train
ID_5GSIV2GX,train
ID_LC17R64C,train
ID_EP6XHURP,train
ID_7KK9VM4O,train
ID_8LTC06NT,train
ID_25IRP45H,train
ID_0W4S7QJN,train
ID_13YWMDEI,train
ID_R3VVDX88,train
ID_ZGKQ6EAH,train
ID_XLTB9MZG,train
ID_G31HF6RC,train
ID_A2RD2Y0J,train
ID_UMGJIUSD,train
ID_ARB21VOJ,train
ID_AIQ6GAAZ,train
ID_J9YLVMSH,train
ID_L8A8LG8T,train
ID_CIM7JZLX,train
ID_GQ2EYUCU,train
ID_CA8JJXJU,train
ID_47UUIYRK,train
ID_1OIZ1LDA,train
ID_NTRZQ3UJ,train
ID_APQEBNDY,train
ID_WSBGEWV8,train
ID_AB0V0PSG,train
ID_0ACABJ4D,train
ID_1LVAESDR,train
ID_BIHPDJQL,train
ID_0JPG0ZX3,train
ID_IWM2ETIX,train
ID_F9HEXYRM,train
ID_5REMBG4W,train
ID_N1Y8FBSH,train
ID_7UOI31YM,train
ID_XMVD94BZ,train
ID_XT2VYD5G,train
ID_796AFVNU,train
ID_K0MT3I7H,train
ID_1R3NVCMF,train
ID_AH5EZN9I,train
ID_AJQAMI3R,train
ID_EA79Y348,train
ID_1QQNRSR6,train
ID_ANDG85QQ,train
ID_383PBHV8,train
ID_5QBM651F,train
ID_V1B13ET2,train
ID_YKKPRBXC,train
ID_MC87WH4P,train
ID_2G7AQMJQ,train
ID_G6SY4PZ7,train
ID_GK4HHJZ3,train
ID_T717J98O,train
ID_2EDMFQIS,train
ID_ADP14UGM,train
ID_OKGEMWLJ,train
ID_V4VN51IP,train
ID_NI3WLF4U,train
ID_CA6KM6ZN,train
ID_7ZANZ3ZV,train
ID_096NW3CU,train
ID_5M3EPEKN,train
ID_J5E00KP8,train
ID_EDOQJNQD,train
ID_5QDT5A2W,train
ID_6UCXJ2QK,train
ID_79Q2P5RS,train
ID_WL70P8VJ,train
ID_DORK6Y8X,train
ID_ERHXMJ7Q,train
ID_4VQNRJ6B,train
ID_OWMOAOSC,train
ID_YHS4CR7Q,train
ID_HZWBIXD1,train
ID_VIVIF2WO,train
ID_5K5IIBQB,train
ID_KPPYJPSV,train
ID_K1IB8DQL,train
ID_CGR6Y2M3,train
ID_KQAFU6SQ,train
ID_K39QEF6H,train
ID_89F3ATRC,train
ID_QACXUZES,train
ID_IBHR9RVV,train
ID_6CE1Q7AT,train
ID_B2P0VH69,train
ID_T9SXVSTB,train
ID_NS57RZ3O,train
ID_5THT9CZF,train
ID_L7M7M6XK,train
ID_X2I8WGF0,train
ID_YX5HWDHJ,train
ID_3XZVR92X,train
ID_8OC5U5M3,train
ID_WCPHIMBD,train
ID_SE8069SF,train
ID_DUWFJ47D,train
ID_PALLHD0G,train
ID_73KA900E,train
ID_4VGFHAB8,train
ID_UZSFEO2W,train
ID_G1ZGQUTB,train
ID_OJG9BXJC,train
ID_HCSAMKJW,train
ID_O00PN7KA,train
ID_9I7U72NQ,train
ID_F7W0KMBK,train
ID_LQF2Z7X1,train
ID_B9N53COX,train
ID_WSWSM6CO,train
ID_IFB5I0YQ,train
ID_5J41S0IZ,train
ID_K6S7VCIK,train
ID_8T0CDNYU,train
ID_AGDJMSRC,train
ID_KJDK8G1A,train
ID_FQUB5VT3,train
ID_TJHKEBC8,train
ID_MG2OW07Y,train
ID_KKR0AEL5,train
ID_2UGJH37U,train
ID_17MOV8OA,train
ID_K8W9J3YY,train
ID_3TXC94J0,train
ID_M10CYM8B,train
ID_6XACZUFE,train
ID_BNXGQMTK,train
ID_40OF5OC9,train
ID_2VVL5QVJ,train
ID_JTLAWORH,train
ID_BKIWTCCL,train
ID_QGEYJU2R,train
ID_SMSIWHGO,train
ID_TJ8S862I,train
ID_UG3NSIMS,train
ID_REX2WR3E,train
ID_B92BHSKL,train
ID_Q4UZUDO9,train
ID_8KQ6CEWD,train
ID_NAKLXC0Q,train
ID_9IAP4W1P,train
ID_YA7EWV3O,train
ID_IXGCD4VW,train
ID_DIHZQCWV,train
ID_PYDTD4DG,train
ID_P6M7E1F5,train
ID_2KRKB22Q,train
ID_OTX4S52I,train
ID_HCXJ0X65,train
ID_9L009RG1,train
ID_P493VTXX,train
ID_4C5TDD4J,train
ID_92UPZI9O,train
ID_O338OTR1,train
ID_EYLXD29N,train
ID_7OHAQ0V2,train
ID_P5AF4T6X,train
ID_KVH4IS97,train
ID_9AYGORK0,train
ID_WADC2RAE,train
ID_VJSY2ST4,train
ID_SQM7TKQP,train
ID_CLW9DTC7,train
ID_M20KRH0N,train
ID_5AHP11XF,train
ID_00B6KO4G,train
ID_SUFBJ39Y,train
ID_PR56XVTK,train
ID_ZKFYRIH8,train
ID_UQ1MFSOU,train
ID_G4ARF2DM,train
ID_X1BA1M3R,train
ID_RTIQOP17,train
ID_ESS84JHD,train
ID_1SMRYXIS,train
ID_ZO5ECXJL,train
ID_UQAXAI04,train
ID_093XQ67D,train
ID_7R2O4O4V,train
ID_W3B1V4I5,train
ID_LFGR53ZQ,train
ID_6HXZ5CXE,train
ID_B074Y9SC,train
ID_A511U16U,train
ID_YS8ANXTH,train
ID_ZEQ0A808,train
ID_STGG31CE,train
ID_TJ94TG6G,train
ID_80ONM3ND,train
ID_IEPZV1YT,train
ID_FWGO1FJH,train
ID_6LXH658V,train
ID_KM2JB8X3,train
ID_JWQJPGCN,train
ID_7QFQQ8OI,train
ID_XEZES8HI,train
ID_Q6GVK1T0,train
ID_4LN8CJSJ,train
ID_46V84XD0,train
ID_52592BDY,train
ID_D3IGGK5S,train
ID_WEX8EPR1,train
ID_CYPH41HD,train
ID_AD7KHASP,train
ID_0T6S6SAY,train
ID_GYXNA56P,train
ID_D496P40J,train
ID_14XDYDIZ,train
ID_S334D2MI,train
ID_CBHUIWEK,train
ID_JSQTIKLE,train
ID_GHNMA9SS,train
ID_CZG5ZNKN,train
ID_9WZJFZRJ,train
ID_XHBSGK6C,train
ID_L803660Q,train
ID_ABLHQ51A,train
ID_XPXCDUAY,train
ID_8JHKDFAX,train
ID_9R6FO43W,train
ID_6G9AACM1,train
ID_CA1DSVJ6,train
ID_6RIICD9D,train
ID_GG73B1CP,train
ID_VQC325HG,train
ID_AR0PYS6A,train
ID_KPMSTGRX,train
ID_GDX1LSHN,train
ID_QDNEQ5GH,train
ID_0VJE5Z83,train
ID_WRK25O08,train
ID_VCOVFMTT,train
ID_WQU63RDZ,train
ID_QS0CH7IL,train
ID_O8M4ROTT,train
ID_9POUMRT7,train
ID_H39DO6V3,train
ID_I50UE2TV,train
ID_GXOVF3TU,train
ID_5GVWEC5W,train
ID_UOKAWV40,train
ID_O7BH354J,train
ID_YTI8TG0R,train
ID_CN3HCAN9,train
ID_BILQ4NWM,train
ID_EFDX7A4U,train
ID_0A8044MB,train
ID_FM2EONCM,train
ID_N0966RUF,train
ID_YIUJ26U9,train
ID_OB162FA6,train
ID_59PATYOU,train
ID_RTBI3JDH,train
ID_9YYAEWJX,train
ID_6BXM36F1,train
ID_0DME8RF7,train
ID_IY25OOM0,train
ID_IOJEG9Z9,train
ID_7E30RL9X,train
ID_A3BR8YGD,train
ID_B9620SYM,train
ID_3RX7XEIE,train
ID_4BJL3OSX,train
ID_3C55L41R,train
ID_WDKPE3OV,train
ID_FINLSFVV,train
ID_345IBGJ7,train
ID_XECK8JKG,train
ID_6EEUIQ98,train
ID_KS6261M6,train
ID_RVU1ZNVS,train
ID_J6BHY3E0,train
ID_FSNPN74N,train
ID_ZVLYCYNO,train
ID_F2WOTEHS,train
ID_KS22Y51O,train
ID_A65PHO5L,train
ID_SV6LEMD1,train
ID_L6WAH3KO,train
ID_4KDK48BN,train
ID_GDLO46ZE,train
ID_WCQOM0DY,train
ID_GGAQ4FVA,train
ID_VPXEY1E2,train
ID_RAMICIEW,train
ID_RG2VRWKI,train
ID_UXDUZ7RF,train
ID_KBGSM138,train
ID_RC2SCFHM,train
ID_V0E8I5OT,train
ID_X2UDOHOY,train
ID_C6SN1RFV,train
ID_X7HGIE02,train
ID_UKCPX1BL,train
ID_FUJ6OQD9,train
ID_BPSOQ83K,train
ID_A33B6JWG,train
ID_XTCQH2SD,train
ID_HYAAJVJN,train
ID_A31BMIP9,train
ID_SM6KR93B,train
ID_WSP5T828,train
ID_KI1DVG3W,train
ID_VGC640LH,train
ID_V46TSYN9,train
ID_8MON536U,train
ID_BUAOGRCT,train
ID_9D29BPR2,train
ID_I733KM1K,train
ID_GZBMMUNA,train
ID_V6EHJSM8,train
ID_LVHS01IZ,train
ID_WKY8UIBC,train
ID_AMMZIX7B,train
ID_9PVACCNG,train
ID_JR3WUOQK,train
ID_LFSS8JTB,train
ID_4LZ3PL4W,train
ID_8ST2NLO0,train
ID_E46EFUII,train
ID_EZ59USZ0,train
ID_0LXX4WZJ,train
ID_6283C5JL,train
ID_WTKTLFC7,train
ID_96UNG7Q5,train
ID_PXPUREJY,train
ID_FVO5IYI9,train
ID_WW0YIJOE,train
ID_E2U90CQ8,train
ID_B8HRCUCJ,train
ID_B5E3B794,train
ID_NURB3UII,train
ID_2C268839,train
ID_YO7XWSV0,train
ID_OGNLLBMT,train
ID_Z8Q0O3DY,train
ID_5Y30WW2C,train
ID_BDIFYLRX,train
ID_VUQDN4ES,train
ID_Q2AAC5V7,train
ID_0SFYTJ6C,train
ID_GQA0KMJ9,train
ID_EF8TWWFU,train
ID_ZXARKW8K,train
ID_OLNPWH4V,train
ID_2S9BHOQA,train
ID_QUVSO6FK,train
ID_T3Z4TDJD,train
ID_69EB9Y62,train
ID_ZSGSEH1O,train
ID_V9WPPGAM,train
ID_O382WAVK,train
ID_TK2M5VAW,train
ID_W8R680X1,train
ID_073MLOLT,train
ID_YNP72D10,train
ID_DB36DCNF,train
ID_0D4ERLFT,train
ID_YZYHO3JS,train
ID_Q9VQXYAP,train
ID_1LSG8914,train
ID_CG3ERTQP,train
ID_FMRCP23J,train
ID_BQVCR3VZ,train
ID_XW4G8PR8,train
ID_8Q0IH28U,train
ID_FJPRMZ86,train
ID_UKQHUYBP,train
ID_ZTMTN2GC,train
ID_P297KRTD,train
ID_7162D8SB,train
ID_Q4X5VPNN,train
ID_D76DTZWF,train
ID_7CSUEZ7T,train
ID_SD5A1GG8,train
ID_Y4PVJVUU,train
ID_25LJ6L49,train
ID_7M1DHYYQ,train
ID_53DU7EDR,train
ID_OFMJ2AYP,train
ID_G59DEGYF,train
ID_QBVF8BCY,train
ID_7MMWXX4E,train
ID_UE4KSSQA,train
ID_AYF9JV0S,train
ID_Z30ZK1XA,train
ID_BAIIILFZ,train
ID_2W7ETSNU,train
ID_BUJRVM6P,train
ID_9GVKMK9X,train
ID_XRGT1S4K,train
ID_T4VYOTN3,train
ID_KZOMVB9S,train
ID_I7F7N317,train
ID_7O0RBA3G,train
ID_BGNPCBDN,train
ID_UV22UX9H,train
ID_F2RKHAGC,train
ID_F9LYMX8C,train
ID_A7DQKXUO,train
ID_WXG76W9K,train
ID_IPU4305S,train
ID_DRFGU595,train
ID_ESK99E4I,train
ID_JSGWDNR1,train
ID_2E8YCH5S,train
ID_9LL81KEH,train
ID_E3IOYUMI,train
ID_5AM6K099,train
ID_2TCH66WA,train
ID_ZCUNKSQI,train
ID_W45CT37C,train
ID_310PJ8FR,train
ID_Q4COVAS8,train
ID_BQPK06QX,train
ID_RFWCTMER,train
ID_A7XVIHCG,train
ID_WAS6DNX2,train
ID_6NZZH6F8,train
ID_OI8LY72K,train
ID_EU7SAE9B,train
ID_05X07N1I,train
ID_UACAAL2I,train
ID_ZZ6SBLRA,train
ID_0QVHD7C6,train
ID_32TARBR3,train
ID_H0TMSSB6,train
ID_HD2VELT5,train
ID_86IHEG1I,train
ID_3M5992JX,train
ID_PZYFCV6U,train
ID_1HIE2XYE,train
ID_NVD9N4OQ,train
ID_AO29TGAA,train
ID_FRZJCTDP,train
ID_QEQC6JV5,train
ID_M6KRO19Z,train
ID_P3L6IYGM,train
ID_5H0RQ905,train
ID_NF69ZX8G,train
ID_45DFYA0R,train
ID_JHK01QMK,train
ID_E692LTH3,train
ID_KE7TQ9SI,train
ID_7XKZXN3R,train
ID_14GVWT83,train
ID_91CIMVD7,train
ID_NHV0D42M,train
ID_EVAJPJ9Q,train
ID_V5LB8Z19,train
ID_3K9S8FA4,train
ID_UNCZJAHH,train
ID_F8TCNR5Y,train
ID_3AKVXKOE,train
ID_1UIJG8S8,train
ID_SPINN5ME,train
ID_4KSPR0Q7,train
ID_P32J2MUK,train
ID_QQH4FCVH,train
ID_DVLUTI92,train
ID_C30Q257O,train
ID_WVN0SPUB,train
ID_NE2WJOIP,train
ID_DE932ASG,train
ID_SNHEZAS8,train
ID_GVNR0MJP,train
ID_DHKWHILS,train
ID_DL9TAN3H,train
ID_M0KAOO2F,train
ID_A3SX38UP,train
ID_1ZIB94AZ,train
ID_KDLBYPG0,train
ID_CAOAZJI4,train
ID_XQHZ3C68,train
ID_CM32IQUH,train
ID_GZJYNZ7Y,train
ID_G6XY6KGP,train
ID_V1HCA981,train
ID_UZCS68L8,train
ID_CNZDD00Y,train
ID_O2JNY9PI,train
ID_XJC027WZ,train
ID_7HRT7SSP,train
ID_LO59MDC2,train
ID_1VIKHSJ4,train
ID_40XX24O3,train
ID_HCZAT8TV,train
ID_ZDSNDT8G,train
ID_ZVTCGL4S,train
ID_N1S312MZ,train
ID_O9VP21C3,train
ID_46R6PJ46,train
ID_UTD0YD3T,train
ID_LZC5OZY3,train
ID_72A3FQK1,train
ID_DW09OFX0,train
ID_FSOSGDZO,train
ID_N69RATW5,train
ID_VWNSC0BN,train
ID_023LEWY8,train
ID_SJ0JHODN,train
ID_QJXGBH2A,train
ID_BKSFOLTS,train
ID_Q3O0QEI0,train
ID_9P4SMPDR,train
ID_A4VDM7Y7,train
ID_U2SMX9UY,train
ID_2GGJBBJU,train
ID_Q6F1TY9K,train
ID_A0YQLMJB,train
ID_6Y9JYEA4,train
ID_OF82FROI,train
ID_Z3FTNEG5,train
ID_6QGXPHA2,train
ID_P5V7KCNL,train
ID_TUHBNX2Y,train
ID_OD7RWU41,train
ID_QAW06EDL,train
ID_MP5VOU6R,train
ID_CUNT0LZ6,train
ID_DVO6L04X,train
ID_9DMBKL1X,train
ID_MUNF4CG6,train
ID_5KX6EQCE,train
ID_FCRT4IJH,train
ID_WFKLMQTC,train
ID_1TF1G8X6,train
ID_M0HWZSRT,train
ID_JT42TOI3,train
ID_W2JUD52L,train
ID_YUIBTZ0V,train
ID_W4TUGL8N,train
ID_92T5NYDL,train
ID_83WZ0UQ0,train
ID_EMB3FWEX,train
ID_3UI6BIEU,train
ID_WR4FGFWI,train
ID_Q3IHX7MR,train
ID_OY7CGQ80,train
ID_R01VQSXC,train
ID_7BBEQ9JJ,train
ID_EONTVNGW,train
ID_GL91NFXI,train
ID_M5B1X034,train
ID_5P7MTEHX,train
ID_E6WQS39T,train
ID_FJN1CPI7,train
ID_7UBH2HOK,train
ID_NN8MYUE4,train
ID_19FKXG4R,train
ID_AZIR36DF,train
ID_BGG131R6,train
ID_0G9SA1WJ,train
ID_R4SZ61HL,train
ID_9UWQD3JY,train
ID_G92QV56P,train
ID_95NXD2DJ,train
ID_IZAJUHQW,train
ID_GKPOX65W,train
ID_3HKXKKYD,train
ID_95EBNWDK,train
ID_CKS2E8Q4,train
ID_9JWSATTN,train
ID_PMDLTNPV,train
ID_TJHQTCJ2,train
ID_EBJ6R9GY,train
ID_TPT18ARY,train
ID_XMH8IOHF,train
ID_HBQ1FUJ2,train
ID_2FYJHTLV,train
ID_Q5JMU28Q,train
ID_E7X13QZC,train
ID_2UQMICCQ,train
ID_G4X58MUI,train
ID_86XAS9GG,train
ID_QXA0K94A,train
ID_CELPZ35K,train
ID_0DWVP6YZ,train
ID_Z44SF658,train
ID_I58MFLA0,train
ID_5LHMLZBK,train
ID_OCBGCJMV,train
ID_QO44FPU3,train
ID_AZJHPJ0C,train
ID_64VVRJ9T,train
ID_FP9EON11,train
ID_I6MTTVCI,train
ID_4EOPNZ89,train
ID_ZBISTD97,train
ID_YY2FYR3I,train
ID_3OLEQGCE,train
ID_SLB7G61Q,train
ID_Z7TSJVXM,train
ID_W341O7BL,train
ID_MY0JQW3G,train
ID_GBOVVNDW,train
ID_VHVMSGKY,train
ID_UNV05EPX,train
ID_83XMAIXM,train
ID_MQRC9Z2H,train
ID_NTKKYB70,train
ID_8ZF7U5X8,train
ID_CPG8SJDC,train
ID_SO0NHVSL,train
ID_FDVQ6N4R,train
ID_SI7TKRU5,train
ID_CN2L820N,train
ID_3TARRQIG,train
ID_R6VO68QM,train
ID_T1BHQQ2U,train
ID_SXX3AHT0,train
ID_LEECOHL3,train
ID_XSUKQPIN,train
ID_YSGYTPF5,train
ID_KR57MBAU,train
ID_W4VQK0LD,train
ID_NJ4LY26V,train
ID_5VRJQSHA,train
ID_IROFK2A5,train
ID_RONX1MOE,train
ID_POUGRBL5,train
ID_ALVR3SPM,train
ID_X042ECVP,train
ID_FM7I9AID,train
ID_I274ZGEQ,train
ID_2QO3WYMC,train
ID_LH6XJVK1,train
ID_QAY7NB48,train
ID_HYWJNLHY,train
ID_OBYGEF6I,train
ID_FAKNPPGL,train
ID_3LF5N8G9,train
ID_Q4HA0UEM,train
ID_FV3D8ZOU,train
ID_FBLGQVJS,train
ID_Z6XNZZGL,train
ID_A8QY59Z8,train
ID_HE4DPPMJ,train
ID_D3Z9T1CU,train
ID_BFT7OET4,train
ID_42WQN6IT,train
ID_5365J54A,train
ID_B07MTNR5,train
ID_8IAJYPHZ,train
ID_5XSTHH8W,train
ID_C3NVLO1E,train
ID_J02R53PI,train
ID_PM1U7TPG,train
ID_E0B34WL8,train
ID_3H7VH8Q9,train
ID_K1UWY6JC,train
ID_FCT15Y2M,train
ID_IKBRN5ZR,train
ID_4PX0EVM3,train
ID_COUY6INR,train
ID_FH4BX0D7,train
ID_E8999XK0,train
ID_7LL9E9RA,train
ID_8ONFGIMA,train
ID_BHUIDXU6,train
ID_WTD2PHKP,train
ID_04H6EDL2,train
ID_R1AZI5F6,train
ID_OKLRT1HW,train
ID_BAFDEKWB,train
ID_JEZRTJZA,train
ID_JMOVPJD3,train
ID_5OAQP1S2,train
ID_WEJD3TNH,train
ID_VAAPAZY7,train
ID_3DECDG7T,train
ID_IDC2QDKI,train
ID_8PM93A52,train
ID_14UV9BWM,train
ID_4XC954N5,train
ID_ANR78Y1A,train
ID_O8AWS1G6,train
ID_Y6OQEND0,train
ID_228J5JYT,train
ID_S10PXE4M,train
ID_PBD005UV,train
ID_43FOWXVJ,train
ID_8P1798EF,train
ID_5ZDWRD4V,train
ID_TGZWCJQM,train
ID_KSGTKFWZ,train
ID_CQOV28AF,train
ID_XCGAP81W,train
ID_3REYWQK0,train
ID_Q1AKGLOT,train
ID_9IYGOIKT,train
ID_J9WJKRMR,train
ID_SQ55M18D,train
ID_T31UNSO5,train
ID_3YRYC0QP,train
ID_NL2HE1IF,train
ID_PHENVI6D,train
ID_BH3Z7VZW,train
ID_JFVDEIF9,train
ID_O5B6Y63O,train
ID_IIHQJ28Q,train
ID_8DBDOLVY,train
ID_SB8TIVK7,train
ID_NDF603YV,train
ID_WHMXI9NR,train
ID_WO3P3K2P,train
ID_SC9LDTVB,train
ID_WEWFPWJV,train
ID_3HXWHIX7,train
ID_YXU62XC4,train
ID_L07ACSDD,train
ID_B2CIQC88,train
ID_F156UG6U,train
ID_N9TOXPM4,train
ID_MPDER8F7,train
ID_8OX09LWH,train
ID_II0AD0MB,train
ID_Z6T1R29X,train
ID_GOO6LLPK,train
ID_DQJSOGI2,train
ID_BOXQ3D55,train
ID_ACMW9KUD,train
ID_P3547K62,train
ID_8FPZ1KGN,train
ID_ZC8NCKRA,train
ID_MOW1B8N0,train
ID_0OWWLQYM,train
ID_UJKXMUS4,train
ID_4OGCOAVK,train
ID_PZKAY8IY,train
ID_UZJCA69X,train
ID_AJ8TQMXL,train
ID_V4BC157D,train
ID_SAC97ABM,train
ID_370Z07U4,train
ID_TK3A3MTW,train
ID_1WASJHVD,train
ID_OV4UCHF6,train
ID_GABT0ASI,train
ID_RJY40ZKQ,train
ID_1CDHN8ZH,train
ID_4XP6FP84,train
ID_9GPYJHWD,train
ID_P1RSD4JP,train
ID_HGSNKBGO,train
ID_GXD7B8AS,train
ID_PPWE3NL4,train
ID_NG9WAWFO,train
ID_FTEAVLAQ,train
ID_5O5IZU0C,train
ID_TDXY3E87,train
ID_NVL3QCI9,train
ID_1HD91378,train
ID_ULWU88GS,train
ID_SNBR47SD,train
ID_VEO3P47V,train
ID_ZUGH2KOU,train
ID_FOR489IC,train
ID_T0O9S821,train
ID_7LIZX47S,train
ID_8NYXR7WL,train
ID_EAJ4S4OT,train
ID_SCVB3TJE,train
ID_NVTKUB64,train
ID_EAURC2L0,train
ID_N0OCP6YB,train
ID_FGCSPFAN,train
ID_KSDY7NP0,train
ID_M27FSGHN,train
ID_GLW858OD,train
ID_CZS6YTQB,train
ID_03H43HIT,train
ID_G0YAY4AJ,train
ID_G9V81UFR,train
ID_SP2HV6DJ,train
ID_ZAZVM2PC,train
ID_8T8VWXBF,train
ID_ZWOT5CTZ,train
ID_3VLV2QU5,train
ID_88QESNBD,train
ID_4X8RQLBP,train
ID_IH1TIOLO,train
ID_QE86PEMH,train
ID_CTVA49UK,train
ID_HPSNLEBP,train
ID_0L11XVWD,train
ID_YXBH1KXM,train
ID_DXLSM07H,train
ID_1FDS09ZS,train
ID_445JLPJ3,train
ID_CFRCMWCY,train
ID_4K8XMQLO,train
ID_78M9WY5S,train
ID_OH0MLVF4,train
ID_KY9TMA6F,train
ID_0V0OGYYR,train
ID_W2ICG8MT,train
ID_EPSEY7LZ,train
ID_JGI5DJEQ,train
ID_13T1000G,train
ID_FCJEXOC1,train
ID_29TF124E,train
ID_5DYP9MLH,train
ID_KLR3LFEL,train
ID_I8NK4IAV,train
ID_5XULL2HJ,train
ID_YF72UJYC,train
ID_ZFTPWW8E,train
ID_QA9O5O9Z,train
ID_ZIWPJ09J,train
ID_0LZMACHS,train
ID_7OOGI4YY,train
ID_4PCUOHHD,train
ID_4JGJOOA8,train
ID_SQLL1KZA,train
ID_MU2AIDPJ,train
ID_6SOCAIWO,train
ID_PW7QPJ3J,train
ID_F46Q5R57,train
ID_VQHT3ND7,train
ID_B9PFR10S,train
ID_LG2BM7YG,train
ID_TQOFKZFE,train
ID_LO48WRQ9,train
ID_028SGEAN,train
ID_WZFN4VN8,train
ID_CKC45L4K,train
ID_ST0X6HNN,train
ID_2OKAQ0X6,train
ID_X7DLXNWW,train
ID_6H0YFYWK,train
ID_3FMAEJMI,train
ID_A9J7D1P0,train
ID_9TF5W6O1,train
ID_AAM1Z8B6,train
ID_PVMOQFYB,train
ID_8XM3HJFJ,train
ID_1BZ06EHE,train
ID_VRPVHHB1,train
ID_QNMAXWO3,train
ID_MWNIC48S,train
ID_XI408PLD,train
ID_ZYPWDLBH,train
ID_D3OCVOFB,train
ID_Z5RXRK2I,train
ID_MR54LCDI,train
ID_9Z3IV0FQ,train
ID_BKXB530S,train
ID_02XU8LZ7,train
ID_SVUZ90E1,train
ID_X3FV0B3Y,train
ID_0PC5JLWN,train
ID_3QRVP8AT,train
ID_1F7SVTAZ,train
ID_P8XIT0VQ,train
ID_TYFSB5BK,train
ID_3VA0I1JN,train
ID_VJYEV46H,train
ID_3CL9D3QW,train
ID_TALF970K,train
ID_L4HMBFK8,train
ID_3N61ISC5,train
ID_X2OP4TPU,train
ID_NFHC72WE,train
ID_XI9MAG8N,train
ID_JTZSUE4L,train
ID_IRUQBAKZ,train
ID_AARJYY0X,train
ID_05V6IZA6,train
ID_7EZKGJ3G,train
ID_LWRTPKGT,train
ID_65VNMJIW,train
ID_ZF8FLLYB,train
ID_NPYOSNHO,train
ID_CQFIGIY4,train
ID_9L7ON4FK,train
ID_8LC8FFU4,train
ID_9H8ZV4WZ,train
ID_QI6QVCMG,train
ID_K9Z3CUHG,train
ID_5NVO172C,train
ID_W5SDTOX1,train
ID_S9TWST09,train
ID_4LLPLTH0,train
ID_NXJ0ILUA,train
ID_8VKCUAHT,train
ID_29U46LH7,train
ID_MYKTA239,train
ID_6GINKLRF,train
ID_X1YSLSYO,train
ID_M3TLXO9Y,train
ID_ULLXQXV3,train
ID_AV18VT2H,train
ID_1ZTVGRP0,train
ID_YJHCDRYM,train
ID_8105RVR8,train
ID_WT1CDFVF,train
ID_OGXAJCLY,train
ID_WVGQYIJ0,train
ID_C0AF5UVT,train
ID_U2UK2ARH,train
ID_UXH7GV7P,train
ID_NJTQYM7G,train
ID_LURUAIGS,train
ID_7LLRL4RS,train
ID_QFV6VLXL,train
ID_E8WNXA2O,train
ID_O2IG5ULO,train
ID_ZI4C885U,train
ID_53CACTJ5,train
ID_LTOXXR75,train
ID_UWXF4MFR,train
ID_L3WZIDCH,train
ID_YUJ1HG47,train
ID_ZJQXNV30,train
ID_EBMSFQ62,train
ID_RM0JCQ67,train
ID_CJ3A3SUQ,train
ID_DKYQKINI,train
ID_EWM6EVRU,train
ID_PSO5D61E,train
ID_770Y7239,train
ID_JJO8TMWH,train
ID_WFGUJ3XR,train
ID_X9I2H1BY,train
ID_GKY0IGDD,train
ID_WF4MGFK1,train
ID_BH29TJX7,train
ID_8WPECBL1,train
ID_S2RRIDDC,train
ID_UBXS9NDU,train
ID_LKIPZE43,train
ID_DU4HV0LO,train
ID_245I10E7,train
ID_2R35R9WM,train
ID_BL361ELR,train
ID_WU4FM47J,train
ID_ZW2A04I3,train
ID_47FAJJUV,train
ID_ZQZDGH59,train
ID_XLTJUUXA,train
ID_PG913CTD,train
ID_LS6Z4UWE,train
ID_3IB876FZ,train
ID_UT5SCRWI,train
ID_Y8FJVZPW,train
ID_G4NEYW4W,train
ID_715ZSVDF,train
ID_0UTTZJ8W,train
ID_BO140SQZ,train
ID_MLX29FWF,train
ID_6LO0KVC7,train
ID_MZ405JZ2,train
ID_H3B0S6C8,train
ID_ZKT1EACW,train
ID_YV2M2D71,train
ID_PW24EXGJ,train
ID_QQOLKONV,train
ID_2NRBTRDC,train
ID_G5HAVLLQ,train
ID_YRIJ0R18,train
ID_C55VJ35X,train
ID_SM0WWVHZ,train
ID_U34MR1BV,train
ID_3QL0ZOM1,train
ID_3YSNDEIK,train
ID_CRWB6R2A,train
ID_MXCX1P6B,train
ID_BKV73DWA,train
ID_WCPHKOB5,train
ID_THRIH433,train
ID_SPPUNT9U,train
ID_XXB4CS05,train
ID_MC2FCDJ2,train
ID_O1JEF4IU,train
ID_0FNZJF6B,train
ID_PHHWK2SM,train
ID_MD6HIDM3,train
ID_XJIEHFU8,train
ID_S9V4EMQF,train
ID_XH3HAIVA,train
ID_8LFMFNC8,train
ID_H132OS2M,train
ID_KKVI8R44,train
ID_011O2F5F,train
ID_9274BH4A,train
ID_3FN2NR7R,train
ID_2YKQR97F,train
ID_EXAJIF9Y,train
ID_9E8GDY57,train
ID_QJ2OYUZG,train
ID_X6G1EUXP,train
ID_HNR1OD2P,train
ID_77ISN3OI,train
ID_UGUJ2BXD,train
ID_I6QOBQ1X,train
ID_TE706WIU,train
ID_FZV8JVZO,train
ID_UNY1UTKY,train
ID_WIZ4HD5I,train
ID_OF3XPA3N,train
ID_HY64DU0S,train
ID_TLGPTQU6,train
ID_28L0IOI4,train
ID_5HOLLP8D,train
ID_71NSVIKF,train
ID_C9W2CDTQ,train
ID_NEN77C1X,train
ID_B4VZD0DN,train
ID_DCJJGJXO,train
ID_Y3DXNNRA,train
ID_AAG6CGP3,train
ID_DCK1OYXG,train
ID_7Q3936CN,train
ID_ILHAWTF2,train
ID_BUNR6X14,train
ID_G4FWGWRH,train
ID_ZC22IQ3L,train
ID_LGWNVWO8,train
ID_UQTCCVE6,train
ID_R2ZI4TON,train
ID_CSYS46PD,train
ID_XFZIVZOU,train
ID_BP6IKQG5,train
ID_A793IZ8Z,train
ID_E1OK93BF,train
ID_MC6QMHN2,train
ID_YQF6UKKZ,train
ID_0GVGIX26,train
ID_VTR8FI4G,train
ID_HFN4D1Y5,train
ID_HXV9OH0M,train
ID_AVF25L7Y,train
ID_7MNKVF2W,train
ID_VKDJNRBN,train
ID_V8D9PPVT,train
ID_RL3VPPN1,train
ID_U63VNV5I,train
ID_8L8PB0GP,train
ID_UTLUUEON,train
ID_X8HPK24I,train
ID_CXYKKZUZ,train
ID_SWOJJ7TT,train
ID_GYST83FQ,train
ID_K72HXDSP,train
ID_FBJI0SEB,train
ID_19KU4GQ3,train
ID_P6XUVCYR,train
ID_NOHZ9LL6,train
ID_BCP2QSY7,train
ID_4VAZULWX,train
ID_EA7MKW6U,train
ID_UI072EGM,train
ID_XY3L607C,train
ID_JABDDDJD,train
ID_3BUXLPAY,train
ID_WWXXM8HI,train
ID_CHH4OF8N,train
ID_6HFXEGBM,train
ID_6HCP4BZJ,train
ID_FTVLJ9WI,train
ID_X229J7O6,train
ID_JR6O8852,train
ID_BKRP5SKM,train
ID_7Z1XZ1KL,train
ID_38HX6JK5,train
ID_W2DJGGFU,train
ID_TYUU4OKV,train
ID_K2YGZPGQ,train
ID_DL6LYSV2,train
ID_5OPZGF5L,train
ID_Y8KF5HAF,train
ID_XXLK0K93,train
ID_9PEZIZD4,train
ID_5QEU57SX,train
ID_GNHTGZOX,train
ID_WPMM8UKI,train
ID_RHYL9K0B,train
ID_1PW5GBQA,train
ID_1817AUV1,train
ID_AGN5MCA7,train
ID_LNCDJY0Q,train
ID_88ECMR53,train
ID_VLG9HGSY,train
ID_MG7299JW,train
ID_3M7KDT75,train
ID_2UBO5FSK,train
ID_56LQECNO,train
ID_80PEGO5W,train
ID_ND0BE8GG,train
ID_RV7LEFI9,train
ID_UGN3Z5U0,train
ID_CBG42W21,train
ID_FIHN3HEX,train
ID_GHWUKGC8,train
ID_KUNTH29B,train
ID_IPGP475Z,train
ID_0DV8AKBZ,train
ID_WFQZSK6S,train
ID_AANNX8AH,train
ID_RA5W7VSG,train
ID_MQTX55DI,train
ID_GQD8DOXT,train
ID_RBP8JO52,train
ID_ZO3907R2,train
ID_4B6RQO1D,train
ID_0VS74XV4,train
ID_UHIUQFQR,train
ID_4GHCDQU9,train
ID_W1E0WQUE,train
ID_VE674SJT,train
ID_LQBSXIR8,train
ID_FJVGB3AY,train
ID_6AKHX153,train
ID_STU2CP6O,train
ID_XXDKC2N3,train
ID_YTJ0FFG9,train
ID_N2ZGKB3O,train
ID_IHGVXZNW,train
ID_AI549G47,train
ID_S6K649FL,train
ID_V62T5V0J,train
ID_FMNTGPC1,train
ID_CIOF9518,train
ID_Z82X4ALM,train
ID_1GBFZWY9,train
ID_HD9IRZAI,train
ID_6W5KJXWM,train
ID_OPE3K69B,train
ID_30S4ZG92,train
ID_RURE7QUO,train
ID_YTQ7QO05,train
ID_Y5P1WHTB,train
ID_DS47YWC8,train
ID_5FP31D3W,train
ID_VRNT6CE6,train
ID_T2B0M3Y6,train
ID_G3PILSW6,train
ID_635F0TN5,train
ID_88K22G60,train
ID_10GUN6KC,train
ID_LVKHOR4U,train
ID_8ZSPPBYQ,train
ID_AUBXY2G7,train
ID_9HBMPLIE,train
ID_NTSD96JM,train
ID_ZRG4JMUB,train
ID_9BUPGYAE,train
ID_LFIDFRTB,train
ID_JHT197ZR,train
ID_O1TVZCTG,train
ID_WOPYRABX,train
ID_QONP1VRU,train
ID_I6U6EH8D,train
ID_GQJNTKPP,train
ID_QH649G4Y,train
ID_IQSVNEOG,train
ID_HJV0M4NT,train
ID_8UXQH9E3,train
ID_SB6Z3MFP,train
ID_JJ0IASEA,train
ID_2633UYP3,train
ID_6NPBB0W2,train
ID_7FCCY1YZ,train
ID_85WXK5C6,train
ID_8I9U5XLU,train
ID_R5IGQMTR,train
ID_AVPIQF2F,train
ID_INPN5ENB,train
ID_6FQ0AS81,train
ID_K2ULWW04,train
ID_ZHP0DMN6,train
ID_Q6Q7X482,train
ID_PAZFSAU8,train
ID_LVF9TNRP,train
ID_5EKZSZDE,train
ID_5IDF7Y6W,train
ID_01AGEWV9,train
ID_1GPGZ70Z,train
ID_PH8PPNCL,train
ID_KYPSNRLH,train
ID_N4UFRXJ0,train
ID_NQDV5MNN,train
ID_R2M8EB4M,train
ID_AG6HPCPH,train
ID_QNR0PRQ4,train
ID_Z8443OV7,train
ID_XLS0GA07,train
ID_59Z1KUDC,train
ID_MYHN3LJO,train
ID_H2LCKX8B,train
ID_IPURWR0T,train
ID_RNP4D4PV,train
ID_J7ZTJ7O8,train
ID_31EXCQGX,train
ID_IVNQ4UDQ,train
ID_HK9GK5V6,train
ID_HNXKSMXN,train
ID_0CXUQBT1,train
ID_Y9MNCV0V,train
ID_6VM19BAC,train
ID_EY7952VE,train
ID_E92FC0G2,train
ID_FMIJNMEY,train
ID_MJGYXM1I,train
ID_C6MZ2GIW,train
ID_N82FPITU,train
ID_VM4ALCQV,train
ID_Q2WE3C94,train
ID_FD1FHC5A,train
ID_49D6DJKA,train
ID_DB2LXZ5R,train
ID_5UYD3OB0,train
ID_YH4XSVBQ,train
ID_LLKA0IYR,train
ID_JK6TXR24,train
ID_JM9GFPBI,train
ID_44O7Y34R,train
ID_D31E652C,train
ID_TATE4EO4,train
ID_AC8BU4PH,train
ID_6DVVXF8L,train
ID_9K06OHI5,train
ID_PA7TO7QS,train
ID_7KJZ80KL,train
ID_VMW60551,train
ID_U1PIS811,train
ID_RJP92SCU,train
ID_PCIXY0F3,train
ID_MIW4QYO9,train
ID_VFSW3G1R,train
ID_ZG8QZEA2,train
ID_WBKFYZ91,train
ID_KMYB8G08,train
ID_HP7DRWYQ,train
ID_N2UCSFZU,train
ID_QTILU3A7,train
ID_3FRR05IL,train
ID_EB33AVUN,train
ID_Q2I2VSOE,train
ID_GZQ54COO,train
ID_JKCMXYFI,train
ID_VT6RVWIB,train
ID_WDOCDAQQ,train
ID_HV7GQQAY,train
ID_LZALO77Y,train
ID_H7SOZ2PD,train
ID_AAP2N0FB,train
ID_P77A4PA1,train
ID_STB0Z7BO,train
ID_9ZFPTOUK,train
ID_GK827K7K,train
ID_ZEHT6YK4,train
ID_CJCHBGMT,train
ID_06A0SOZ3,train
ID_ARWHI0AZ,train
ID_MBRLTOVN,train
ID_HP1B4JC9,train
ID_1QJTM8EK,train
ID_TUR8O4LF,train
ID_BKTP9MKC,train
ID_LE1EFGGE,train
ID_FHAQ1STJ,train
ID_TXD1N56C,train
ID_EIPAO5ZA,train
ID_QSNSNM04,train
ID_GYOCORZG,train
ID_OVT5HYTQ,train
ID_6G6H50JL,train
ID_7UNXGY19,train
ID_8H5H8J2M,train
ID_ZN62973B,train
ID_OAU3SCU4,train
ID_7MWWEHRU,train
ID_UJKKP9RZ,train
ID_YM23Z2DC,train
ID_B2JVVOQK,train
ID_ATOFA6CT,train
ID_UZXSDT5M,train
ID_Y4NGFDFY,train
ID_QZ2K2OG5,train
ID_77FVULNF,train
ID_PXHWXTOM,train
ID_67LAKWU9,train
ID_LI19D9QL,train
ID_TQJFC5RS,train
ID_EIN7NIRZ,train
ID_2QXI4Y59,train
ID_8V9KEEJX,train
ID_Y61HOKTK,train
ID_WC1IWLQ0,train
ID_XZ891WDG,train
ID_FFBPPKSA,train
ID_QPZMSODG,train
ID_94Z0P41H,train
ID_1P0LA2G4,train
ID_5VV03TOU,train
ID_5KBKET69,train
ID_7FN80UO0,train
ID_MEDAXW7A,train
ID_N4KEMRCZ,train
ID_K785V34E,train
ID_LVKWR692,train
ID_CF1AZ39S,train
ID_7XOST3RD,train
ID_XX99N37M,train
ID_6VXDYYQU,train
ID_K5MYTEMF,train
ID_CV17S5O3,train
ID_HLRYVURL,train
ID_JCTZVBL0,train
ID_H7M3T2NH,train
ID_XFZ8F8UV,train
ID_UPMLHC4N,train
ID_HBBS5XUO,train
ID_R7V3XGMT,train
ID_YSSGV3D9,train
ID_MSQWGXJT,train
ID_ES1RBIPE,train
ID_4XWMDEQ5,train
ID_X7ZO7V1A,train
ID_B6J1KSK8,train
ID_D1VB8EN6,train
ID_5J443SPN,train
ID_0PL84VEK,train
ID_RMYT0MLO,train
ID_GWFB3V0P,train
ID_YXU051A2,train
ID_QKCR16GG,train
ID_MUJS7J23,train
ID_UFS93FHA,train
ID_X7FXJ90P,train
ID_997IADJP,train
ID_12AWLER1,train
ID_22YU6JLT,train
ID_AP9XR63F,train
ID_A6RK85EL,train
ID_KSAEYP5D,train
ID_6NRU86OI,train
ID_J2TA6O9K,train
ID_1PJ8ZCDG,train
ID_PRCUOXIT,train
ID_4FEZUA8L,train
ID_SEBQ1EGZ,train
ID_AFVJF236,train
ID_XF3C70PK,train
ID_O2D418A6,train
ID_4R6QGOBS,train
ID_RCEEQ1YF,train
ID_85PPEVWV,train
ID_GWG1QRW6,train
ID_K0BWDUIS,train
ID_6HEZQ3H1,train
ID_OMXRAVKH,train
ID_NWHM1OCK,train
ID_NO61TUW5,train
ID_0B4FWFHB,train
ID_PAAKEYFT,train
ID_T29PASJW,train
ID_JBDMBVKE,train
ID_CTB7VDKG,train
ID_OQOD2JBS,train
ID_2PRMNV5L,train
ID_Q8HM0L8Z,train
ID_DGTSRPPK,train
ID_CJ6FVX4A,train
ID_ZL2OEV5H,train
ID_QYO7NPI9,train
ID_OBBALPKM,train
ID_OS1WD5G6,train
ID_HYXRX5J4,train
ID_UB89YBTC,train
ID_KUONSKFL,train
ID_L5HAF3AY,train
ID_GFYQVIN6,train
ID_TD1AN8YR,train
ID_LDO3AAQT,train
ID_GKP5JAVK,train
ID_BT7DEYP9,train
ID_A5U68SMR,train
ID_S0KJ4K9Y,train
ID_PJUKVEQG,train
ID_OLXACJP4,train
ID_WI6WCG44,train
ID_FXNWUT09,train
ID_3JSIURXJ,train
ID_YYSK1B50,train
ID_RFH5C86Y,train
ID_DSTOQR5C,train
ID_DO9KEBWQ,train
ID_Y7Z4D55R,train
ID_OEK0U0WX,train
ID_127ZR0QP,train
ID_G4O95CAW,train
ID_87DUAN1Z,train
ID_3Y5AXWMA,train
ID_BWSQBAZK,train
ID_23ACGJ9I,train
ID_N27AU1CZ,train
ID_C1202HNT,train
ID_05J0PN31,train
ID_7SPVUVWW,train
ID_GVO5ILFU,train
ID_ADY4Y0AM,train
ID_C3BB6FKK,train
ID_RUW50X3C,train
ID_QT9L352C,train
ID_DOVRL12M,train
ID_12ZWS3C5,train
ID_HEFHBI39,train
ID_17G9CK0J,train
ID_8ZEVWQ3N,train
ID_IJAJ981M,train
ID_ABFHYCM0,train
ID_MUGSKCHV,train
ID_R5AQ1PZV,train
ID_78TEJN76,train
ID_QHZR8L99,train
ID_T3AN4FG3,train
ID_IUSZHCRV,train
ID_OQRKCXVR,train
ID_5ID6ATBT,train
ID_B4VTCE82,train
ID_P7XVSTQZ,train
ID_DBHABD9E,train
ID_QX4L1ALG,train
ID_39NTIC5T,train
ID_SRNFXFXD,train
ID_YG0TUI5X,train
ID_DDHSQ7L7,train
ID_WMZ4E3EZ,train
ID_4UT06FBN,train
ID_Y4QFBWFA,train
ID_HD5NUPZH,train
ID_SJ8OXDW9,train
ID_BLCEN9NY,train
ID_O4TOYPVA,train
ID_WK0IDDQ1,train
ID_PKFL8QQ4,train
ID_8OWWZDNW,train
ID_96RGWSQG,train
ID_CCGWEIXT,train
ID_05H9PIMY,train
ID_0ZUMU24W,train
ID_FWGSMEBD,train
ID_APTOYSFQ,train
ID_5KI80QGO,train
ID_ELKD37B5,train
ID_T2S20XZP,train
ID_14MTJP3U,train
ID_4288G0RI,train
ID_VL3NOK60,train
ID_TSRTZ63H,train
ID_BZOW0WU5,train
ID_UVC9MCGK,train
ID_P8AR913I,train
ID_UP4T17HP,train
ID_24ZYUR4U,train
ID_UBFF9ZLU,train
ID_P72CHX2P,train
ID_RKWLABCC,train
ID_9IO6JEJZ,train
ID_AL8CFY1M,train
ID_QRBGC4R1,train
ID_CG29LGUI,train
ID_PO6CCQNZ,train
ID_LA146AS7,train
ID_X8MMVVRI,train
ID_YQTV8GRB,train
ID_VIJALQ3P,train
ID_ER9MSCDA,train
ID_FX1D38HL,train
ID_N7Z23KPS,train
ID_HHZ6N98F,train
ID_0IFEEUW5,train
ID_0S3GN2Z1,train
ID_OSHCGRKF,train
ID_0UBSJ9YG,train
ID_90IJHBXN,train
ID_F4GZVTFC,train
ID_75ZZQCJO,train
ID_DM6WMC0B,train
ID_NSZKTWZY,train
ID_ACBL0MCS,train
ID_MMPQYAAW,train
ID_GS0PX5LQ,train
ID_4D0KF6F1,train
ID_Y926BTWT,train
ID_LF0C6ZGF,train
ID_HCRE57NQ,train
ID_MMKKQY8T,train
ID_N5QLE4JG,train
ID_DL1C64HP,train
ID_JWQYJKEV,train
ID_QQL1HOYE,train
ID_IBP1FS4I,train
ID_F5A13OB7,train
ID_7TKQCS4C,train
ID_3VMEYJ4S,train
ID_HYYG4M8A,train
ID_66V92EA8,train
ID_WSQTEV2C,train
ID_9RPIP8IR,train
ID_7EK9MGSR,train
ID_613D8EVA,train
ID_NYK6PZJ8,train
ID_KVSPHQSM,train
ID_BFO5CE0X,train
ID_M81B7SM0,train
ID_CEX0WW2P,train
ID_YNJ9UPQD,train
ID_PX41L6CD,train
ID_NQ9F9KIT,train
ID_U6Z2WODW,train
ID_6JKBEH7O,train
ID_5CIWEXGP,train
ID_I4E3LEMG,train
ID_XMMMNQ53,train
ID_BOYL1ZXC,train
ID_72ENB9F6,train
ID_BUKKB9O9,train
ID_WX6P5ZGT,train
ID_CI50PSZM,train
ID_8E11UHZK,train
ID_3QH55KQV,train
ID_BYJH8535,train
ID_BYX30TPH,train
ID_VWC068FH,train
ID_Q7E3XZRK,train
ID_8CFXGQPW,train
ID_7KDZN123,train
ID_WA9CDCVM,train
ID_DNONCPHC,train
ID_78FCTS4U,train
ID_GSA2FRCQ,train
ID_S0MMO5GY,train
ID_JILGE1WE,train
ID_I4133USS,train
ID_91H650TX,train
ID_SQ36H9PE,train
ID_L98KKZEA,train
ID_J89GL1X4,train
ID_RB2I91FR,train
ID_GIURYSQ4,train
ID_K0K42309,train
ID_R8V9EDS4,train
ID_P4VXEPHU,train
ID_8OEY0GY7,train
ID_SCDMDAFG,train
ID_VDIWYJEX,train
ID_RT0PYZLV,train
ID_XLY25WAB,train
ID_NPC7F9NP,train
ID_O4ITN1V5,train
ID_TWUWT0PA,train
ID_1UULNJX7,train
ID_LGYGMO1G,train
ID_9ATLQMU0,train
ID_SV4BVSO1,train
ID_H38SFKJD,train
ID_Q3JZWS82,train
ID_0PYX79ZE,train
ID_TF66KOBS,train
ID_YW5XW5XL,train
ID_KJBJ9L9R,train
ID_Q7HD61KM,train
ID_PL4QZ8ES,train
ID_NPPNPYNK,train
ID_SJDWPEOA,train
ID_G6UN78BI,train
ID_MQDUSLIG,train
ID_PXPFEW2A,train
ID_G7323XOK,train
ID_L0TUVD5Q,train
ID_EVELFJXW,train
ID_6BKMQ1G8,train
ID_4THLJ4E4,train
ID_H9S99AZA,train
ID_7OBUKTKG,train
ID_7HWO2KPP,train
ID_UW8WPLPH,train
ID_KDFPUBO9,train
ID_GG90TP4O,train
ID_VN0P7AV4,train
ID_3EKIUN3W,train
ID_0GYDQSUD,train
ID_E8R8A7QI,train
ID_FUR3P0UD,train
ID_79CJ2W5N,train
ID_ZFEKEH3S,train
ID_3VV0QIIX,train
ID_95NO6NHB,train
ID_7GML32EF,train
ID_Y8WKQJ99,train
ID_4LOS235E,train
ID_TP30D1TI,train
ID_M0GPHVLE,train
ID_SP6M8EZ0,train
ID_VUBUSAF9,train
ID_KAIRUYRS,train
ID_VMHGMG9K,train
ID_VREFYFE3,train
ID_88VR0EEC,train
ID_VJD6HY47,train
ID_GFAE69AY,train
ID_WO7ZQYYV,train
ID_QOTR4MSA,train
ID_BGNQC5NH,train
ID_QE3Q68AS,train
ID_S51H9T11,train
ID_DIRDPU6B,train
ID_VYQKGD7L,train
ID_X7QTFMM5,train
ID_JVKRNF7A,train
ID_76V2EZMU,train
ID_F81DAKMJ,train
ID_Y62UQSWS,train
ID_POEHVTB9,train
ID_D0N6MIMJ,train
ID_9P2409AY,train
ID_137XZGL8,train
ID_96AVTNO7,train
ID_8W93C8RJ,train
ID_DAXKTMNT,train
ID_H46M3YGQ,train
ID_45HOPU5L,train
ID_B5SNNB35,train
ID_01GT9Z2R,train
ID_35RO7CP5,train
ID_EEVT18ET,train
ID_8WYQJU42,train
ID_MASDY4R6,train
ID_NUUNKHAY,train
ID_1VMASI5X,train
ID_EY0XSYKA,train
ID_PGCE4WDQ,train
ID_GV246E2W,train
ID_RYAECWFB,train
ID_559GRNU7,train
ID_MOH5577P,train
ID_HOHQJP18,train
ID_E3QPLRHM,train
ID_KIX0JEDI,train
ID_KL7U2X29,train
ID_LRYXZQ0G,train
ID_ZQSJA4UG,train
ID_LVR3GQST,train
ID_Q3XIH91I,train
ID_DEX70MDV,train
ID_T6SQAZG6,train
ID_TLZTNYHG,train
ID_1CJHYBQL,train
ID_F2P79592,train
ID_2W3BXSL1,train
ID_X94JR487,train
ID_87XPXU8Q,train
ID_BEU4Z0IK,train
ID_ALV4NGX7,train
ID_FNHDPKXN,train
ID_BAXYQ8LU,train
ID_O5PTZHWC,train
ID_LBRETBZ8,train
ID_NTPZW6UU,train
ID_9DGFG1E5,train
ID_ZCTON0SO,train
ID_7VNUH7SP,train
ID_FGZ7B4BI,train
ID_HPW87SEE,train
ID_2DW21ACQ,train
ID_TZHQ0RZO,train
ID_140J0JV6,train
ID_E47UNFPT,train
ID_UHEU5B0N,train
ID_BJM7GQEN,train
ID_M7CMNJPI,train
ID_46KONXLI,train
ID_6VN0VQZP,train
ID_6KZHBPY0,train
ID_INKUX411,train
ID_ZOGRZ95N,train
ID_PLI59NKI,train
ID_3JYELT3U,train
ID_BJGDUSN6,train
ID_U4KP4PM0,train
ID_N6N9Y1QD,train
ID_5RVBKQ09,train
ID_8KZBQW54,train
ID_FRR74P61,train
ID_UKP30XUZ,train
ID_VY3IBS7R,train
ID_PYHZQWXS,train
ID_UQ03P8GM,train
ID_DQLKSHJV,train
ID_N9CV0MWJ,train
ID_010ZUQZS,train
ID_Q1QJ8N8O,train
ID_SJFYA2ZD,train
ID_S2KYIHTJ,train
ID_E3GOZP72,train
ID_7WX8WYIB,train
ID_G92KX116,train
ID_2TYC7IDX,train
ID_Q4QHY7YK,train
ID_KYDIS6HX,train
ID_UK3GZKEZ,train
ID_NS757MZV,train
ID_1UV6GCDM,train
ID_0JM29738,train
ID_FCBBDTQW,train
ID_4MZ245YU,train
ID_CMJC2WS0,train
ID_ZVJ0CLKT,train
ID_2CN8D595,train
ID_2KUJ8WGA,train
ID_VPGH1WMV,train
ID_R2UE9MZQ,train
ID_KF99CZ34,train
ID_P11V4HWE,train
ID_1LA89CYM,train
ID_NDN8Q582,train
ID_VM6C00DP,train
ID_C18OUJGP,train
ID_SCIWT88A,train
ID_JYWYXROI,train
ID_FZSJPZD3,train
ID_FHB63MV6,train
ID_I3IKXMZ8,train
ID_9L6WQSFO,train
ID_6W2XFNZP,train
ID_69CFNFGF,train
ID_2BXWEDQQ,train
ID_Z03JJTUD,train
ID_1KK572T1,train
ID_GKQ8ZLO1,train
ID_JLWXP26J,train
ID_64VVWO53,train
ID_BER18LXG,train
ID_7V2KBLG5,train
ID_K15RWOW7,train
ID_QMQXWNE4,train
ID_KRGLLCI9,train
ID_1B8GZZAR,train
ID_TNE8TGOR,train
ID_DBTLHYCY,train
ID_A7F2VR8W,train
ID_VL1JWNMK,train
ID_SKJ6UOWA,train
ID_OX0LMQNT,train
ID_CSL6R8B5,train
ID_LK1OTJ0S,train
ID_BQFWXVHG,train
ID_EBAB7CG8,train
ID_PIK3JJ7N,train
ID_JLYM0UMW,train
ID_3956U8NF,train
ID_4KLW95ZG,train
ID_2U6YCF1Q,train
ID_DPMNZP2B,train
ID_F0ZCJ6MA,train
ID_9J31TI5U,train
ID_EQP5TXIP,train
ID_4TR1N5DX,train
ID_UL0D2CLL,train
ID_6YD84EPL,train
ID_DTDZIZE3,train
ID_CNOLJP1Z,train
ID_IEGQ8Q3E,train
ID_BY3AHF04,train
ID_WE6A7ODD,train
ID_R6MQQE14,train
ID_NB0CG9IL,train
ID_F1U6ZYG7,train
ID_87CNXQCZ,train
ID_FH47DZV5,train
ID_4PWVU2YC,train
ID_MNIJ42W7,train
ID_E2KO8OBQ,train
ID_CBGRJ504,train
ID_CYJZQHZS,train
ID_BLJRRPUQ,train
ID_N5IN1M9I,train
ID_9B8K8K1N,train
ID_59YGLHIH,train
ID_WF4YTMXT,train
ID_C9HK823O,train
ID_R2BCSYIT,train
ID_7BW1RO5D,train
ID_BJJH3I0Z,train
ID_Y277F830,train
ID_R56FJ6SN,train
ID_JOV7QY23,train
ID_HMBVICXY,train
ID_GNP3DES5,train
ID_PFBK4J3E,train
ID_07Q6B2GN,train
ID_0052TYKI,train
ID_SSI0TY7Z,train
ID_FIPNR50E,train
ID_3VU490LH,train
ID_S0RPIDM8,train
ID_NMUEFP8R,train
ID_MH3QDCKE,train
ID_0FAXYGT3,train
ID_87GK4KAG,train
ID_LX7D6VID,train
ID_35TXBJ1Z,train
ID_ES43AAVU,train
ID_7OQF7F5I,train
ID_P6QRJADB,train
ID_NOR6U26O,train
ID_R10U3K58,train
ID_G9NJ6AFO,train
ID_V2SFJE58,train
ID_OLG3KJNI,train
ID_KAU88NX2,train
ID_SAZJ5XZ0,train
ID_3Y2P9IUM,train
ID_0KL8JM1Q,train
ID_76LRHK5C,train
ID_VVO6DAH1,train
ID_H1NOO8EW,train
ID_PSSK5ERE,train
ID_RN7TTQZN,train
ID_GLGHL1Y6,train
ID_H8YJDLSS,train
ID_2G1O6741,train
ID_90X7JYID,train
ID_Q21G1UYL,train
ID_XUQKB4FQ,train
ID_E8S4QF4V,train
ID_9CQOD45J,train
ID_UW77V5OC,train
ID_BJC7EMDV,train
ID_M9WLQWZ0,train
ID_LFRONM0O,train
ID_UUQD37N8,train
ID_SQRAUXYF,train
ID_09RMGIX5,train
ID_GAL3329J,train
ID_3686IF6M,train
ID_92L4I9LH,train
ID_TVT33V9K,train
ID_VMSCOU7E,train
ID_1ZEPTPG7,train
ID_R6UTH9ES,train
ID_S1HS24UY,train
ID_JOHK7DL8,train
ID_R3H7THEB,train
ID_M7HK4BI2,train
ID_KYLL234E,train
ID_MWDCL0LN,train
ID_ZLDNQLQ6,train
ID_R41GVT9Q,train
ID_ARSFOWBV,train
ID_RV2WM6LH,train
ID_PU1YQC9T,train
ID_D7WK02EI,train
ID_021POVRG,train
ID_KJZIZLQZ,train
ID_5GZEZ5N4,train
ID_AU8KK9ZV,train
ID_795QNYYE,train
ID_S6JW8ZBB,train
ID_UANRACA5,train
ID_BJ43X1XL,train
ID_24WBLW8W,train
ID_ZJ2QAXGK,train
ID_6BW5G6I4,train
ID_JAHSETZ6,train
ID_P1HIH0IK,train
ID_UVDMSYKR,train
ID_E4W46XKI,train
ID_ZUXBUOPQ,train
ID_R3S5JL9X,train
ID_G2AVTCDY,train
ID_OIF1C0M7,train
ID_WMV0WQEO,train
ID_B0P6A0LR,train
ID_C4TXC4NN,train
ID_VUWEDJAS,train
ID_TAQ3NWZM,train
ID_WNAD377K,train
ID_TF2W19S8,train
ID_JQR2RSR4,train
ID_A1BPG7AI,train
ID_PGJBWTEU,train
ID_NYL22GRU,train
ID_95E61G06,train
ID_UF3MM16T,train
ID_KAMMOSH4,train
ID_1VJLV959,train
ID_SE6MWWJC,train
ID_JVWRESHR,train
ID_T0E1R026,train
ID_36U88MTW,train
ID_EN7YZVF5,train
ID_JLHXQFME,train
ID_21WU058O,train
ID_O810C71X,train
ID_CK9XU98T,train
ID_CO9MXJID,train
ID_UT8QS9HP,train
ID_PAPGKGM2,train
ID_KJJ5LQJ8,train
ID_726NDN02,train
ID_PHT7Q5WW,train
ID_4IAVCKCI,train
ID_DOWSMYGQ,train
ID_14EDU86C,train
ID_GQE1BYWE,train
ID_UA11C0V0,train
ID_USKAS07G,train
ID_L7D3BL0C,train
ID_G8XQ9KOU,train
ID_ZBPOGWU4,train
ID_11TEPPEK,train
ID_3YTL6SNX,train
ID_5R0473F8,train
ID_P59J8YZ8,train
ID_EMVG0B7O,train
ID_Y11Y5RA2,train
ID_OFE1QLFC,train
ID_ZM4WG2IT,train
ID_W3KCKX5H,train
ID_CZW52NXM,train
ID_YVDR8TPW,train
ID_BXDHKOPE,train
ID_HZ0K0XQ9,train
ID_9WJZNCJ3,train
ID_CIV7NOZ8,train
ID_A7R87IPP,train
ID_71NQ8YUX,train
ID_9KPMTZEJ,train
ID_MLZ8OY51,train
ID_QHVAHQWJ,train
ID_X3KL2O3Z,train
ID_C2VX1JII,train
ID_QO0R2Q6P,train
ID_0JGZ5B7E,train
ID_7GETK9F8,train
ID_3G1HN12R,train
ID_S78E7T3Q,train
ID_4JHP849N,train
ID_WCALXVIS,train
ID_WWDHGJUB,train
ID_2WQNV8K8,train
ID_VK3S0IE9,train
ID_IVU5HW6S,train
ID_HHJP8UGZ,train
ID_QEYHNXOX,train
ID_31FSOSZG,train
ID_KIU95R5B,train
ID_AO1DZQIU,train
ID_VPH8GEH1,train
ID_I0X5SWHA,train
ID_0LDYXRKG,train
ID_A1OFSUIG,train
ID_FHSNE09W,train
ID_XSLYF6ND,train
ID_EJLV4IOO,train
ID_TKD3AF0U,train
ID_8N3XPE9G,train
ID_655NUIVY,train
ID_CG7J5TWL,train
ID_4UGO1B0L,train
ID_TS1TPM61,train
ID_SNW5DB6S,train
ID_GOD5ECAX,train
ID_HO2TXDLH,train
ID_LHNDABSY,train
ID_IKD1DVS4,train
ID_5LM5N81T,train
ID_HFQW0LXD,train
ID_KRDLAAEN,train
ID_HZJDQESA,train
ID_RW7NXOJ5,train
ID_F0RTFYLN,train
ID_I4874B9V,train
ID_ODX4HFE0,train
ID_Q5J9R00I,train
ID_WR8N7DR3,train
ID_ITQEWZAR,train
ID_KWX819GD,train
ID_GHP6KEIX,train
ID_6HUDZVFB,train
ID_F2MEX76C,train
ID_AB5PHNW2,train
ID_MHSYIOLN,train
ID_EN9X023Y,train
ID_NXF0MPES,train
ID_AIXZXOFJ,train
ID_OQ8ZC4QR,train
ID_0WJ33NV1,train
ID_3NPC9H2L,train
ID_SSKX0JYU,train
ID_83TFXMXH,train
ID_I18TXOYR,train
ID_30A261OH,train
ID_KYPAMELE,train
ID_417UO6AF,train
ID_24GICPO2,train
ID_1IHBPOHX,train
ID_WGF3Z4R6,train
ID_WC2C59L7,train
ID_8FICZON1,train
ID_CPG9AGBI,train
ID_8ZS9UD9S,train
ID_MAIHFWP8,train
ID_J22TD1PD,train
ID_L8YT2VI9,train
ID_QZGT9IAO,train
ID_CPCI6B5X,train
ID_8N4KEEND,train
ID_KVFW5JUI,train
ID_BKBLIHHN,train
ID_0M0NTOUC,train
ID_7VDSBS05,train
ID_4QQ4D3M5,train
ID_0AGTUO3E,train
ID_LF19KV9V,train
ID_2OCRNSEM,train
ID_9HP0HQ67,train
ID_HI7T1F8R,train
ID_DLMG9SOR,train
ID_EHX8LUDM,train
ID_C3KJE58D,train
ID_ZUT4UN5I,train
ID_1CS2TX6A,train
ID_QU4749OZ,train
ID_95QDOTP3,train
ID_EUT3CRR3,train
ID_Y9IBFV3A,train
ID_AR2468KJ,train
ID_64P3PS7U,train
ID_W1URDA47,train
ID_H6X9IRDG,train
ID_VZ6Q3Y4B,train
ID_KBWJZKIQ,train
ID_FOAMVCIY,train
ID_M1Y46I8X,train
ID_Y01ECYMX,train
ID_76KR1C2F,train
ID_OXI0HMQ4,train
ID_OMMKQQZN,train
ID_A0IO7FFA,train
ID_AHYLGL6U,train
ID_UOG0KWTI,train
ID_H99JM6XT,train
ID_TO9AMJIQ,train
ID_JGFK1B8G,train
ID_OT8XUC0S,train
ID_QOYGKKLH,train
ID_RAPH0V9N,train
ID_CQHEXLGS,train
ID_3CJQU3U8,train
ID_D5L2M4JW,train
ID_IGPARYO4,train
ID_AM28SYYQ,train
ID_O79KRPUO,train
ID_7IGZC349,train
ID_5FAAGVXC,train
ID_ZFK10165,train
ID_QI8OHV8K,train
ID_1P9Q5HHU,train
ID_JI1IS6RG,train
ID_ZDWZXZWJ,train
ID_P5P40K52,train
ID_MQULJG06,train
ID_TVRXAIC3,train
ID_BE88M767,train
ID_FN9T3EJP,train
ID_M1SH4BRD,train
ID_N13FX8U8,train
ID_T3LGA1WX,train
ID_7H8DRHU6,train
ID_QPC0Q0YP,train
ID_5IJ3XNHD,train
ID_8G0R3FQ7,train
ID_Q7MKO5J6,train
ID_ZTGCN39R,train
ID_XNCO38KB,train
ID_LNPESMXF,train
ID_Z9FZVQ31,train
ID_7WQSLL2W,train
ID_OYG5E63Z,train
ID_P9E23IXB,train
ID_60E9CL91,train
ID_063OMDJA,train
ID_O35OZUPX,train
ID_ZFV8A2MJ,train
ID_J97DO650,train
ID_61H7CU9W,train
ID_JSL6REJZ,train
ID_K0TSMUPF,train
ID_DFBIWMX5,train
ID_BOQSFEK2,train
ID_MAMPN1WR,train
ID_C05QISOH,train
ID_F2FQFL7L,train
ID_4JR2Z3SY,train
ID_7PL580QM,train
ID_TDTPB5G2,train
ID_DDOZUNQM,train
ID_KU3ZHYU0,train
ID_5K4WLWEC,train
ID_J18MNX32,train
ID_MMHAK7KW,train
ID_A4KEXN7R,train
ID_D6MRH31G,train
ID_IA3N3YAD,train
ID_O810FNGI,train
ID_WJJHCIFG,train
ID_IS3TFQMG,train
ID_QVMVRPI3,train
ID_MHVUBW17,train
ID_YJDYTEXK,train
ID_C2I0S4FQ,train
ID_F4034DOP,train
ID_ZLK1GX46,train
ID_OO5R4CCL,train
ID_4DIZ61FN,train
ID_AYN0IO6P,train
ID_ZKP2PML2,train
ID_O71GNR50,train
ID_SZL05KEP,train
ID_EEIZLGC7,train
ID_FNLHVMPS,train
ID_O78XUD86,train
ID_2Q7NSSXX,train
ID_2TUGJG8W,train
ID_82Y8NK7W,train
ID_9K6R21QK,train
ID_NVSDR107,train
ID_CRNV9OZH,train
ID_DAA0A9S3,train
ID_TCZ27RFH,train
ID_C0AQ9ETX,train
ID_NYGU34AI,train
ID_LFJYHDMS,train
ID_RBZ3AXFL,train
ID_9JRO5CYG,train
ID_QC1T20FY,train
ID_3QQR95VE,train
ID_R464AOO4,train
ID_99ZGR21O,train
ID_QDQ9UGVG,train
ID_8ET80MG1,train
ID_26OTTN0B,train
ID_NJSYDNBU,train
ID_QUHFXMH1,train
ID_YAIDUD3L,train
ID_UQ07LG3V,train
ID_S6MS04CG,train
ID_ZJUTE7H2,train
ID_Q46UOQ27,train
ID_O4BBM4KZ,train
ID_LO33W9MB,train
ID_Y7WS4ZHB,train
ID_2NIKHATU,train
ID_17HSA81T,train
ID_BLW2Y3XX,train
ID_WV9HIJG1,train
ID_BHZWJ3QB,train
ID_BNAP4NNA,train
ID_H9U8C12O,train
ID_LWMG2YN9,train
ID_QTX9E1R3,train
ID_M8VMH746,train
ID_ALO6DF66,train
ID_YF25OR6G,train
ID_K8DU7P91,train
ID_U09615D1,train
ID_FBA4M588,train
ID_J4MBLDFW,train
ID_PNENWM82,train
ID_YPHZC0BY,train
ID_VRMI8O48,train
ID_333TWQPD,train
ID_B7NG024F,train
ID_7R4E5145,train
ID_FU5V9C7C,train
ID_K5NPO70J,train
ID_LD0WUIM5,train
ID_96KRT545,train
ID_MI26CW3V,train
ID_LVA5FJZW,train
ID_HVKVAEYE,train
ID_K082TYCP,train
ID_29MEU4VG,train
ID_AN8VT86X,train
ID_G6W6V8WV,train
ID_JXHF8MBB,train
ID_SH31J7N7,train
ID_3ESXV29C,train
ID_K3S7D8C4,train
ID_HXOB8K9X,train
ID_1JFEN21P,train
ID_FB86XZQB,train
ID_ZPIA9S29,train
ID_CXX2T53W,train
ID_EBILOZT7,train
ID_JUXPOTY5,train
ID_PSALLNLW,train
ID_QFL36D52,train
ID_TGHRTV1K,train
ID_QLQTUR7S,train
ID_RULURQTS,train
ID_732KPEQN,train
ID_DUB58JW7,train
ID_WSI54LX4,train
ID_WYFSK3F4,train
ID_7CFEK13P,train
ID_Z3M0VLDA,train
ID_OZWF77GT,train
ID_V1XAIB4R,train
ID_7MQDM3GT,train
ID_MFXTOGDU,train
ID_AGXZYUTG,train
ID_SOG9ZE10,train
ID_EJ6VN9IA,train
ID_0FOYGLN6,train
ID_C6BWDZ15,train
ID_ZOMOJBL5,train
ID_DE9EWDX9,train
ID_SKWYLUCX,train
ID_XGRQIL7T,train
ID_O8LWXZXC,train
ID_V0KTDWV3,train
ID_ZC1N3V3J,train
ID_GAMCA3AO,train
ID_2MJFRLSQ,train
ID_YRGEWWPD,train
ID_513PPSR1,train
ID_19Q81ADL,train
ID_TYYWAGJU,train
ID_8XAHA8GC,train
ID_KWTUGELN,train
ID_XKBZUIMT,train
ID_ZLCEQV1B,train
ID_B7Q1EL2H,train
ID_SYIYDX5E,train
ID_XFWJKAF4,train
ID_UZR4QLUK,train
ID_SHFT0J7T,train
ID_70HZM8A1,train
ID_42WSP0AN,train
ID_WO76R2ZO,train
ID_1LT33ZCL,train
ID_R3QV5GWG,train
ID_4ZOTDG2P,train
ID_VRQDP1PH,train
ID_CHURM8XJ,train
ID_MY22Z1TM,train
ID_E2724JQT,train
ID_OWIDAMDB,train
ID_5ILKBM92,train
ID_T9XFR38H,train
ID_0ADPB4H0,train
ID_L0QFM4NN,train
ID_AUGNJMXW,train
ID_63B7S96Y,train
ID_125ECY27,train
ID_9LJ3RDEZ,train
ID_K3GYQW44,train
ID_9OCAK8I3,train
ID_VDAB5350,train
ID_IASEF5EW,train
ID_N67W05PN,train
ID_1FHX8RCX,train
ID_AKQ7XZI5,train
ID_GGWH25IX,train
ID_Z6DWE7UY,train
ID_V22CHIPI,train
ID_YCB2LZZI,train
ID_TDT1ZROE,train
ID_SP0T6HQN,train
ID_5IJPTFED,train
ID_1TC98MRJ,train
ID_AMQVETRC,train
ID_VCKGLHAB,train
ID_JERH6N11,train
ID_WMXIUOPJ,train
ID_KH7358V5,train
ID_DGI3ILZ6,train
ID_22I4V8OP,train
ID_NC1T20ZX,train
ID_TQIZDE11,train
ID_021SHZ73,train
ID_APX2Y2R6,train
ID_NSW5XFT6,train
ID_ZIP3DJCE,train
ID_D0HPRZKM,train
ID_SE2BOZKW,train
ID_C476KIOY,train
ID_PJ9TBYTH,train
ID_20T3QXOH,train
ID_ZWSDSODZ,train
ID_JFYOYVQP,train
ID_J77VHSYL,train
ID_89A5XA95,train
ID_W1L4Y1F1,train
ID_KQ34681D,train
ID_DWWVCHK4,train
ID_XYDTKGWK,train
ID_6W3CM3HK,train
ID_UJSUXGMI,train
ID_AW9Q0RX1,train
ID_A8IR3LLE,train
ID_78UPDXLR,train
ID_TXTJ4XUC,train
ID_55LM5OAX,train
ID_8NMIA4VS,train
ID_0DWDKO7U,train
ID_I2U6HK7R,train
ID_FSBG7QOH,train
ID_DC6J0G4Z,train
ID_DINOK0UH,train
ID_DV6UKLEL,train
ID_XRDUYRJS,train
ID_IUAP0XC3,train
ID_2ENGVV6C,train
ID_171VMZI8,train
ID_WNANN6C8,train
ID_YPNPDI7Y,train
ID_MVAKC0AV,train
ID_ZPCNOU4M,train
ID_XD3ZKZ4A,train
ID_BUEK7ATE,train
ID_QKJN2SQ0,train
ID_M9G8JNM2,train
ID_MGB44W6I,train
ID_VAD7A8S4,train
ID_X1ZEAMAJ,train
ID_BYBFZA2M,train
ID_IVGZX45E,train
ID_K9JFBRHG,train
ID_0RBFBVFA,train
ID_O4VMG5JW,train
ID_9Z7X9G8R,train
ID_2XYMB883,train
ID_N9YDE8TL,train
ID_Q6QTRH62,train
ID_HYKO1R8K,train
ID_Z1RMBB0M,train
ID_37U56XW7,train
ID_6AXI7EJZ,train
ID_FX6RO5IJ,train
ID_9OBSO1JD,train
ID_C5PJT8YV,train
ID_890GTN53,train
ID_LMP20XWN,train
ID_A5XK1GFV,train
ID_EDBB77DB,train
ID_I1EVE6H7,train
ID_K5ATPGQR,train
ID_050RMTXO,train
ID_B71IBBQV,train
ID_N49D2WVF,train
ID_3JETMP2Z,train
ID_UK6W5O16,train
ID_DF7CB1CR,train
ID_STP397OF,train
ID_U8UZ6OG9,train
ID_L194GO26,train
ID_EHQC4E71,train
ID_A7N3ZI5F,train
ID_9HDGLT00,train
ID_K385F8NG,train
ID_KKV21RXM,train
ID_DX2GQIA1,train
ID_OBRJNWCD,train
ID_MJDKTUVS,train
ID_N5V9W3VL,train
ID_KP15LPFF,train
ID_XSVUQE8D,train
ID_5H0UKQN6,train
ID_Y5332RAW,train
ID_KBH2T8HC,train
ID_0KOJPNMW,train
ID_Q5WUWJ07,train
ID_9J3F81ZJ,train
ID_6XDJBXC0,train
ID_VHBSKHKN,train
ID_SC7Y7Q67,train
ID_UUHZLZQ9,train
ID_9ITYUL0H,train
ID_YEX3WE2S,train
ID_H2O0FPHB,train
ID_ZHVHM1S8,train
ID_H579AXEP,train
ID_5PCZB6YL,train
ID_11CHW8IC,train
ID_AFQID4T8,train
ID_TUNNEQFO,train
ID_EEAG0ELF,train
ID_HKN8CMPD,train
ID_0E2G57VU,train
ID_2WT6WKPE,train
ID_06T4OFUJ,train
ID_EMN24UPC,train
ID_AKJWOAVV,train
ID_WNMIU67Q,train
ID_57Y3X8VJ,train
ID_H8DWVS6J,train
ID_57OCGSZV,train
ID_I4ZR46B7,train
ID_JRJTMK6X,train
ID_Z1VDLQ1T,train
ID_A0EHLY3B,train
ID_B8G19MSM,train
ID_ALSD9FRM,train
ID_FKODBE3D,train
ID_5PAV9W84,train
ID_F1Z38MQN,train
ID_ONAIJ9J3,train
ID_VYI4U5SF,train
ID_9I6OR5DC,train
ID_GPELBQ3K,train
ID_WISXW0SU,train
ID_X3ZBUD78,train
ID_VTG32CQF,train
ID_YMLXA7LN,train
ID_Y7M3F8JN,train
ID_D2RUGGN3,train
ID_L4RTOP9N,train
ID_JGIV3YDN,train
ID_S6A2LUV2,train
ID_40HKLL62,train
ID_9MGO7DX2,train
ID_LFVWUDGF,train
ID_XQV3KFOA,train
ID_OR9P028K,train
ID_E9APIR9W,train
ID_Q909771X,train
ID_9TWNL0M2,train
ID_RMX8PNFG,train
ID_D21H2346,train
ID_URRXF0OB,train
ID_QHA61OZK,train
ID_1OV1WG8L,train
ID_6ECM10UX,train
ID_AGEGIFK0,train
ID_WDQX11MU,train
ID_EZZA7AJD,train
ID_OQ7434K0,train
ID_5K42NQW7,train
ID_JKHVF4GH,train
ID_WL90681S,train
ID_P0U6QPEB,train
ID_58B0XMVT,train
ID_4FLZHODF,train
ID_UDG29HRD,train
ID_IAOAJB8R,train
ID_VPE04613,train
ID_CG8KIEJC,train
ID_ZOU93G2D,train
ID_PII29QU3,train
ID_RO0NZIBC,train
ID_VR9A4CQC,train
ID_R7L8U4E8,train
ID_KX071GKT,train
ID_ICRHK6B9,train
ID_LG6HW1F6,train
ID_1U8KKRW0,train
ID_BNUMDU0H,train
ID_AE366PMT,train
ID_K5JVX19K,train
ID_JSGWPU8R,train
ID_75H8LUFC,train
ID_89INB9FW,train
ID_GNQQSSY7,train
ID_0NQY8DX8,train
ID_GJOTTS86,train
ID_1JM8J3I4,train
ID_X31KBO95,train
ID_WYTAF83P,train
ID_R0JM6YJF,train
ID_4J1NXFY1,train
ID_QB1ZGTWW,train
ID_JNP3C0R2,train
ID_VCUMC6PQ,train
ID_7V3BBTFH,train
ID_3KAUY66W,train
ID_NEH8JGQJ,train
ID_B9YSFLET,train
ID_Y9436481,train
ID_KM3V44S0,train
ID_8X1Z0KRW,train
ID_SS18T88G,train
ID_KXVYCGQN,train
ID_56JASSJ5,train
ID_YDH0OQFL,train
ID_NGY6IM27,train
ID_XXV9IDNA,train
ID_7I02TYS0,train
ID_O6DIMIR6,train
ID_ZK7Q2GBY,train
ID_Q6ZZ3U4Z,train
ID_DTNGZD9A,train
ID_VOJEW7CD,train
ID_GM5U5RYI,train
ID_CH3MOXOC,train
ID_X258NHAZ,train
ID_3ORWPYWZ,train
ID_41ZZ0O4E,train
ID_YORZ7P0W,train
ID_GQTJNF8I,train
ID_18U2G943,train
ID_2N3DQ3ZK,train
ID_CYOOKR2F,train
ID_7ZP2NHR3,train
ID_LY0APKXP,train
ID_9XQIWFC2,train
ID_J4VAM1XU,train
ID_S4S57QNI,train
ID_PN4ENU1W,train
ID_1O7LX6T6,train
ID_F2GU8LTT,train
ID_YYBT0YU4,train
ID_0QE3OJFI,train
ID_QDL7EDSC,train
ID_OBPR9JSU,train
ID_PZBE4I1U,train
ID_7YFXVYKA,train
ID_K8O1PIF7,train
ID_2TKLNVNB,train
ID_87LPTETG,train
ID_6LTZZ90X,train
ID_3Q0PBYON,train
ID_Z76IVGJO,train
ID_ZQZLOVK2,train
ID_YQCABP7T,train
ID_D4189OFW,train
ID_ALSGTKWK,train
ID_IOYAQRJQ,train
ID_ZYUVZ4WG,train
ID_KZHPE855,train
ID_WYSDJH81,train
ID_BRKXHFFN,train
ID_FR76NQBV,train
ID_GNB0UB6Q,train
ID_AJDF9GXL,train
ID_30B0D0AI,train
ID_4PGGFQAI,train
ID_3OJ32ARI,train
ID_EL6A3HYS,train
ID_6YANPRK8,train
ID_M68IBRFV,train
ID_ADV8YYAR,train
ID_4PJBFQXI,train
ID_UKM11F5A,train
ID_9LS367RJ,train
ID_ROBQ419G,train
ID_HPY8U5C1,train
ID_R3K3BS61,train
ID_CQ32H6MN,train
ID_5RAM3F7E,train
ID_49XXO4YZ,train
ID_5CHFXWJZ,train
ID_NZ8JABOV,train
ID_0RYW3APB,train
ID_GQJ4MH7L,train
ID_WNCJ4U37,train
ID_HI9RBZDX,train
ID_XJLLUDW9,train
ID_XQMEI4O3,train
ID_PAYWPPUH,train
ID_6RUZT2R5,train
ID_6KVBLUFJ,train
ID_P8Z36D4C,train
ID_57M4TBB3,train
ID_M25LJSSG,train
ID_ASWWH3E5,train
ID_7Z9U9O2I,train
ID_Y4GT51V4,train
ID_1SWDUPZF,train
ID_91GM9KVO,train
ID_FJGIXTUC,train
ID_LPF4A3TT,train
ID_I8CNZ48X,train
ID_58JV533Y,train
ID_RXUA9LX2,train
ID_1TIQTDG7,train
ID_VM3X8R73,train
ID_OKH3AXV9,train
ID_8KZ5FMAX,train
ID_D916LOJE,train
ID_QZTINL8G,train
ID_4EQW0ZBC,train
ID_P0V47RPY,train
ID_A6L9KDWH,train
ID_0LMJXPJ1,train
ID_RKU81WV4,train
ID_4U5HGR84,train
ID_6PS8P19R,train
ID_VPNZ1FI3,train
ID_7OZZGFDX,train
ID_BTPCLI15,train
ID_2KF9R1SH,train
ID_0W7Q5J3M,train
ID_450TXGJF,train
ID_FGECUXC3,train
ID_P0A33L36,train
ID_4CYJLR7R,train
ID_V5L7LAPR,train
ID_DHO6Q540,train
ID_YF5NM6VF,train
ID_7ZEVHPI2,train
ID_77611V9S,train
ID_XF8OO4QI,train
ID_75NL1CUT,train
ID_N6FY2PV9,train
ID_3I1WZ70C,train
ID_9RH1EY8K,train
ID_SNJMZQ8K,train
ID_DSXZEYES,train
ID_2Y6361VV,train
ID_P3NGDE4K,train
ID_7GMR33ZK,train
ID_5PCQRKNA,train
ID_QGZ7B03B,train
ID_G3YI6J0H,train
ID_59IDSCC7,train
ID_CNPXBFQZ,train
ID_RVCFA7XJ,train
ID_CZKTJB73,train
ID_FDIRN2FT,train
ID_C78PBTDW,train
ID_TKLJHWDP,train
ID_YE2R7RDV,train
ID_HKOVB3MF,train
ID_1OYN9GJM,train
ID_CBHTNX0Q,train
ID_CEKQYJ0W,train
ID_6HH05CBZ,train
ID_ZOT7NR8X,train
ID_E6FMVJW7,train
ID_OPMJ85SC,train
ID_1Q93DSMZ,train
ID_MZJPIZXM,train
ID_UNPDDBTM,train
ID_UKYWRL8G,train
ID_P3R2AB6O,train
ID_NEKX902N,train
ID_NIUAC6Z1,train
ID_VBBF6VX6,train
ID_2H4OMS4P,train
ID_32M1HPXL,train
ID_VR2S5XOM,train
ID_CEOYN8EZ,train
ID_F6CI17IE,train
ID_CBT1YJDP,train
ID_A7KBRF0C,train
ID_I6ILSPDS,train
ID_B9239JAA,train
ID_P4M9YZUG,train
ID_BFEK1QSU,train
ID_XEVI8INP,train
ID_FO55NL3K,train
ID_DIBWV13L,train
ID_ZJHVRTZ6,train
ID_04ZFUHDA,train
ID_K3SDTXY6,train
ID_8XG5QUB7,train
ID_Z69VD4XW,train
ID_4FAM9VE0,train
ID_HK6T9EJJ,train
ID_6V5X2OUD,train
ID_OEAWS752,train
ID_69D728T6,train
ID_Z6BHL4P9,train
ID_B9EUTU9O,train
ID_8YLY1FU8,train
ID_645EUENV,train
ID_4J682T9Z,train
ID_0A9L4GD9,train
ID_VNPFBDK0,train
ID_F4GDE1Z9,train
ID_DW0NZCY9,train
ID_7A4CGCF9,train
ID_2NSCV5DV,train
ID_JWJ537LC,train
ID_JGQHMG20,train
ID_P6GDUYFJ,train
ID_ZRWKYGQ7,train
ID_BOQW4QOQ,train
ID_ONID9WIX,train
ID_649UYSOK,train
ID_WVR2NG30,train
ID_CJSR41JJ,train
ID_LZECQGZM,train
ID_GIZ194M5,train
ID_9270TXMA,train
ID_DB8FBNWZ,train
ID_EDJ2QZTP,train
ID_CAZFJF0O,train
ID_ZT19ZNXY,train
ID_9OIUIJGT,train
ID_ODY954T2,train
ID_NX23BNIV,train
ID_LVA7M7WC,train
ID_SBHEB4QQ,train
ID_8MM4EHFG,train
ID_X950JW2E,train
ID_0OA7HN8I,train
ID_3BX3WQ9B,train
ID_JP6D0N4F,train
ID_A5UEQH21,train
ID_SV45GY2G,train
ID_NXA50UY0,train
ID_GATDDQ3Q,train
ID_9T1JBNKM,train
ID_GHX9LPTS,train
ID_CJ3H0ZLG,train
ID_6DHXTKZF,train
ID_AWXC8J6U,train
ID_LROM9TI8,train
ID_RL5YKEWI,train
ID_4F4841OV,train
ID_X8E0VDI2,train
ID_ZBMDS38M,train
ID_2AVGH2RY,train
ID_240AZND8,train
ID_CGMAYBUE,train
ID_7BOTLQXY,train
ID_TBI2UQWK,train
ID_9W02BXOH,train
ID_RJ443AFO,train
ID_7OLRD5NT,train
ID_63IJBJIS,train
ID_JBX1ROSN,train
ID_EY9FLO92,train
ID_04R9QAZS,train
ID_M9BWTQN7,train
ID_4AGR0WWD,train
ID_DGVNE7GN,train
ID_WO6CA86D,train
ID_1MWATO3R,train
ID_MBLZ9XBO,train
ID_XZE0FFC3,train
ID_JOQGG11I,train
ID_QDIIY3UA,train
ID_4ZLJO4CJ,train
ID_QNAHEGPI,train
ID_3TJ61W2A,train
ID_PP8UPKRC,train
ID_S9OO9P6M,train
ID_DSZNYNOW,train
ID_4U8XH9KX,train
ID_COHYNM9W,train
ID_D08DQQRV,train
ID_OQEUJ7FD,train
ID_80J11D94,train
ID_QXGZYNCD,train
ID_XB0OSBD5,train
ID_1WULGEN5,train
ID_ZOU1166W,train
ID_SLNMM5YQ,train
ID_75ESC73C,train
ID_G5EEMH67,train
ID_0KOWC3SD,train
ID_BMDARQBS,train
ID_ZPKU3OT6,train
ID_LPQ8NUNO,train
ID_Q336QA19,train
ID_OUWPMF19,train
ID_2XJYQG85,train
ID_PF8X0AN9,train
ID_AUOQLSP3,train
ID_7KO1E7OK,train
ID_CJ1HT7XF,train
ID_1GEKW4G9,train
ID_8QBYOV6F,train
ID_CN06U7KR,train
ID_KJOR3YDI,train
ID_F5348D20,train
ID_0FG12DBF,train
ID_LC29N3HP,train
ID_IYR4H3FD,train
ID_R9CV4FTH,train
ID_1JTBEMWD,train
ID_SF3TCT4Y,train
ID_YFA4ZFII,train
ID_CRD43O1J,train
ID_N2BCJOSL,train
ID_2WY1AYG3,train
ID_AGUCIDR4,train
ID_JKJ2F8XM,train
ID_XQ04BPLT,train
ID_OVKQ8UI5,train
ID_A8PKHJIL,train
ID_CJA12XZA,train
ID_HK4OTLND,train
ID_ULZAQH8D,train
ID_0HS9O153,train
ID_UQX2TZ47,train
ID_ZZY8B7FJ,train
ID_YMSRYHS3,train
ID_N870TUA7,train
ID_835SZXX7,train
ID_2KV61W1P,train
ID_0RF25KYI,train
ID_V1WMPNJE,train
ID_MZMYEKCT,train
ID_Z6ZX3F68,train
ID_R9NRB99M,train
ID_IU97LXTC,train
ID_RIDYP81I,train
ID_WDYSRLQA,train
ID_SJSKRCBI,train
ID_9Y1782G6,train
ID_LJGWYTXN,train
ID_P2WE2YKM,train
ID_6B8WCCWE,train
ID_0S2K9L0J,train
ID_LBW692H4,train
ID_69KVGHUE,train
ID_Z8PASGJQ,train
ID_GQ4JF49J,train
ID_ZOJKR3KX,train
ID_HO74UK6X,train
ID_C0NKGNKQ,train
ID_AVR7IUGC,train
ID_6OZ3018N,train
ID_86JGL0UL,train
ID_ODOKSDLQ,train
ID_QC8LFU8H,train
ID_H9Y60L0E,train
ID_LPKOXN3I,train
ID_G2EEYI70,train
ID_1TOXB19V,train
ID_7WO1EGXH,train
ID_CIMK98FJ,train
ID_XO5W4C9T,train
ID_DKV0MWQ4,train
ID_Q4MNMNIP,train
ID_NHZHMT2W,train
ID_5O4VIBFI,train
ID_9I4NTIZ2,train
ID_VWKUKJ0T,train
ID_YO9UHRJD,train
ID_7PQR64D9,train
ID_9CZ2A3UL,train
ID_6KA2IQ6A,train
ID_UR9V267B,train
ID_JZKPR83X,train
ID_L89KARCA,train
ID_BTWINFA2,train
ID_CODFK62C,train
ID_ZW0IM757,train
ID_8NBXTNHI,train
ID_RWMI5O2O,train
ID_JUZCX5QV,train
ID_T05I9B1T,train
ID_4CPEL020,train
ID_Y97GGXP1,train
ID_X81ISDTZ,train
ID_1TJA8V5E,train
ID_5NVUHWUZ,train
ID_69FLBFZI,train
ID_WN0U3XAR,train
ID_8LJPCPIQ,train
ID_2CP4GMYN,train
ID_N6UX9FTK,train
ID_ZUJ7Q2UB,train
ID_YM2KTGQ3,train
ID_K8JIQHW4,train
ID_1X05FSI0,train
ID_RUMZKDS9,train
ID_PDUTW7X0,train
ID_DAM0UISW,train
ID_T34UJSBL,train
ID_VMN2G98H,train
ID_3YSODAOH,train
ID_65WLXPSK,train
ID_V1R5A6NC,train
ID_P5P35990,train
ID_XPG271DW,train
ID_VCH00GNQ,train
ID_GMTS2GD7,train
ID_T42DIX30,train
ID_O0UA4JZY,train
ID_59ZIBFR2,train
ID_M7RD15VJ,train
ID_GX6GT28Y,train
ID_JF474VC7,train
ID_DWLXFT38,train
ID_EJBO8GZV,train
ID_YHY6G48X,train
ID_V5GM1SJY,train
ID_HWBNATYW,train
ID_IPXI35JJ,train
ID_IRXUVRFH,train
ID_QDFUF384,train
ID_2LVSH2P7,train
ID_6VSODUT3,train
ID_VONEWY04,train
ID_5HLAN3FZ,train
ID_KAM9FF1F,train
ID_LYX4GK7Y,train
ID_CW1I7WJW,train
ID_KP5GS1EI,train
ID_GS2N63Y7,train
ID_0GQN9PUX,train
ID_MICK20MP,train
ID_VYVB454B,train
ID_TXJDR633,train
ID_P9QP1K4H,train
ID_Y94G1NFQ,train
ID_IW59ZXFI,train
ID_MEK7SM1X,train
ID_K8QICH4S,train
ID_GHPYGRJ1,train
ID_TC0BU2YA,train
ID_T442OZ9K,train
ID_9YCWU3DO,train
ID_MS2RZUJD,train
ID_KAR9IOP7,train
ID_1AKK938R,train
ID_1EHY1YWN,train
ID_ND7LO8OS,train
ID_68V5R8N4,train
ID_SVYTX8JY,train
ID_6JHHVBL7,train
ID_Z63RKAFD,train
ID_W135B976,train
ID_R6YFPTA3,train
ID_YVV7N8MZ,train
ID_SI06YRDI,train
ID_5FAVMF7Y,train
ID_YDV872HW,train
ID_OG8QRFKV,train
ID_FKGK0Q1N,train
ID_2F0FDHYX,train
ID_FWFVP019,train
ID_PJKN1O5W,train
ID_7PS9W3QT,train
ID_ZR9MRQB4,train
ID_H5GJYFV6,train
ID_3W5ZQXIZ,train
ID_OHKOCM4J,train
ID_CV5YEAJL,train
ID_JE6OVMKP,train
ID_GQVEB860,train
ID_V4FQX8EQ,train
ID_D92525OR,train
ID_QK2MQZIF,train
ID_M1OBDMN1,train
ID_UE2RANSH,train
ID_VX01HLIH,train
ID_IEP2SU45,train
ID_69SRZRA6,train
ID_Q0BNYQFT,train
ID_U2SK8CBL,train
ID_N80ZJ55X,train
ID_YPBGTABB,train
ID_AQ7LN8EU,train
ID_0SH0Q54N,train
ID_OWADFVPP,train
ID_1TARMN2N,train
ID_I0LOFET8,train
ID_MGRXQ3RY,train
ID_PD73H538,train
ID_6X2SFQ1R,train
ID_RGPBKDF9,train
ID_TGDZ41WY,train
ID_PFIUVPY6,train
ID_XOG6WD4X,train
ID_5SH4XIOD,train
ID_RX7ZIMQ4,train
ID_C3YQNIOQ,train
ID_YLG9OABW,train
ID_I088B4OI,train
ID_NSRIV5ON,train
ID_FWPWBE67,train
ID_CBXGQCID,train
ID_4XGBO56O,train
ID_1RCNAS2Y,train
ID_DZORA2T2,train
ID_RZHZ8GGP,train
ID_9SIIXO1H,train
ID_QVHZFHPT,train
ID_YIXRKC1W,train
ID_PUVGJUS5,train
ID_WKZTA7OK,train
ID_V5HXLZ71,train
ID_H0GWOUJ6,train
ID_NIQ7FFYA,train
ID_GKSEKDV6,train
ID_YTP4UCUY,train
ID_RSWADXPQ,train
ID_W99SV4L7,train
ID_MA8X3B7J,train
ID_YM3SSSG0,train
ID_77VMYA9W,train
ID_M6XGF0C6,train
ID_Q2PVEAVZ,train
ID_H66AJ2Q8,train
ID_AGVNMKTU,train
ID_BYQT722E,train
ID_H4OZBNX6,train
ID_JHJY7FO1,train
ID_TY1GX36C,train
ID_8TEAZANZ,train
ID_0APCI9O1,train
ID_1SKKZP83,train
ID_KRM4KAHS,train
ID_GZ79HO8A,train
ID_CA2P9OIR,train
ID_6S4SZ2WU,train
ID_KK15AV35,train
ID_8TJBC5UH,train
ID_7QL14CMR,train
ID_OOGG86DQ,train
ID_EAL2ZD8D,train
ID_85QVVXAW,train
ID_INWXV6T1,train
ID_ILWC5U02,train
ID_IYAP5RKA,train
ID_ST5WLJ19,train
ID_VY0PJZKK,train
ID_BF6V1JTK,train
ID_YEHUQFHW,train
ID_XUF7RHJJ,train
ID_Q10FTZI7,train
ID_NXYFUDNQ,train
ID_W5NAPJIY,train
ID_MOL5MIUM,train
ID_4T6MNCIR,train
ID_O9M3RO37,train
ID_O086Y5HW,train
ID_VPH18HF1,train
ID_Y9O1YTFY,train
ID_2RY4XD62,train
ID_IRA85QS0,train
ID_FW0MP7RH,train
ID_JFONBFXJ,train
ID_1NAH3YCH,train
ID_L4UJKO0S,train
ID_NE5Z9S4F,train
ID_MKPEMQHQ,train
ID_TOR81NHI,train
ID_B421G0MN,train
ID_L4CHS1JL,train
ID_L76RPIII,train
ID_93XQTRK6,train
ID_VJ44X3F6,train
ID_K8FWNNDA,train
ID_TPZRJXL6,train
ID_FNE3N2IQ,train
ID_OJ71K4X8,train
ID_NN7LKWV2,train
ID_RE347V15,train
ID_DZ3BE7RY,train
ID_LF08IV5S,train
ID_1ZNWCQ5B,train
ID_ZUSB90GP,train
ID_R5FW5FGA,train
ID_8VWJHDNP,train
ID_AT0GLT0Y,train
ID_5Y4IA0CS,train
ID_5UKXKXAS,train
ID_26JRIO7B,train
ID_9VLEX3MR,train
ID_8MOL3PO8,train
ID_QE0KKTRS,train
ID_L9ODN9YP,train
ID_NGY01ZM2,train
ID_LXF8OB6C,train
ID_JBWX0DU1,train
ID_MTH22G38,train
ID_4DDMPDAK,train
ID_D6H32MSO,train
ID_2XYEK27G,train
ID_HV57KSBM,train
ID_B8FHIMSD,train
ID_QAX1YA9E,train
ID_JVPGM0N9,train
ID_JF5PAZSE,train
ID_JFHI5MRQ,train
ID_33HAJNIF,train
ID_B1DYBPHY,train
ID_4YF4CNNP,train
ID_YCOGT0U7,train
ID_AIMQIMQ0,train
ID_GFLRAJN5,train
ID_OOP29N9X,train
ID_AZ41BBSP,train
ID_SC0P2ZV9,train
ID_BI8RCEFU,train
ID_8FXS6NIA,train
ID_O81PT4VW,train
ID_KE0L46CC,train
ID_9WIA1IQK,train
ID_719IUIA1,train
ID_NFCM4Y1B,train
ID_G3R9U27U,train
ID_T39N2M9A,train
ID_64OH8B3F,train
ID_Z4VSRFE8,train
ID_YXUVHZOS,train
ID_WNHTEB9O,train
ID_GROIWIUV,train
ID_CKG9FK89,train
ID_34M4KA0U,train
ID_S61M7S9N,train
ID_6R8CYTDV,train
ID_XW14KP7E,train
ID_LIDHG0XG,train
ID_4X9WDOC7,train
ID_XRAFLTOO,train
ID_VIY6D199,train
ID_HOEM0SG8,train
ID_CWGSUJ57,train
ID_ANXAVEJ8,train
ID_2ZICGRDZ,train
ID_B4ORLE1M,train
ID_895U9UIQ,train
ID_OL39ME3F,train
ID_SJ8D4P75,train
ID_IW53HR96,train
ID_AX6MANMH,train
ID_84RLJRUP,train
ID_SNFQOB2Z,train
ID_BRH3SH4I,train
ID_R9RDGLNQ,train
ID_DOQF4WQT,train
ID_0EQ2RZXG,train
ID_QOQPLZZC,train
ID_SV82EMR6,train
ID_OENK0D4D,train
ID_BKPYEWGS,train
ID_9UMA75LB,train
ID_5P8Q2O4Y,train
ID_2QCQJ2YL,train
ID_X6PGC6M9,train
ID_9OPTRF73,train
ID_SKWMJRNH,train
ID_75BZHDBE,train
ID_N0IJ1IYS,train
ID_8FA9I4IS,train
ID_MM6J1XUF,train
ID_ZU5VEEKW,train
ID_W1N6Q2SH,train
ID_79RVP0J8,train
ID_Q8AECDK9,train
ID_C8J1HBYW,train
ID_Q7MHDNQM,train
ID_P53MUPBB,train
ID_K2GXPAC5,train
ID_R2531E0O,train
ID_DV6BCYAB,train
ID_I4G3KAZB,train
ID_A1TDK4A5,train
ID_TMEGAFLY,train
ID_0UV5ABW7,train
ID_4DXSL89W,train
ID_9V3EGHY1,train
ID_XIVZOOSZ,train
ID_BWIFYN3Q,train
ID_47C8H4TG,train
ID_D555XCJ9,train
ID_LYTL5P6H,train
ID_BST63YQP,train
ID_NKXVS4SN,train
ID_7DWZ66B0,train
ID_CTBZ4PXY,train
ID_2OGLQI5B,train
ID_T7XTH8U4,train
ID_TL6Y3TES,train
ID_R23C8LFQ,train
ID_370N1LSU,train
ID_WDFUJGF2,train
ID_ZYFS1QUY,train
ID_C7E4O7Y0,train
ID_Q2HRFN15,train
ID_ISJK1I6U,train
ID_HP6P7DOR,train
ID_TF24WZUU,train
ID_B1AQ5HH4,train
ID_Q7R1GVQD,train
ID_M3C43ZU4,train
ID_WP2PBB14,train
ID_66X3EF1P,train
ID_9K6JP8KM,train
ID_VEOM7M8E,train
ID_L0YTAXED,train
ID_24VYZWD5,train
ID_WG2RPDJ4,train
ID_W4GHQL6P,train
ID_0Y8I7N0K,train
ID_C2I93DZH,train
ID_ZZN892CH,train
ID_X8IQCW99,train
ID_2HNHPUHK,train
ID_6N7124WN,train
ID_995FM33R,train
ID_KCUQKBJR,train
ID_B916X22R,train
ID_RAQSDZJV,train
ID_GZK4RJI6,train
ID_96WMNCAM,train
ID_BKK22Z42,train
ID_EA8FFRRB,train
ID_S07TI0KK,train
ID_ZRVJHVRB,train
ID_Z24W2KLL,train
ID_AG4HQ33R,train
ID_KP84L84O,train
ID_5YP94AJJ,train
ID_SWIKEYN6,train
ID_TB89XHSM,train
ID_CBBXCYJJ,train
ID_40TZ0KKB,train
ID_SN5NUQSC,train
ID_3P55AWUD,train
ID_NU7F2LMI,train
ID_VMQ0YQVZ,train
ID_L2X0YR5Y,train
ID_55C50JEB,train
ID_I5AN63FQ,train
ID_BOOTOBM2,train
ID_UADYOI8S,train
ID_6P116YKK,train
ID_CVKSD8PX,train
ID_EYUOJ4X0,train
ID_EJBJ83S1,train
ID_JFO2CH1W,train
ID_D9CA19HD,train
ID_IU2GYDBR,train
ID_0ERAMRRF,train
ID_WK4D50XF,train
ID_WLBGCEFJ,train
ID_Q7MU6EG1,train
ID_EV2LAWL5,train
ID_9F6F6XFS,train
ID_L1ZNJGK2,train
ID_5DUG9LI4,train
ID_96FUVNFF,train
ID_0GY1YKT8,train
ID_OQTS4AVQ,train
ID_4P1LXNJ9,train
ID_3XUI7QIR,train
ID_DLFEPXQ1,train
ID_KHMSQY5M,train
ID_YB7IMV9D,train
ID_CLI1KUMS,train
ID_KLO5IH82,train
ID_4DG9YB0J,train
ID_D3HXN9KB,train
ID_ZDC2Z2IB,train
ID_HXODUFG8,train
ID_OAIUWH8R,train
ID_SS5OR3UW,train
ID_1OK5Z41O,train
ID_GKHFAFS0,train
ID_79DUXOFS,train
ID_6UISO0M6,train
ID_6FROFMTH,train
ID_BRE7AL7W,train
ID_C9X6DT7A,train
ID_8LOOS69C,train
ID_AYE5F0MN,train
ID_SF4R2BWD,train
ID_QCF374EM,train
ID_QQT2YOQT,train
ID_99GUE51H,train
ID_DG2OU10F,train
ID_LV1NDQZV,train
ID_VI2D73UF,train
ID_1S6Z5XTQ,train
ID_MIA8ADKD,train
ID_1W4USXXJ,train
ID_ZMLQK75D,train
ID_OLPZ2QMO,train
ID_LE95VTC1,train
ID_LJAZZVC8,train
ID_LMCU8AB9,train
ID_QF3F3UJK,train
ID_VFWK07WW,train
ID_2QX0TW3N,train
ID_R9NS9FFJ,train
ID_B2FNIXE8,train
ID_MTSYYHYD,train
ID_PEIS36E0,train
ID_2U7V6S3B,train
ID_CCYGU4DO,train
ID_16QQPMKV,train
ID_H5JD5EA7,train
ID_V6V8CEMT,train
ID_SDYO16RL,train
ID_BWJ7MGAC,train
ID_NJ5BQVQI,train
ID_RHEVVLTD,train
ID_SAA7YU80,train
ID_VADC5E9V,train
ID_JMTOP4KF,train
ID_5WILS03S,train
ID_ESKDOGNQ,train
ID_720XOF97,train
ID_SAYXX027,train
ID_K58QVBFF,train
ID_C53JVH1A,train
ID_HOJM5Q7K,train
ID_UBBOFF50,train
ID_DINVVDB4,train
ID_RL921L05,train
ID_XEPA3NRW,train
ID_6DQC1DXT,train
ID_NDE07LB4,train
ID_2HCITL67,train
ID_I2N7KI57,train
ID_TW4R0XMZ,train
ID_FCQVZNK4,train
ID_LFVIU74L,train
ID_6I23FEAS,train
ID_PD9X0HJW,train
ID_SH70K12J,train
ID_FFSKKWL9,train
ID_R4HS35OM,train
ID_X7FQFOEA,train
ID_TI2RFD6O,train
ID_0L7F76J4,train
ID_J20T9H3Z,train
ID_3BQDK3U9,train
ID_OQTPK2S1,train
ID_Z0PC5IBT,train
ID_0DXGR6F3,train
ID_CTRAOULF,train
ID_9DZUTURR,train
ID_CTP1NSA5,train
ID_BBHL7CWG,train
ID_R82QEGHX,train
ID_7X7W8FJC,train
ID_ATD2XEDB,train
ID_NB1I25PC,train
ID_6WD19H7J,train
ID_VJ65MVG2,train
ID_0LW5TEIE,train
ID_QWTNB0CG,train
ID_KU7U0GRJ,train
ID_S5O8FEN3,train
ID_VDKHG7BJ,train
ID_X3037UG0,train
ID_ZRQA9SNH,train
ID_F3XV8SDI,train
ID_VNNVQDRM,train
ID_9O2JHGJN,train
ID_L0HE4Z2F,train
ID_4JIICCFS,train
ID_G1KWTRNM,train
ID_2FFFS6AS,train
ID_OGBN3DA5,train
ID_L19AEVC8,train
ID_6DJRRX4J,train
ID_458U07Y6,train
ID_6ZFZO95V,train
ID_I9FFIDHV,train
ID_FQQL9GMH,train
ID_HBJMS5U9,train
ID_IPLC1SSW,train
ID_HANHGMEV,train
ID_YTT2UKW7,train
ID_H8PMVDN8,train
ID_RVUGSR52,train
ID_AW6Y0OB1,train
ID_FHTKXVFW,train
ID_3HWCA5TD,train
ID_VSM1KRAX,train
ID_6IQYH8J0,train
ID_7PSZS9TI,train
ID_OMGSEE7D,train
ID_GWJAZVCL,train
ID_YFXCIPCO,train
ID_2SWYSE2E,train
ID_X1GZ1QLP,train
ID_FZJVES2A,train
ID_V9R6R83H,train
ID_YR929KUM,train
ID_KL7DRPHG,train
ID_YNLJGUWL,train
ID_GC0RSFYE,train
ID_JL8N6YUB,train
ID_QLOQ73GA,train
ID_37JPN5D1,train
ID_64VGTHVV,train
ID_IP7VABL8,train
ID_LCVRALW5,train
ID_Y7M2YDBR,train
ID_WX3V9NJN,train
ID_YPG3RUWW,train
ID_8W9QNBVE,train
ID_0H2QORIP,train
ID_U59SHWUR,train
ID_ET9Y0CG4,train
ID_CGQ06GKN,train
ID_SA4JCH9W,train
ID_00E9DSGX,train
ID_TCF9S2OS,train
ID_F1RHJI01,train
ID_746S9KJ1,train
ID_2MQQBA6P,train
ID_G8I7SAZ3,train
ID_5IPMNI0O,train
ID_NJDFJBEG,train
ID_ALAQETBP,train
ID_2GGKD34B,train
ID_CDBST7NK,train
ID_IIYTRJYC,train
ID_RF36H1OG,train
ID_IGG91XO8,train
ID_PEFKUY52,train
ID_UN2QV6K4,train
ID_EUTKWBO9,train
ID_6Q2J9TVL,train
ID_5RD1CUVI,train
ID_GJTXJIHB,train
ID_693DU7UA,train
ID_4K4CWSND,train
ID_VMDG11GU,train
ID_Q4T7XNLY,train
ID_OL5UBEV8,train
ID_ZU9CIP58,train
ID_GACVEA0F,train
ID_KUF3Q822,train
ID_IYRY9QR5,train
ID_KGTBVRQR,train
ID_MZWJ41WG,train
ID_F2NH8VDD,train
ID_UQ5B03BR,train
ID_KV1LII3Y,train
ID_4P522842,train
ID_4CYKUJEV,train
ID_TV4PELL7,train
ID_CTXCJMLV,train
ID_8PRJ8WPY,train
ID_MBQB6O3Z,train
ID_84AHF9ID,train
ID_OOCQ6J1S,train
ID_Y37TYFOT,train
ID_BNXM655Q,train
ID_5W5TF3I1,train
ID_U7H9987V,train
ID_9LQSDQG1,train
ID_CF7RH868,train
ID_CKFBNYXC,train
ID_14V4SGXA,train
ID_VD4IEF5Z,train
ID_NYMFDTP0,train
ID_URDUXOK8,train
ID_6QP6NT3R,train
ID_J3K64WVS,train
ID_39IVF2RH,train
ID_W2EEKBFR,train
ID_NP3UGLAX,train
ID_JY69ZA5I,train
ID_R3GDDV22,train
ID_OVU7Q2OU,train
ID_Y1CME0TF,train
ID_Q7O74HAP,train
ID_E8AA5Z97,train
ID_6CA7TEBJ,train
ID_UPQDCUGQ,train
ID_XGIVMSBA,train
ID_FZEP20UN,train
ID_O2KTUHT2,train
ID_GAMI2FDV,train
ID_KDKUECUW,train
ID_PE7QQQ5O,train
ID_KYBRCKGB,train
ID_Y752ZSNU,train
ID_UKEMRTNZ,train
ID_2LXYB5XV,train
ID_F6MDHWYQ,train
ID_0VY1WM2B,train
ID_JNWSJ4YY,train
ID_3M168UIG,train
ID_BUN4TM3X,train
ID_J8V3GDJ2,train
ID_P9P1N9JR,train
ID_EG1KBXO6,train
ID_B7TGWPQA,train
ID_M38DCA3Q,train
ID_BRY0MVEX,train
ID_3PAWWQPZ,train
ID_BQRP4QEC,train
ID_8E30BJ9C,train
ID_XH840EKZ,train
ID_6HGGA428,train
ID_Y9MT5SN8,train
ID_SMWR1308,train
ID_D0HFE1N0,train
ID_2BPOIP20,train
ID_VHJ8GH7N,train
ID_HOZA11F5,train
ID_YJICCHA6,train
ID_39VDNJZ0,train
ID_QSWQJZ0I,train
ID_NKLZEP5H,train
ID_QGPS8KUR,train
ID_3W3H5QDM,train
ID_P7RCHTGP,train
ID_B2ZWP6P5,train
ID_5DX91A1L,train
ID_BM5XBG70,train
ID_CWE0FOKL,train
ID_BOAV1GK3,train
ID_ZILYM9F3,train
ID_FOJJCL6B,train
ID_6OIEU67U,train
ID_T2668AC4,train
ID_7NM88ZYI,train
ID_IX6A3RVC,train
ID_AM4F61I2,train
ID_6I8O073G,train
ID_35L8SD2S,train
ID_QOWP0SVP,train
ID_6WRDSGGL,train
ID_KIK74SP9,train
ID_2YKG3MQY,train
ID_GY1TFCVF,train
ID_Z4925S40,train
ID_FEOZI23X,train
ID_Z72H1VEN,train
ID_CDHMO8LQ,train
ID_K8L3V2HG,train
ID_MMM2DXIT,train
ID_76RNMKBA,train
ID_BPNXGENE,train
ID_130UKKIQ,train
ID_M8RFWEWV,train
ID_W98396GO,train
ID_W9VBQJOA,train
ID_YCU6AYHZ,train
ID_FCZJ3I9N,train
ID_8LO2M35T,train
ID_W4UG1X07,train
ID_05ECR2WN,train
ID_CWRJKVJ8,train
ID_GK42TKLR,train
ID_QRV7Q3SW,train
ID_3AFNY2B2,train
ID_DLZ71GUG,train
ID_9J77MCFG,train
ID_TMLKIWEY,train
ID_4T1671TS,train
ID_2BHZSNIA,train
ID_RGQQ7C8C,train
ID_OLIOC1YL,train
ID_MIHWQ5NP,train
ID_GQQFCQYX,train
ID_OVRX9155,train
ID_Z5KMHUX1,train
ID_222WOFYU,train
ID_LIV3TYMQ,train
ID_A1R942TL,train
ID_9UQCDC0K,train
ID_KS2G6ZBG,train
ID_ACC74T75,train
ID_ZEYACWUY,train
ID_P3FC3Z4P,train
ID_JH0HXQ9N,train
ID_J1GJJ16Z,train
ID_J9CWPEPW,train
ID_WVDYRM8O,train
ID_2ESCVRAF,train
ID_V88Q7IGA,train
ID_13DSBOOP,train
ID_YLLVC92V,train
ID_1YIINTLN,train
ID_YY0CYM4L,train
ID_IPDGN883,train
ID_DELS5MF8,train
ID_8SMLH6T7,train
ID_07C0WK81,train
ID_J8WDR2HC,train
ID_4AB2QH2S,train
ID_0YCZ480F,train
ID_5OPJ5NFZ,train
ID_M36J0XL5,train
ID_S9W6DQGG,train
ID_CR5WPPIM,train
ID_JE9PU1WX,train
ID_F5ELWER1,train
ID_G2C0O1QB,train
ID_D4CEHBYN,train
ID_84O40W9C,train
ID_MHYVCCZK,train
ID_7X6284OG,train
ID_60XIEPZX,train
ID_R87APNGD,train
ID_7B3P4EPK,train
ID_G4CS9YZJ,train
ID_P5ZMMUS9,train
ID_ZYD0K1XA,train
ID_YF0A0IQD,train
ID_XQNAMUDL,train
ID_VLXOO3YM,train
ID_KG9SKF78,train
ID_SKL056LA,train
ID_I11YK83T,train
ID_V50MG3BJ,train
ID_63G1KX45,train
ID_560B0UN5,train
ID_A4JUQSLJ,train
ID_DVJ6A013,train
ID_4SV8BGBR,train
ID_A0QQJUMV,train
ID_33FD5961,train
ID_LCZUCBA4,train
ID_VXJU1BX0,train
ID_YJYFR6HY,train
ID_9U0Z845E,train
ID_YQDBB0JB,train
ID_RADTJXWW,train
ID_4N0CTL0C,train
ID_O68XDTOX,train
ID_F3UNVOJH,train
ID_F7U61PT3,train
ID_BLH9HP0M,train
ID_BXEHB4HD,train
ID_8ISYUNXI,train
ID_IP46MIYD,train
ID_NDCUG5QM,train
ID_QLSTQQ52,train
ID_V1BIJNXQ,train
ID_5MHL96BV,train
ID_NH1BAPCG,train
ID_6UD6A6G6,train
ID_OLKNI3JI,train
ID_BNTJEVE2,train
ID_11W3O6RF,train
ID_ZZ5YBO5A,train
ID_9HHNYPR2,train
ID_7T8SK4EX,train
ID_ZOUDB71J,train
ID_MQJ50DTS,train
ID_SKVJRIOS,train
ID_B9ZTNLSA,train
ID_GQ7YMYYY,train
ID_CMBWO91S,train
ID_AU9U0B37,train
ID_4H1MW217,train
ID_BDW2YPIN,train
ID_3C9KAVHO,train
ID_BO1W9DNR,train
ID_YIBOL5AX,train
ID_8R9OACGC,train
ID_YS7BIVUD,train
ID_PFI8N4QH,train
ID_50NTJH0D,train
ID_B26PFLW2,train
ID_2Q3TCET1,train
ID_TQJA50KC,train
ID_R6WSDLG2,train
ID_A1G14WM5,train
ID_FJWFO8WC,train
ID_KZ4RIMV8,train
ID_8FIYB4WL,train
ID_7LTMZGMF,train
ID_G1YUC4D2,train
ID_DV61FD5N,train
ID_EPOBSGJE,train
ID_QDC4HFNU,train
ID_0ISYDUTX,train
ID_9ABE2S2M,train
ID_UT90G21P,train
ID_PC0M9U33,train
ID_II9BJY57,train
ID_XCNLEUTH,train
ID_8HOYI4VK,train
ID_4WGC4Q4O,train
ID_4C3UMSM7,train
ID_1CBPNP86,train
ID_0I9AN1JN,train
ID_6P2C2JB7,train
ID_ZTMJ1SZR,train
ID_H20WOP6H,train
ID_8EN4OD4Y,train
ID_CTXG22F5,train
ID_YYQ7TP73,train
ID_WKZF7QXN,train
ID_EPMWSJ03,train
ID_X41P9I0X,train
ID_O60GIAUY,train
ID_EGXB4XHK,train
ID_SX7D8XRT,train
ID_JH23YG53,train
ID_KIRAP19C,train
ID_OCN4JOIE,train
ID_U54MX9RZ,train
ID_NVECKAZQ,train
ID_V6AF6G1C,train
ID_8SV12B7U,train
ID_UI13BXQC,train
ID_NAJ1QEEV,train
ID_XUNAQA81,train
ID_JCJ6WF7H,train
ID_3RY01YXW,train
ID_Q3K7QOZN,train
ID_TQ6OPCUY,train
ID_D8NQO19N,train
ID_VDKCZHJP,train
ID_U8GGNH6Q,train
ID_5EFJMXYX,train
ID_KR2Y7VP3,train
ID_DEX23KQ9,train
ID_0A5L4UJH,train
ID_F3PHJF0R,train
ID_ADXA21OA,train
ID_KF94XCAO,train
ID_PMZGXM5Y,train
ID_QKDF8CDW,train
ID_DSPMVXHP,train
ID_TOGVPC4W,train
ID_EFU46TPE,train
ID_WNYZNJLM,train
ID_5SML4UGH,train
ID_ZLHJHA63,train
ID_K8EPPGJK,train
ID_2ZS6M50D,train
ID_MZR3487Q,train
ID_HCX4TDSI,train
ID_WJ70A686,train
ID_5LM3I5HF,train
ID_CBW7RRJU,train
ID_U74DMLSY,train
ID_W5UXG1PL,train
ID_1V78R1RM,train
ID_WU6LTLGI,train
ID_WJRA21QC,train
ID_OL11NG3G,train
ID_GZQGWGE7,train
ID_0FE2XQWE,train
ID_GB9JRVAO,train
ID_XNPO95F8,train
ID_VBK57AL9,train
ID_G5U3ERAJ,train
ID_FXPA3XX5,train
ID_6FP87U0S,train
ID_UM07VZ9G,train
ID_HLH9AB9A,train
ID_WCY0L1VG,train
ID_0G0FRFIL,train
ID_WB1A6THE,train
ID_EAOHVX9J,train
ID_FWHN6TA0,train
ID_R1ASSD1P,train
ID_7XO3FHFM,train
ID_P5CPT95M,train
ID_4G84M4PE,train
ID_VNHF4IC0,train
ID_CUO41G08,train
ID_C4K33KAJ,train
ID_FBK36BAL,train
ID_BTOO2JS9,train
ID_Y197TEGZ,train
ID_OGR1J6FX,train
ID_K5GCOOY6,train
ID_UNB20LON,train
ID_4KKJZYEG,train
ID_T8AFX811,train
ID_DO7TSGQ1,train
ID_UZWSBQ36,train
ID_A20BC9UG,train
ID_4W570KSR,train
ID_P94W3M4D,train
ID_WGA8QP4W,train
ID_PJ9E1NUK,train
ID_J53NZN50,train
ID_3ZWV6RI3,train
ID_TFSDR45K,train
ID_5HIYL0M4,train
ID_IIYA93D6,train
ID_CIQ1MPY8,train
ID_ECYFTDVJ,train
ID_CDK373OG,train
ID_LDAYD06D,train
ID_AJGRR64H,train
ID_L1DGIPSW,train
ID_84C21PEN,train
ID_SSIZ2FQS,train
ID_37VMABK6,train
ID_1OJ3VFHI,train
ID_4245NRP1,train
ID_5VDQJV45,train
ID_2NLIQWOW,train
ID_JDUNOPL5,train
ID_97S26H8N,train
ID_NWEM02I1,train
ID_XEVGLSXJ,train
ID_75VRWPOG,train
ID_P0WB8HAE,train
ID_1DQXYTRT,train
ID_JEOCW4CW,train
ID_HR0P2GHY,train
ID_XDKTJ77U,train
ID_NI54TDJ8,train
ID_ON8JOTVZ,train
ID_NU7EE5ED,train
ID_SI21IA9M,train
ID_MGG2F7RG,train
ID_W460M1PG,train
ID_2SFLOP9P,train
ID_89GHRJZR,train
ID_7I0YZKEA,train
ID_ZQEOQL1M,train
ID_QU7JHWNI,train
ID_3FQN7Z1C,train
ID_OMRLLPKX,train
ID_FNX9VSIV,train
ID_QF4EE402,train
ID_93JOK974,train
ID_75TQL9GX,train
ID_HOGYGKBR,train
ID_DJ963NHC,train
ID_7DIXTNSU,train
ID_0WOC2E0Z,train
ID_X80OFE1O,train
ID_FRKBPF4B,train
ID_SAG0XZTE,train
ID_3BRL4AEO,train
ID_VG1XTUD1,train
ID_5JJA02VV,train
ID_XGVHJ1D9,train
ID_7XA2NIF2,train
ID_7MBNHZNK,train
ID_MVJZZSQO,train
ID_Z70WG86V,train
ID_WDOIO7Q2,train
ID_W06IVYA5,train
ID_K06INF6M,train
ID_C9C7YJRD,train
ID_WK8UC3QV,train
ID_QV3H18R4,train
ID_HP5UFSUA,train
ID_U3NJ9A24,train
ID_31799APU,train
ID_FGROOXHO,train
ID_EPXX17MH,train
ID_TAQ00AUN,train
ID_2I95GPZ9,train
ID_B08XKS5V,train
ID_ZD30PMUI,train
ID_ESFV8G5E,train
ID_HBKH9NX5,train
ID_BB8NPBM4,train
ID_V3PZ1CFS,train
ID_0ZND2LDP,train
ID_IRXZLB9K,train
ID_7IHSWUX9,train
ID_4SLMHQBC,train
ID_E4ZYSWIK,train
ID_KGAAW2D5,train
ID_33YV2AAJ,train
ID_XTMG2TKP,train
ID_YBVIECTJ,train
ID_YBOUIHFT,train
ID_LMHKJYPU,train
ID_VWYKIZXS,train
ID_EXWCCQ32,train
ID_RHXPT0BH,train
ID_C4ODNNU4,train
ID_G71FK462,train
ID_E626S1VT,train
ID_TNF1AARJ,train
ID_0NBOMRAI,train
ID_ZLE9P1VN,train
ID_PX17W0DF,train
ID_0SXTZOUP,train
ID_RQD4OA0E,train
ID_8780TMI0,train
ID_I8MUB19I,train
ID_R987UF8W,train
ID_5IVIHIZ7,train
ID_X4TS3VV9,train
ID_C3XCECW1,train
ID_4VKD9F6B,train
ID_OEGOTN8M,train
ID_2SC2GEPJ,train
ID_N2NJIZL7,train
ID_A4YN46F3,train
ID_8BHU8TL5,train
ID_UUI7VSE0,train
ID_408Z3TTU,train
ID_PEHN0Z2O,train
ID_ZSKBFYQ5,train
ID_XS9A0MIF,train
ID_F8PEO45C,train
ID_ZO07ALTI,train
ID_P4NJUTIC,train
ID_2305EPDR,train
ID_1TJYE9YC,train
ID_3OC3VGSK,train
ID_0CFA2VJM,train
ID_FWUUWH0Q,train
ID_MDPUE43V,train
ID_THUO5BHP,train
ID_L59WNIFF,train
ID_D0SPAMZ6,train
ID_JDVUF8B8,train
ID_KFSPRCWU,train
ID_8GHYU7HB,train
ID_I0O2YO8W,train
ID_ET239E1X,train
ID_9PJ8DNW0,train
ID_D7DZRM4I,train
ID_U4AQW4ZH,train
ID_Y4NAH8QE,train
ID_2YAQQK5G,train
ID_S1YTH1I5,train
ID_HUJ84FU7,train
ID_C4ZWUC3N,train
ID_8MC9UFDS,train
ID_6X6KY7H1,train
ID_U105810L,train
ID_IIQVJN4E,train
ID_LKN897YH,train
ID_JYHRP815,train
ID_UVNHI64U,train
ID_Y3WMP1Z7,train
ID_B49KJ4UI,train
ID_73IF2L1C,train
ID_X6G4RP5B,train
ID_HS0MD241,train
ID_D1DHK6U9,train
ID_7MOQME2C,train
ID_7IL017L3,train
ID_WVGIYQS9,train
ID_RJF1OQ94,train
ID_SYR2VDFP,train
ID_CCRRMH2K,train
ID_ZPGSRZFQ,train
ID_6S9UV8M6,train
ID_MT3LZB52,train
ID_Q2HTQ8RD,train
ID_YV4RL3E5,train
ID_JBLL5W8P,train
ID_XZXGW3WZ,train
ID_6UES9012,train
ID_G2NGW2GN,train
ID_BC7GDP01,train
ID_7IRE5M57,train
ID_ICJFNLIC,train
ID_YJJ87RL0,train
ID_ZVHUAB2X,train
ID_KTNQZZKU,train
ID_2KR9IG8H,train
ID_B6VN91FD,train
ID_LF5KBSJE,train
ID_DP0L4QQE,train
ID_Q5GHQKL0,train
ID_3DQCK39C,train
ID_ICZA3SJS,train
ID_N77TWEA9,train
ID_XYBB9DA9,train
ID_X5DPSXP4,train
ID_HH7QU4I3,train
ID_UUPPDKXM,train
ID_OPHCRAMH,train
ID_N5300SNZ,train
ID_YOG5EZTO,train
ID_3V3NKM49,train
ID_JTVY1T17,train
ID_TVRB8J19,train
ID_KJKDJ3O4,train
ID_IRLT6IGY,train
ID_ZZKA447P,train
ID_RA5KUQVZ,train
ID_UXKEYNVP,train
ID_WZY77WVI,train
ID_J584OFK6,train
ID_P03TXCMO,train
ID_10OFEWI4,train
ID_I721S7QP,train
ID_HGN3HOVW,train
ID_O5FHC988,train
ID_6CQ54KRJ,train
ID_2L3KXHUH,train
ID_KHT3SOD4,train
ID_IXOJM3E6,train
ID_HHW8LTJC,train
ID_A25CRQPD,train
ID_WKOLK0SO,train
ID_UDGF435A,train
ID_FLY8PLUW,train
ID_U3PTQIO4,train
ID_26VB5EOZ,train
ID_YWOWUI94,train
ID_ZWXMGCMS,train
ID_7WD6GT0B,train
ID_OQ9CAV9U,train
ID_TGRU8G7C,train
ID_OKE9JZ02,train
ID_AZUIMCIX,train
ID_Q4AGQR60,train
ID_8C679QIH,train
ID_M0ES31BF,train
ID_Q9JT19M0,train
ID_CGQOKET3,train
ID_QJBBPNWT,train
ID_FWQRE0CD,train
ID_RHBSB6UU,train
ID_QMSWWME1,train
ID_NNVMIFMG,train
ID_SFPPUSJJ,train
ID_4A2RHN2Q,train
ID_7YPNX7OS,train
ID_LT3OPQWP,train
ID_YG4Q2P33,train
ID_QQ15YLB0,train
ID_1Z3WEPL6,train
ID_JETC0QC0,train
ID_V4CBWUKE,train
ID_S40JT3SJ,train
ID_VLDSAD5T,train
ID_47Q57Z55,train
ID_VARFDTAZ,train
ID_BYGL2R6C,train
ID_59325WUQ,train
ID_92TLRH77,train
ID_A7VSQCMA,train
ID_U59TC8IC,train
ID_MUMA80E0,train
ID_Z0NWXXKX,train
ID_HVKPD900,train
ID_0S9OPV59,train
ID_QKFRW5J8,train
ID_8NPPUPAH,train
ID_4T6ZIO2K,train
ID_Y31D9OXF,train
ID_KI2QZL2T,train
ID_4D0MGLNY,train
ID_WCZ3HMI2,train
ID_1D3Z0LK4,train
ID_SGYU1VYV,train
ID_VWGHFBDA,train
ID_J02WBD5K,train
ID_C0VRSNET,train
ID_JBZMNBCK,train
ID_GSYUX190,train
ID_H0HRVRET,train
ID_3O9YFY9V,train
ID_NCJ3WFTB,train
ID_KGCHHYA2,train
ID_ZB3XDJNG,train
ID_JC1VMRS0,train
ID_GYRG0AOM,train
ID_S0VP30T8,train
ID_OFP71NTY,train
ID_IYZV5X6Q,train
ID_1C8KA0C3,train
ID_5XDRAQ8I,train
ID_F3HYEFY4,train
ID_8PPDWETU,train
ID_LIBOX879,train
ID_JQELTAKE,train
ID_FJDY3375,train
ID_ZXWEWCVI,train
ID_KNOLUJF8,train
ID_HEJRAAEJ,train
ID_DXK6U717,train
ID_Z49MTUGI,train
ID_0J0JZDRR,train
ID_BJO7XHP6,train
ID_3HHLHN70,train
ID_3MUMGSPB,train
ID_AK5LJYYD,train
ID_T4UVRLVD,train
ID_A7FPY4C7,train
ID_6GUSKQZA,train
ID_A4RC6FLA,train
ID_H9ALCPXF,train
ID_RIDXB2T1,train
ID_O1XALTQ0,train
ID_18DHZ2HS,train
ID_G6G6DQ0R,train
ID_GW8ST4N7,train
ID_9G8CTT6U,train
ID_VXVIHCT2,train
ID_LP6XZGSL,train
ID_T44WT06J,train
ID_ZDETAAF1,train
ID_IQISUOZ9,train
ID_RNT8AMPD,train
ID_ZBA70PLO,train
ID_RU7R3464,train
ID_86MQUOKW,train
ID_1UPODHSR,train
ID_8JH8OVUV,train
ID_EEHVB7F6,train
ID_F80TCSUM,train
ID_QVTGLGOZ,train
ID_6XD3697Q,train
ID_2JIU73PO,train
ID_XDR5H0VM,train
ID_XXULG119,train
ID_FQW8FD4Y,train
ID_V6I27UJ8,train
ID_9QF8LG4D,train
ID_BM490AY6,train
ID_WFXRJBZ7,train
ID_BTCEPKY7,train
ID_WYQ6VEA1,train
ID_K5I865Z1,train
ID_1QDWT8W4,train
ID_NBHB7Y14,train
ID_788HM9TG,train
ID_XO9947R8,train
ID_I8S6RYJJ,train
ID_ICM4JKYY,train
ID_YDOPE9B7,train
ID_NWQEPMOM,train
ID_IQGPKGSX,train
ID_4VXYI11I,train
ID_YEHMRAH7,train
ID_16KTXXGM,train
ID_CDGNHW0G,train
ID_WWQ6QTX2,train
ID_23AD6WRF,train
ID_ZY0PMPY8,train
ID_0WIYP8NE,train
ID_Q00Z8AVY,train
ID_JVP8FLQP,train
ID_I8E4QL8L,train
ID_FJK1LVWE,train
ID_480H0SN9,train
ID_NHG3PNMH,train
ID_U7TN28YM,train
ID_KJA1ZS5W,train
ID_BXTGPAAR,train
ID_6SOB2VIB,train
ID_NIFCE8BS,train
ID_A804LC4I,train
ID_I1P9HQTC,train
ID_PB3LURTO,train
ID_QJKAEUQU,train
ID_PIDTDMEP,train
ID_X00H477F,train
ID_ACGQ8HWM,train
ID_YC8LIA2E,train
ID_F3TRWCFF,train
ID_A2CLZ2N7,train
ID_VO5U53ID,train
ID_ELXNV7O4,train
ID_L0DCXOFH,train
ID_3QCN1IQH,train
ID_CWJLBRZ8,train
ID_T95YIHT3,train
ID_WTRP76SD,train
ID_HWN853G4,train
ID_59IRTZ5U,train
ID_JNP0M73H,train
ID_0E4QY3V9,train
ID_UXXDA3CT,train
ID_4SBHUS73,train
ID_KGFP0WDL,train
ID_RYULB66B,train
ID_UBPPKTNT,train
ID_O6LUHHX5,train
ID_LWHGGPLC,train
ID_W8ZJWLU4,train
ID_NA6GX7RC,train
ID_9IASRNRM,train
ID_HL8JUWDG,train
ID_CD6LI4YQ,train
ID_R01KO3FD,train
ID_LWANEH1U,train
ID_IR6SGK22,train
ID_16J9HDIL,train
ID_RD3E2DFA,train
ID_MDOWTE5G,train
ID_8D73ASJ1,train
ID_S61SAXRI,train
ID_YNSVOXI9,train
ID_NUNXKK9Z,train
ID_M2FU6T1L,train
ID_QTF4ZAV2,train
ID_UO28DCCW,train
ID_679OKBSA,train
ID_17AKVDNE,train
ID_CDUCOOYF,train
ID_GUO3PTSO,train
ID_9M9QNE5M,train
ID_T8LNRWBO,train
ID_71P8H2X2,train
ID_3GY0Z23J,train
ID_921FPU77,train
ID_KTLCFH3M,train
ID_G18AHNWS,train
ID_GKAS8X96,train
ID_0D8MX4PA,train
ID_7HF2G2LC,train
ID_ZTL5HPRS,train
ID_57EJ4PVT,train
ID_GPRTPQ2B,train
ID_4ZCJXNXT,train
ID_9548SO3T,train
ID_I8MD8RWL,train
ID_M7O97QV5,train
ID_QVSEMO0R,train
ID_LYFH1TD9,train
ID_WWYZNKRL,train
ID_DMVQJUB0,train
ID_YZUIBKTL,train
ID_5JIYMRUW,train
ID_ZRYOBCZ7,train
ID_3JJUXYYV,train
ID_SKHQVGFX,train
ID_L1KKZZ9K,train
ID_IPO1W1HX,train
ID_KYBS469I,train
ID_TRMDXQB6,train
ID_YJA4BE8L,train
ID_JAA4IVJI,train
ID_DQ4RZH64,train
ID_L4RTNB6H,train
ID_OCS7KY1B,train
ID_I8HFXW93,train
ID_73XBD2RS,train
ID_Q0W68OJ7,train
ID_TACQ4GOB,train
ID_8KOZXIIL,train
ID_CZVE2AW9,train
ID_JFQ83IY2,train
ID_YL0CEKRA,train
ID_MDVJK0WS,train
ID_0GU04YLM,train
ID_JQ5RVJ2C,train
ID_XLPAM7X5,train
ID_10DC6BGV,train
ID_FOI9OX31,train
ID_2MH58R2P,train
ID_WQO8GK5H,train
ID_WVDEHIFV,train
ID_Q8AB0DSU,train
ID_JMQHKHYG,train
ID_F7ILDS7I,train
ID_4RFZIR5W,train
ID_DYUVP16Q,train
ID_D1N68GCZ,train
ID_R3TQA619,train
ID_EO2RATUX,train
ID_GZZD6H4B,train
ID_XO74QTGP,train
ID_42KH6G5P,train
ID_8AR6UN4V,train
ID_6VQUBF2M,train
ID_1W21QTZD,train
ID_6IM7IO5F,train
ID_LWYT0ODY,train
ID_7S3EJ8KM,train
ID_01CN2XB9,train
ID_VL2QU3KG,train
ID_FQ08522M,train
ID_V8JW2CW8,train
ID_LUUFL65Z,train
ID_F129X5ZZ,train
ID_H8RKS53U,train
ID_UFWEBSDW,train
ID_N6TB6ICG,train
ID_8W0BBQMA,train
ID_41KT4QFX,train
ID_C9VNH3QV,train
ID_WM4NIQYW,train
ID_8S9F1GZM,train
ID_75001BNH,train
ID_QIPL3MBV,train
ID_PC4KRF89,train
ID_4H1N35WW,train
ID_O1HTFRXG,train
ID_6EJIC0AI,train
ID_BINVWU3F,train
ID_16L8WZ5H,train
ID_M8341ZD7,train
ID_BJJAH7XW,train
ID_2FR9IH7K,train
ID_2OGER54G,train
ID_JGUXFP2E,train
ID_BD18C02P,train
ID_RPDBMHQR,train
ID_HCLUZEJM,train
ID_5MUYABV3,train
ID_8QXMPXHU,train
ID_MM605G6P,train
ID_UIH4A4WJ,train
ID_5X3YXJH5,train
ID_KSYND8YE,train
ID_ZSZUT73E,train
ID_GMPM0NNY,train
ID_4VLX0WAA,train
ID_92UQG8CZ,train
ID_YRQGX44N,train
ID_5RC279WC,train
ID_KJYE7CWE,train
ID_HS9HOO8L,train
ID_TZTZ74KS,train
ID_MEI8HZIY,train
ID_U1441CEH,train
ID_9DYU6G5X,train
ID_C3M7PYN1,train
ID_O0AKWD3I,train
ID_HZIJJSGX,train
ID_69JHY0A6,train
ID_5CK2EZBF,train
ID_EA9XL9UX,train
ID_RCIH5TZ3,train
ID_L13K53H4,train
ID_0TQ9T9SE,train
ID_RI01MH6W,train
ID_RITN6FN6,train
ID_9F8ZJ2Q2,train
ID_ZAQ8K86C,train
ID_L8VYCVA7,train
ID_TO9W3DQL,train
ID_B2XE2CLT,train
ID_W5TH2VCC,train
ID_7UVAKHTU,train
ID_SUJTVN9M,train
ID_47ZNPC7P,train
ID_Y5XW7L8A,train
ID_5IRSOSA2,train
ID_DGG71U9R,train
ID_M6EJXLJU,train
ID_FETJ83SE,train
ID_SCSISQCV,train
ID_2C0FDT0U,train
ID_JJLOP7GY,train
ID_0WCONIMM,train
ID_JMBUHDXI,train
ID_N2NXWEZA,train
ID_Y6XDRAAI,train
ID_XCF6OM6V,train
ID_4DD9AR7P,train
ID_PWXEIT99,train
ID_E0JVGH10,train
ID_29N0TWTI,train
ID_W4L9KE4T,train
ID_WIEQFXTL,train
ID_FGK2PGX0,train
ID_14274S9E,train
ID_YGEDDYXZ,train
ID_R2GP2C3H,train
ID_RR8P2RME,train
ID_93SLMRCE,train
ID_ZHYZO4SX,train
ID_WX9ZETPH,train
ID_0U4AFS9L,train
ID_9MMIYM3I,train
ID_750MQCZ5,train
ID_H4JGGEH2,train
ID_Y28DA6SL,train
ID_0HXHPHFO,train
ID_00IUWBD2,train
ID_DDLK2MRK,train
ID_BS9WXEHF,train
ID_U4E7GGTL,train
ID_0G7TH8V1,train
ID_6HGPRBZ8,train
ID_HQBJPEYU,train
ID_O6ZK3WX0,train
ID_G9Z8NO3C,train
ID_1Y427X4U,train
ID_FWHHJ1I3,train
ID_VD5F02FD,train
ID_832388YW,train
ID_G5AJV6NK,train
ID_E00SRTEN,train
ID_NIHHDBMO,train
ID_8F88JW2Q,train
ID_J1ZAD3NA,train
ID_T3Q591EF,train
ID_0A3DFN4Y,train
ID_1FTCMPSP,train
ID_Z2RTD9V3,train
ID_LX67KW2C,train
ID_JYSEGG2F,train
ID_HXAGQ5MQ,train
ID_BR0WIFUU,train
ID_F7TETYTU,train
ID_UPGS0KMY,train
ID_12CI7NF5,train
ID_IER5BC62,train
ID_C6HJ53UW,train
ID_1DGSJCH4,train
ID_UEHDH5TB,train
ID_X5XP37TD,train
ID_UX4GQPN4,train
ID_QNRTAG1I,train
ID_5DBVRVHE,train
ID_D2F4UBDB,train
ID_CFQB6MCU,train
ID_87Y25DJP,train
ID_R5J27CZZ,train
ID_ZGBIKBS3,train
ID_IM4K2886,train
ID_FTXL25ZA,train
ID_L1T1LCBY,train
ID_PZST0N33,train
ID_Q35PX7LT,train
ID_26E3J0KS,train
ID_HOHELO8H,train
ID_2IZ8WHKO,train
ID_1RAR5K0L,train
ID_5J2Y97NQ,train
ID_0OVAY7E1,train
ID_3KT2E5FS,train
ID_APUEUF5J,train
ID_U90BDNP5,train
ID_4D5JK1YK,train
ID_27S1HY0E,train
ID_APXD31MZ,train
ID_H66SQZAS,train
ID_ZH6SXMUP,train
ID_QP1Z4L4U,train
ID_WAZ6FGVD,train
ID_3GW56YRV,train
ID_ORFVFRH8,train
ID_9T9ZTZGB,train
ID_HXK78KB4,train
ID_M0CR00T0,train
ID_H87KC1KK,train
ID_O8NPAPNV,train
ID_T24RBGJ8,train
ID_BBGUNQKS,train
ID_18JDQKUK,train
ID_B1KG8JFI,train
ID_FNMLBLCC,train
ID_T50JJK6Q,train
ID_D8CP1EDK,train
ID_8AGYECTC,train
ID_CERDUYKU,train
ID_LZWBRAYN,train
ID_2J8G4HVX,train
ID_81VD5RBM,train
ID_Y7TJCNFG,train
ID_92VOWE78,train
ID_JF4XSJXN,train
ID_YZJSZOXI,train
ID_QYV38MV6,train
ID_WXQ0O55T,train
ID_T8G6MFVZ,train
ID_J8HTJ0FJ,train
ID_JQ4TOU2C,train
ID_3EALL8NS,train
ID_53539FET,train
ID_H0WP2MX5,train
ID_0M54SCRO,train
ID_0BXDKDJ8,train
ID_00BXFFCR,train
ID_8PYC9VT4,train
ID_RT5S6YLB,train
ID_R5EMRBXG,train
ID_DWKCE4X4,train
ID_Y2AMKAL3,train
ID_2SUGYTCR,train
ID_Q3TV1EE3,train
ID_0HLCNB65,train
ID_IHEWOMZN,train
ID_0JM9FSHQ,train
ID_XMKGP2DD,train
ID_O8OFBBM8,train
ID_VMLIKWL3,train
ID_EFB1ZJJY,train
ID_DZU60FWU,train
ID_NBFNTVFK,train
ID_2XZ4PP9D,train
ID_0M7QT6HZ,train
ID_9K7SPHEM,train
ID_BV656KWV,train
ID_3U69UM6K,train
ID_1YM3TNQW,train
ID_HZVSZL4P,train
ID_4V6G7O7W,train
ID_3WLVTZBQ,train
ID_L1UNOCTC,train
ID_FOB7N7I3,train
ID_5ENBO3B4,train
ID_GUUP14J9,train
ID_NUYTT3TI,train
ID_MJHBIR1V,train
ID_91GK3RML,train
ID_4GXEDOGF,train
ID_SD4SIXFK,train
ID_IOXLI3YR,train
ID_IDEPOX2E,train
ID_6L6NWK38,train
ID_TN2FIBTX,train
ID_KWM7QMYL,train
ID_WPJ79JFF,train
ID_XJK5GZR7,train
ID_94CCSQJG,train
ID_T833G2WK,train
ID_IOMHJC34,train
ID_S1SRIYOG,train
ID_1HI7NC9B,train
ID_QG7RGXS8,train
ID_P045Z813,train
ID_6SHU3RAH,train
ID_0FE6S2EJ,train
ID_I0HRWLR6,train
ID_06P3HAQQ,train
ID_7W2V7DP0,train
ID_HDDWZCXK,train
ID_P6ZB1UR2,train
ID_3E8ZO2BE,train
ID_V346LGVS,train
ID_Y3P7TG29,train
ID_ZSMK39PQ,train
ID_44RDSMCE,train
ID_C2O2F9WF,train
ID_HUOG8W4G,train
ID_4PME93FD,train
ID_HMVID3CZ,train
ID_O4YQ9VOK,train
ID_PPHGJ0MU,train
ID_3CQINYRH,train
ID_A4BVWW7Y,train
ID_LLO26KXV,train
ID_DG3GRXTS,train
ID_W3V8JLAO,train
ID_1HJ7XMXP,train
ID_V8HBF6CU,train
ID_TBBLKO3A,train
ID_L34A5ZXE,train
ID_VUAQ7JUQ,train
ID_7WVB4NTD,train
ID_YVIFQ0PR,train
ID_BXURQMFH,train
ID_YTG5UAAJ,train
ID_ZDLUIVD5,train
ID_2IHIAI5T,train
ID_W9HUO9R4,train
ID_RUYL7TOM,train
ID_GQ8SEJCH,train
ID_9YJCSXBV,train
ID_0Q2NQZVZ,train
ID_XGR2U0XS,train
ID_KYKQKLZ2,train
ID_R3FB0QQF,train
ID_M5370QFP,train
ID_AZ1WJ4N2,train
ID_38KF1AJT,train
ID_W0J73Z8N,train
ID_9CM7F438,train
ID_3MZTAPOY,train
ID_74QYPLB5,train
ID_8F7JWWUS,train
ID_IR35NWMB,train
ID_SQC5Q9NZ,train
ID_0RG6TSZO,train
ID_6Z8X8DVQ,train
ID_NLHBKZK6,train
ID_LJG9OWVC,train
ID_NG75MAHS,train
ID_HV1L7L5G,train
ID_058OQ45J,train
ID_F1CVZV5A,train
ID_SBR8PBZE,train
ID_T2XBIIFW,train
ID_IA066GBF,train
ID_8Z5M9P7Z,train
ID_GSRY8O6C,train
ID_8BCQN4RM,train
ID_JKQ26O0L,train
ID_46V7S0H2,train
ID_AU8FNRFF,train
ID_Z4A99X2Z,train
ID_5N0FCX62,train
ID_20MMIK8R,train
ID_G60MRVV2,train
ID_O7JH6TGI,train
ID_V225ATE2,train
ID_2CV0FFDK,train
ID_BBMLY2W6,train
ID_NAZCNFOJ,train
ID_BCPINXJS,train
ID_DKGN16GF,train
ID_ZJWBEAFN,train
ID_YI68EQM0,train
ID_G3LLN5O8,train
ID_6SGH7CGI,train
ID_8KPK97PO,train
ID_0J25ITOU,train
ID_X811R6XA,train
ID_5UTL2A9L,train
ID_R80EOI34,train
ID_SY7LTM3L,train
ID_JG7YZEQP,train
ID_J8YSXNER,train
ID_C1KH83I8,train
ID_XR0NUGET,train
ID_2TBCHI2L,train
ID_76O6XWUY,train
ID_3YD5RJ7R,train
ID_J85YEIGP,train
ID_QZAM50DT,train
ID_V5966XLF,train
ID_4CP9LZMS,train
ID_QA9C4TWL,train
ID_VOINNM8W,train
ID_07IMXX1T,train
ID_2GQUI1ZR,train
ID_TQPYW46V,train
ID_86X1629F,train
ID_QW8MSYSN,train
ID_OKJ1MPQ7,train
ID_05SWFQZK,train
ID_XN4WYFHB,train
ID_ZJSLNCOS,train
ID_GQ7QCO7N,train
ID_49RH5I76,train
ID_4Q19TXF7,train
ID_X5Z8KPRS,train
ID_AKB0YYWU,train
ID_X9K848UR,train
ID_H0J6NO5R,train
ID_2FPK4CEO,train
ID_V0BZ6A5R,train
ID_OE98HLF0,train
ID_1Q4FWYO8,train
ID_VJ5LDLS8,train
ID_8THFGW20,train
ID_KWWD0UUV,train
ID_D5QZXT52,train
ID_1T1Q01LU,train
ID_MYIQH83H,train
ID_D1CBD9XS,train
ID_GXJG35UU,train
ID_I24B8PI7,train
ID_MD5GM3DS,train
ID_ODF96FLU,train
ID_XEFSPMEE,train
ID_TK7SH44I,train
ID_32A65HAZ,train
ID_TZP9T3B4,train
ID_RXLXBD6N,train
ID_Y98MTVIY,train
ID_UAQDEQQ0,train
ID_R4H7MAGH,train
ID_ZQQ3WKAG,train
ID_BL0CNHHD,train
ID_JH61BO3X,train
ID_LVVG21DI,train
ID_7CJ8AZK0,train
ID_5PFGN0CF,train
ID_EQ6L2RQ1,train
ID_YS2V8WRP,train
ID_3UGNVS6C,train
ID_XF8U5UBB,train
ID_QHDG2NE8,train
ID_DE2JH7H5,train
ID_J6ZKVCB3,train
ID_LF1403L9,train
ID_G6OHGIWF,train
ID_TCWUNSYF,train
ID_O1BO0OTT,train
ID_809N9ZR4,train
ID_7U2XKMEJ,train
ID_BJ4DISSG,train
ID_7DRUJD9M,train
ID_2RFS9EX4,train
ID_0ZXK7PTU,train
ID_NEVFI94I,train
ID_AC7PISML,train
ID_8O9PVS83,train
ID_FD057VZC,train
ID_PWD12I0Q,train
ID_66KIU0TO,train
ID_Y118S8C5,train
ID_6I8T3XTM,train
ID_052XYWUM,train
ID_2TE259LV,train
ID_5IKISYYK,train
ID_RHU2RL00,train
ID_1QPWFMMJ,train
ID_1MGZ3TYT,train
ID_578H91ZT,train
ID_IJOT3HG8,train
ID_3SH9NSXV,train
ID_ROG6F642,train
ID_PXUIF7L1,train
ID_0X7BADDU,train
ID_QEX2LSME,train
ID_89MU4H2F,train
ID_FVCOZVKN,train
ID_DN4TPR37,train
ID_XIUFXTTB,train
ID_3PG5JG3D,train
ID_Y0BK5D14,train
ID_EA42C9VU,train
ID_LD94LTWW,train
ID_1I43PAA9,train
ID_9GWHC46P,train
ID_NDF0CGF0,train
ID_18X0HG1K,train
ID_WCVL2WWW,train
ID_FKWB19OE,train
ID_YAX00VIK,train
ID_UWEON3IW,train
ID_79WVK2EP,train
ID_X7CIB0OS,train
ID_88LOISIB,train
ID_RRJZ9F88,train
ID_ODYFE0P4,train
ID_5V27SICI,train
ID_3Q6QBWHU,train
ID_9NJ5V5F0,train
ID_QZWPS275,train
ID_AQGYSK6F,train
ID_O9FWID1I,train
ID_SIDK7VMR,train
ID_4JRPG3N7,train
ID_IDZI9LWM,train
ID_G3NP5TNL,train
ID_6IH4DACM,train
ID_4US861FW,train
ID_QDNNBKEM,train
ID_N999XGNU,train
ID_MH2QB63A,train
ID_FR8KU9NB,train
ID_5KT7F5PZ,train
ID_QRI4F3WI,train
ID_GBVMLQTM,train
ID_6S5AEL1H,train
ID_DHN7AXPH,train
ID_OJ40X0EE,train
ID_SSBZ74FG,train
ID_6LCZT4Y5,train
ID_1CY91KPP,train
ID_HV2B0Z6Q,train
ID_5BQBO2J0,train
ID_OU8K3SIG,train
ID_RZ87V9W4,train
ID_4RKH9KTG,train
ID_URBC90NY,train
ID_YXGRZAQO,train
ID_8G76LIPD,train
ID_97DQK25B,train
ID_840DF6GJ,train
ID_ES0RHA76,train
ID_HDI05AWN,train
ID_S01LRHOO,train
ID_YIXI0I73,train
ID_6MYR0EHQ,train
ID_RHEFHXEM,train
ID_GB2RJ5IY,train
ID_ZJNTMJEF,train
ID_1RXMI4BZ,train
ID_JUAQXXTH,train
ID_CF2XDMLK,train
ID_HSCHFN44,train
ID_HB7GQJI4,train
ID_0KWNOAPM,train
ID_BHTASFG6,train
ID_AHO1AIHX,train
ID_Z4ZE1LJW,train
ID_0BVSG5VD,train
ID_NM7JWU1X,train
ID_9ZN9VWAW,train
ID_TMUJGY5Q,train
ID_L9VFZWM1,train
ID_KSUAJAMQ,train
ID_I68UEZ6X,train
ID_HRP1J027,train
ID_PP0XYTCG,train
ID_ESV7C8WW,train
ID_0AHJ4DYN,train
ID_VYZ1K1W2,train
ID_LU7LCB08,train
ID_0VSE5TND,train
ID_TIO33T2W,train
ID_YVSX6U6D,train
ID_APK8HD33,train
ID_UN2DUAAB,train
ID_QTAST0OF,train
ID_YOND4E3E,train
ID_ELI2JQ8S,train
ID_6Q4C7IUM,train
ID_NBZIJ0Z6,train
ID_3B5V09E5,train
ID_SKHGIKLI,train
ID_1GH2WLOO,train
ID_SWENRR63,train
ID_05627V5H,train
ID_1B0E2RVY,train
ID_V95B8DCS,train
ID_NKH1R3MP,train
ID_OVIJBOGR,train
ID_00WROUT9,train
ID_7U8YPW58,train
ID_8SFT1AIJ,train
ID_BHHBLTC0,train
ID_UD4E8Y3E,train
ID_R1WAXWN2,train
ID_SRVX413A,train
ID_OG4G8KFY,train
ID_ZA7WZ2ZK,train
ID_E3W9FLY7,train
ID_P4R7WZYA,train
ID_NJE3NM4K,train
ID_3MFFFLFZ,train
ID_YX2VXFMN,train
ID_3BMOW5BU,train
ID_21TGJ0DJ,train
ID_AALOIQVX,train
ID_DEPK3TWK,train
ID_X1EAK3SF,train
ID_OM69M6PT,train
ID_Q9D3Z28B,train
ID_Q1OBMNG3,train
ID_7GBMSC90,train
ID_RQ1W1751,train
ID_A6CUB0GK,train
ID_6V6LRNR7,train
ID_8C43AB5Q,train
ID_Y26VK0W3,train
ID_AJBT6CBC,train
ID_OAHK33EL,train
ID_Z0PU136W,train
ID_HRRL1DFQ,train
ID_6NKHFWBY,train
ID_BBS4D8JL,train
ID_TMFY0Q9Y,train
ID_L1VPOHIE,train
ID_Y5H4E6ZM,train
ID_QBS7BZ93,train
ID_F2H20TWJ,train
ID_PUVDA0SF,train
ID_ZKEE0DWN,train
ID_IMT9VYPU,train
ID_QWVOW1K0,train
ID_3Z3HW407,train
ID_LIN6QNZD,train
ID_C4O2HUEP,train
ID_7L1BZQKS,train
ID_FQ2PIJ39,train
ID_14GRCLM9,train
ID_0T0MUI2C,train
ID_T5IRVN6M,train
ID_EDFYPGE7,train
ID_FA93MAVC,train
ID_74CWNVWM,train
ID_GIR77PXT,train
ID_289T5ZK3,train
ID_D5OEU86S,train
ID_I4SO1DVT,train
ID_SYD8DJRX,train
ID_XSLBYAAH,train
ID_12VSOV1O,train
ID_YHABEK9C,train
ID_31D11MCL,train
ID_MYT83DNS,train
ID_5Q77EEHB,train
ID_L269Y28S,train
ID_JYI4AH2O,train
ID_72BYBUP7,train
ID_QFHTBOMA,train
ID_5N1PR4DV,train
ID_LJFH0D4W,train
ID_5JP6KG74,train
ID_SR00Y946,train
ID_K14B941D,train
ID_OOE41E8T,train
ID_SDF18SMB,train
ID_8MBLZL83,train
ID_KGM8G5CG,train
ID_092793L6,train
ID_0VJ0ONC7,train
ID_QJ7HYTRB,train
ID_HS4Y1EZ2,train
ID_L5Y5HT0H,train
ID_VFLJR50P,train
ID_1337T5TJ,train
ID_LP3XZCH1,train
ID_OH4BJEV9,train
ID_W0K8DLFE,train
ID_ZO5H5V72,train
ID_QUO0Q9Q8,train
ID_HT9LXFSJ,train
ID_ORIKLRKF,train
ID_SQL3U75M,train
ID_U4IR30S1,train
ID_MRM2OMX9,train
ID_RXJ0WMWR,train
ID_D3YK3N45,train
ID_4ZBYWP3C,train
ID_WWCOSWLR,train
ID_V8FS3GVV,train
ID_J9U8B2YC,train
ID_JKE8UUPU,train
ID_M355G43D,train
ID_XWR2VWGU,train
ID_JUPEW9UI,train
ID_12UZPNNH,train
ID_O48BKAQ0,train
ID_50SU24QV,train
ID_Q9KDQQ3G,train
ID_QZI5XSM7,train
ID_MTLA5W67,train
ID_7I2ZU8B4,train
ID_WUQPYIMU,train
ID_T28MNDWA,train
ID_JFKR9AR3,train
ID_3A7SAIYW,train
ID_RA1VJT28,train
ID_A9XMZQOG,train
ID_ZKKF0F5X,train
ID_V48UPCOF,train
ID_H3HPZOQN,train
ID_CHRK495R,train
ID_G9GEPR22,train
ID_7RGDQYMZ,train
ID_9Y55S4Q4,train
ID_L760067G,train
ID_8FJY5C29,train
ID_QLSY5KAW,train
ID_1PBP3VMU,train
ID_6Q4BE8IO,train
ID_N0AA1F4K,train
ID_CN1LFS1O,train
ID_AU77OXPZ,train
ID_O2TOU8D4,train
ID_D7T3DXC5,train
ID_CVHGP6Y8,train
ID_XUAENSFU,train
ID_ZD0H1Y02,train
ID_Z5C6GDOK,train
ID_BZC370P8,train
ID_S5CYZZV8,train
ID_QH7D8WKM,train
ID_XIFWAM17,train
ID_ZHSCCZHZ,train
ID_20UYSB5L,train
ID_ISKPELLF,train
ID_IAKS8B1P,train
ID_1W7BNGI3,train
ID_4XVQYBCL,train
ID_BY483GKR,train
ID_VH3DJ6N8,train
ID_JVNP8L2R,train
ID_ADO6VIMK,train
ID_5B1719L6,train
ID_UFSVK1Q8,train
ID_YM6JK9FW,train
ID_T40JZU8E,train
ID_7CV6HSQU,train
ID_HSQI2JD2,train
ID_QFNSKHO1,train
ID_P75IQC3G,train
ID_BQ5PDSMW,train
ID_4PNR2LHB,train
ID_K467NLO3,train
ID_S4322PNF,train
ID_7R0VF3WT,train
ID_EO36RQDH,train
ID_YA3JKK66,train
ID_GZH99U7H,train
ID_USNDNDQJ,train
ID_F2W6IV8Q,train
ID_NZNUGBZ5,train
ID_NT5W2ZIP,train
ID_7MEXQSJI,train
ID_V8SSQ7RT,train
ID_589LKI1U,train
ID_E93C7IEE,train
ID_WIY2UXNL,train
ID_32TJVVLH,train
ID_8AVQRYZ7,train
ID_OH8420G4,train
ID_32IEA8A4,train
ID_FEYDJRJ5,train
ID_4FNAX0BL,train
ID_2X2EJG9U,train
ID_IS3190KU,train
ID_INZSD3CP,train
ID_622ARHZL,train
ID_EC39QY5X,train
ID_KJUQJ1IM,train
ID_VQJM3FC6,train
ID_XG6VLTSW,train
ID_J6I6OUA3,train
ID_M6HTC80P,train
ID_T18I67Y4,train
ID_FJVL46KW,train
ID_DDTLXPJ3,train
ID_H7728FA6,train
ID_Y1KHJRC5,train
ID_I81RPFR4,train
ID_3TRQVTFK,train
ID_15SURRSK,train
ID_GVRVH6K4,train
ID_36QM60XU,train
ID_3GJCB9RK,train
ID_SRVP2NRM,train
ID_VISYRJOZ,train
ID_M1I8SAYO,train
ID_7MQFISBA,train
ID_6XJ0XXSF,train
ID_ORWELBOA,train
ID_YGUY6Q58,train
ID_FC92WKSN,train
ID_YE424K5W,train
ID_34R47XVA,train
ID_LFUK616D,train
ID_DS3ZRA5P,train
ID_SLJU3OI6,train
ID_CV3RFVA5,train
ID_ZFZ186PL,train
ID_G4CRE8ES,train
ID_QQ7NXCH0,train
ID_R388WA3W,train
ID_0K46740W,train
ID_W6F16XHE,train
ID_XII71GGA,train
ID_L2JVY7MH,train
ID_A518FXI5,train
ID_DPXZOY2A,train
ID_1KQ0ZY14,train
ID_K1FQ7WG2,train
ID_ZQIA0XVQ,train
ID_PCXWJPB8,train
ID_P2GEA27K,train
ID_22XZOBJM,train
ID_39FERBJA,train
ID_LCOLZN5J,train
ID_7FYHIVCB,train
ID_41C4UMDQ,train
ID_Z0UC407G,train
ID_AUFS16BW,train
ID_QBFN3HGK,train
ID_R8H6IMEW,train
ID_LE3PYDIQ,train
ID_LCUJAMHG,train
ID_72SJ6631,train
ID_77PS7O94,train
ID_VTH9VMMC,train
ID_2P6QF6XN,train
ID_M9I45C02,train
ID_IIIWIUJI,train
ID_6EYUEKRD,train
ID_79L0OJ01,train
ID_66Z5VL9Q,train
ID_12KM4S63,train
ID_HN98REWV,train
ID_7BF4BV86,train
ID_3X85U0GA,train
ID_Z8L76D4C,train
ID_YE41IZ0M,train
ID_J8AJAQJJ,train
ID_9N401X65,train
ID_B3ULBXFY,train
ID_VB0Y7SIM,train
ID_EEGQ4KTK,train
ID_6Q187CZA,train
ID_Y83FACMI,train
ID_E5G012C5,train
ID_L6A40JEX,train
ID_CPJKPHPK,train
ID_Z30WHHYS,train
ID_U44AG8BQ,train
ID_J75VKPKS,train
ID_UXWEXO37,train
ID_ZBRB1V4L,train
ID_YN6W5R6E,train
ID_BEOPBQNE,train
ID_VEIT500J,train
ID_NFVR8QMF,train
ID_SXV4TM0N,train
ID_EUZZDZN9,train
ID_0UJ8U53G,train
ID_05D7KFDU,train
ID_1WE8N4VA,train
ID_SSAGYG03,train
ID_VJQN8K3Y,train
ID_YDST6CZX,train
ID_X419JZGX,train
ID_NLA08VXZ,train
ID_9FTG1VRN,train
ID_78LDPGI1,train
ID_BCM86WEV,train
ID_Y7PVUNUU,train
ID_MIE6RMS7,train
ID_F8UT0TN0,train
ID_83IOKW8R,train
ID_G02E3JRU,train
ID_OV2NOWVB,train
ID_64OR2I2E,train
ID_B413PFWV,train
ID_NX4MQQL3,train
ID_KJJM9982,train
ID_8O9L9CPM,train
ID_VK4QTRW9,train
ID_201NFY8P,train
ID_E9DG2VFN,train
ID_8UA1EYMD,train
ID_9XKS5FSC,train
ID_Y2C3TC5N,train
ID_6RMY3E54,train
ID_ZICFD81F,train
ID_FNCBVS22,train
ID_4BBHSOL8,train
ID_1T69PX3M,train
ID_E1SXAAD9,train
ID_J5GEDBP0,train
ID_MCJ8PNEX,train
ID_2PHHZDJ2,train
ID_9E224JD7,train
ID_8HQRUA7U,train
ID_ZPCM40B3,train
ID_069NARYW,train
ID_MUVM3G6F,train
ID_53B8RFMW,train
ID_SAYQU3FG,train
ID_H1OU37ZS,train
ID_FUZWVI4D,train
ID_EZZSBNQ8,train
ID_C1L9MZPG,train
ID_JJUSUDMI,train
ID_Q67KI9XA,train
ID_YJ1UXYG3,train
ID_GW5ISKTL,train
ID_ILIRECEG,train
ID_QGTKYMB7,train
ID_FMS680V9,train
ID_8CLO5BUG,train
ID_KIR0U53O,train
ID_F39P623U,train
ID_IJVX2SC9,train
ID_UC841RJZ,train
ID_WS3KMX9S,train
ID_E9MPN8JE,train
ID_U7W2V7Q6,train
ID_PK1U46MR,train
ID_Q3889Z7L,train
ID_QKK5B93M,train
ID_38LUHC21,train
ID_50894EMZ,train
ID_DFDK6J70,train
ID_EXEW182Z,train
ID_07MFGPW3,train
ID_W4YRGBHX,train
ID_E7BK8CZ3,train
ID_Z93Y3OAW,train
ID_J0JHOPBP,train
ID_KB5I47X3,train
ID_HFB7GQNR,train
ID_XQJEQ7CW,train
ID_RKWRSQ5D,train
ID_PVW2FU2G,train
ID_CRXPXM2V,train
ID_K59ROTEL,train
ID_XCM7JP7M,train
ID_BCACQEC3,train
ID_2CNTI5QA,train
ID_XSEPKWSA,train
ID_FQ749KUH,train
ID_WOL0VEIW,train
ID_XEC7ZDS2,train
ID_IL6E24I2,train
ID_Q6C5CJXC,train
ID_AEER2762,train
ID_RP3YFNRQ,train
ID_2KW2NYCP,train
ID_HGWKTWDG,train
ID_OVIPYZNY,train
ID_EE9KOJV3,train
ID_AQRFOHJA,train
ID_JMSSR9BJ,train
ID_GNXIFMW9,train
ID_YNEQBEC0,train
ID_03KJ6GPG,train
ID_4BUINEDE,train
ID_0557YSMX,train
ID_ZHQHJRN1,train
ID_X0DIVBU5,train
ID_3AHKT9KF,train
ID_SAGIHKE5,train
ID_BQN5MDJF,train
ID_SK6YDFJP,train
ID_RLVS44V1,train
ID_URWOPMKN,train
ID_DIQ1AP9O,train
ID_PJIW6OH5,train
ID_00Q8YAZI,train
ID_7025TUN0,train
ID_032V99WD,train
ID_7B8DQZD7,train
ID_F7ERSG38,train
ID_DBL4HWAB,train
ID_LBFAQOEH,train
ID_J6PAM1FL,train
ID_F71VF3I1,train
ID_ORP3LH2N,train
ID_RTLSQBZ0,train
ID_7G6VFQMX,train
ID_B7BTQ724,train
ID_Z0N6AKJO,train
ID_KEWGO7R0,train
ID_MFMKDOSO,train
ID_7IJ2KR6Z,train
ID_MMBAD5XM,train
ID_WMBN587F,train
ID_JEERI8FA,train
ID_2582003P,train
ID_886FVW24,train
ID_8XHMGK7W,train
ID_JBNBNXNP,train
ID_ZT2NKU4X,train
ID_KW96N6IA,train
ID_JCIQOIPD,train
ID_8SIEIOBU,train
ID_5MH8LRPX,train
ID_8B6LD74U,train
ID_2D1XSD72,train
ID_95MWFZVJ,train
ID_LDFDXTCE,train
ID_2EIFRPZT,train
ID_KN4HVPPT,train
ID_66MNZ06G,train
ID_076LPV7S,train
ID_UINXD8ER,train
ID_DVUB6GIX,train
ID_KUX3Q2VR,train
ID_IMTUQIT5,train
ID_EHDKGMQJ,train
ID_XX64QK6F,train
ID_RK1QB0K9,train
ID_SCI50QLI,train
ID_DBZ7Y1I3,train
ID_1POP652R,train
ID_F49XX6KJ,train
ID_S5BQTLCK,train
ID_UMHWYKTA,train
ID_SWRCIFI2,train
ID_M4IQ9N3Z,train
ID_QZNJO7LJ,train
ID_UUCKLI7S,train
ID_23958GHV,train
ID_W97P7LYU,train
ID_TNH6RFLW,train
ID_0G9AS1DT,train
ID_HVU4E7P1,train
ID_7SXE3EPV,train
ID_LFXPBPSE,train
ID_KR23VNOM,train
ID_K2URB2V2,train
ID_LOVL46EN,train
ID_3R6J9UR1,train
ID_HBO88L4C,train
ID_OYLQBFU7,train
ID_5SZ2QEBW,train
ID_LD006IC1,train
ID_PKRZ5QRT,train
ID_0B07EJ8B,train
ID_2ZLB04DF,train
ID_A70IYIO8,train
ID_FVAAUSXQ,train
ID_V5FHP1D7,train
ID_G23ZZBKE,train
ID_ME6QCVJH,train
ID_CKDEAUQQ,train
ID_VR0VYUUM,train
ID_JRE669MG,train
ID_S88WMWQE,train
ID_AKV2F8M4,train
ID_TD43ZT4T,train
ID_TUJNO3UM,train
ID_NT218F70,train
ID_SBSIRKWB,train
ID_JHEVKC7Q,train
ID_43Q3PKOQ,train
ID_2C4JC1JL,train
ID_QHGUZ7DF,train
ID_KKLYWZM2,train
ID_KY32K6OQ,train
ID_05RV4APP,train
ID_TQ6I8ACJ,train
ID_QFE4BDRJ,train
ID_KZS8MFJG,train
ID_294VZQ09,train
ID_P1OX2HLK,train
ID_VAUHSVWW,train
ID_Y46EQZKS,train
ID_M6G9CZ10,train
ID_PO1N8GBL,train
ID_QPDTTF4H,train
ID_BYZE974M,train
ID_1WF6TIQV,train
ID_0FF5JY1B,train
ID_7ZBJ6MXY,train
ID_MUSNUSZI,train
ID_0G0R7MXQ,train
ID_Q0ZBUM0U,train
ID_51CT9XI0,train
ID_NK50CVP1,train
ID_9AXWELU7,train
ID_QBI0HJPE,train
ID_8BC4VHUY,train
ID_UD46VSBO,train
ID_TNKM7338,train
ID_ZDAM5RGI,train
ID_9T8UJFZZ,train
ID_0E03QFOO,train
ID_A0QX8EOX,train
ID_VOTL0W6A,train
ID_WWEC2BYF,train
ID_4AMG9BDT,train
ID_KJXHPR8U,train
ID_MPO78TGZ,train
ID_75W41QYT,train
ID_SFV910CF,train
ID_LHSGOFR1,train
ID_E1W5QSR8,train
ID_MRSL28QB,train
ID_0B6UYC2Q,train
ID_Z403GJ2B,train
ID_PAE0KCJN,train
ID_0I47PI5W,train
ID_J0F3556V,train
ID_6VV8I33R,train
ID_31P8QKCS,train
ID_ZE7KL5DF,train
ID_A2B0H9GH,train
ID_TX0MG2TW,train
ID_ZREP7EHW,train
ID_ZU42SOR2,train
ID_SOCR29IW,train
ID_D2NEPRP4,train
ID_PAGXBN2D,train
ID_PF1VRINM,train
ID_2NBLPHJ7,train
ID_1WTBU5U1,train
ID_K10U78XH,train
ID_UC4PH831,train
ID_EH759UZS,train
ID_MU94EOSK,train
ID_TO2I5NNW,train
ID_WUTSVOUO,train
ID_L2I892Y8,train
ID_RYAX8UCP,train
ID_J4XWSMA5,train
ID_HDCSBSRR,train
ID_AJYZXNGH,train
ID_CAXRH9AC,train
ID_WBO47YPO,train
ID_BJUYB9OY,train
ID_7H8PGGI6,train
ID_X95G3F6I,train
ID_VZXMJ095,train
ID_PHYEETGY,train
ID_YCARGF21,train
ID_IDOF5049,train
ID_O77XIIRW,train
ID_JLVMRR0A,train
ID_L4WEI44S,train
ID_BT019X2Q,train
ID_A8BQ6EPK,train
ID_P2C20MHY,train
ID_NYJRNU5I,train
ID_T6HSJZ40,train
ID_GND6MIXK,train
ID_7MJ8P237,train
ID_3REIUJ2F,train
ID_48PAF6Z6,train
ID_GMUTYZ46,train
ID_BAXA30KS,train
ID_543D5GXQ,train
ID_IGJXQ7W7,train
ID_TU4G2XVN,train
ID_SRH3KMGR,train
ID_1RAYCO5P,train
ID_Q24J1V4O,train
ID_EZH3VV9T,train
ID_PZQO937F,train
ID_3H23P9MD,train
ID_ULL8HVJS,train
ID_99XDVYR7,train
ID_UMUHTF7B,train
ID_PG3I9U7Y,train
ID_Z5R2SM2A,train
ID_OEXXNHUW,train
ID_8F1D5JZV,train
ID_EDHEML3C,train
ID_YD1CKDUW,train
ID_X5ETML1G,train
ID_U34RX8GU,train
ID_DKJ2J6UQ,train
ID_Q9HTYN8M,train
ID_DXHIYWSR,train
ID_UAHY14NJ,train
ID_38GTS9IE,train
ID_KFJEVQHB,train
ID_GWE1JN0J,train
ID_I23JELMK,train
ID_I3XLRN6T,train
ID_WBZBA4NC,train
ID_2PVLYA8N,train
ID_VWU9ZATB,train
ID_O0VR6587,train
ID_2ZETLBA2,train
ID_IRECRS3V,train
ID_7SWKXCJU,train
ID_6XLO31FJ,train
ID_IJC0S44N,train
ID_MNJB7F0N,train
ID_KAYDQ4WQ,train
ID_GWTRRU2B,train
ID_LFYLXVMM,train
ID_WIPE0V0C,train
ID_IB44HRKH,train
ID_PEVRYPQL,train
ID_I2DBPZX2,train
ID_B3BDV71B,train
ID_SICNBMLT,train
ID_WP5CBJIM,train
ID_C5C2JNS1,train
ID_BZ7JHSR3,train
ID_QYF4VD74,train
ID_AHT4UABU,train
ID_2NHE1D5E,train
ID_3VHTZHJV,train
ID_NCL85IM0,train
ID_FQDZ1FSH,train
ID_NRM3T4GO,train
ID_A0QSNPHV,train
ID_6D050EM1,train
ID_HUIDWQBA,train
ID_70H8DUMW,train
ID_D258O1XT,train
ID_5TIB9VBT,train
ID_5C38VZIG,train
ID_QD3QAZB9,train
ID_FNPHAVU4,train
ID_U67LYX2I,train
ID_Y9X31HK2,train
ID_T7GQMVYS,train
ID_K6SMFURE,train
ID_ZGTWCVBW,train
ID_CI3BGKQD,train
ID_I3RTLGX8,train
ID_NP4I27CG,train
ID_5Y4OT09K,train
ID_NAQH8554,train
ID_B01AMCX5,train
ID_8EWYKA98,train
ID_I2FTI232,train
ID_URYW8ADO,train
ID_H288R1NW,train
ID_EHO19K87,train
ID_7FLDX4MD,train
ID_Z5YZYZ8S,train
ID_B90RHZEB,train
ID_R0W7J7WX,train
ID_YPTCGI3L,train
ID_QBIOMTXP,train
ID_JBBC099J,train
ID_GVT0S454,train
ID_MJ1NAJ9P,train
ID_U69E4LST,train
ID_K2LLC4FV,train
ID_P3VH723J,train
ID_KR94ZG6L,train
ID_3HRJ4KJN,train
ID_4AOS1XBU,train
ID_CUS7G37F,train
ID_662KJ8FM,train
ID_M8YOP340,train
ID_3HYUY4CP,train
ID_DJ11W6CI,train
ID_0C374A9P,train
ID_1MROUKV3,train
ID_M1I71YMW,train
ID_DTK797T4,train
ID_XOPGUUZP,train
ID_7YEU1YKZ,train
ID_OE0YT1TR,train
ID_JHZ3XOZY,train
ID_XJ30QLUF,train
ID_19FWYZ9S,train
ID_GHP2XDAZ,train
ID_9D32ICFO,train
ID_KHKSWMAJ,train
ID_2XVRWH23,train
ID_FVL1PTZ5,train
ID_A6XMNB86,train
ID_K4CB2BUE,train
ID_97TNHJJK,train
ID_ENOM232Y,train
ID_Z7LBU9BE,train
ID_CQRR8ODW,train
ID_3ZVJE8K1,train
ID_XDRHPUE2,train
ID_U37YLMF2,train
ID_9DZPYOWY,train
ID_0OD30SA1,train
ID_6BCYDJTM,train
ID_Q5105J6B,train
ID_9DO14SPG,train
ID_ML3EMA2Y,train
ID_R3B83KUA,train
ID_HY14WQOY,train
ID_EYX8GA1L,train
ID_HI4LPIU9,train
ID_9WP8URJM,train
ID_MIBYNG4S,train
ID_HS2B8Q18,train
ID_E3LKADZ4,train
ID_DOFHNCUX,train
ID_BNBP6U45,train
ID_20799V5A,train
ID_NPXZH5WC,train
ID_SZ3Z5CG1,train
ID_KBC0LAXR,train
ID_RGZ4DK9F,train
ID_B97Z8CF5,train
ID_M8VPHCNZ,train
ID_WT2H2OZ5,train
ID_C0IPR08U,train
ID_370916ML,train
ID_03W17F15,train
ID_L2Q1MT60,train
ID_PDIT7BD1,train
ID_9CF7YF0T,train
ID_WYUC183A,train
ID_VK0H2C7G,train
ID_GP14VW4I,train
ID_SMDSOMWF,train
ID_EKXTWON8,train
ID_WPMPNXFS,train
ID_3JPEFTZH,train
ID_DRSMQ5U6,train
ID_BY09N8J5,train
ID_P8KJOY86,train
ID_5LHMGO7I,train
ID_BMYYSQSQ,train
ID_VAKSARJ5,train
ID_3TZDPMFP,train
ID_4NFITYW7,train
ID_SKWRC6GE,train
ID_705B603E,train
ID_8DCHROQV,train
ID_22EA3BPI,train
ID_IQ6I2I85,train
ID_FGI2NK43,train
ID_6VU9W6WR,train
ID_92Z637D3,train
ID_QIOJ78PA,train
ID_6X8GYS77,train
ID_8L2S4Q71,train
ID_KLCYYRZB,train
ID_35MT41RN,train
ID_XPGM9FC9,train
ID_9QDTTL14,train
ID_BJH5EQMG,train
ID_M3B3IUSW,train
ID_8160QVK7,train
ID_7DKPB1UH,train
ID_RYQOLU1D,train
ID_207J5R6A,train
ID_BX7EJIIT,train
ID_EKV6BM6D,train
ID_9ORT3LFZ,train
ID_ERCJZ9U1,train
ID_9KZMETUJ,train
ID_1KQYABVC,train
ID_18ISGR4V,train
ID_2BCXSG6W,train
ID_FML2KVM1,train
ID_96ARVZO7,train
ID_2CFGJYI7,train
ID_ZZT58Z40,train
ID_5C71F32X,train
ID_B1HKTT2C,train
ID_2R5858OE,train
ID_SRNZXISP,train
ID_01PSA5J0,train
ID_BBAWLR2J,train
ID_K58Q7AGA,train
ID_MGC9NK1Z,train
ID_E7TXPHK2,train
ID_LMNGW3VN,train
ID_H9IHFO2W,train
ID_7YJZ9LID,train
ID_6JC4RTNO,train
ID_TU43QVVR,train
ID_T9QEWZYB,train
ID_BZIJT2FV,train
ID_AXM5BG2W,train
ID_FV2BD7FJ,train
ID_1VLS0LOL,train
ID_UBIRJ4PG,train
ID_8DW89IBH,train
ID_7JSZN1S8,train
ID_8WEK93S3,train
ID_3TF6VBLF,train
ID_O46F0KIV,train
ID_SAZ52GRN,train
ID_GTDF6N86,train
ID_9RO9Q1MG,train
ID_3B9E39UH,train
ID_9C8FB9I3,train
ID_N1ECAGJF,train
ID_RJ6TLSOD,train
ID_5TU0TCVQ,train
ID_VRY5YMIG,train
ID_9RZQ7IBX,train
ID_LEPOI30I,train
ID_E510U62H,train
ID_1M7OE3DB,train
ID_7YZXEWPY,train
ID_EAV12RGC,train
ID_IPW08YDK,train
ID_49O0Z3BL,train
ID_4EZ0YD00,train
ID_NFCU56BZ,train
ID_TVU2A1VD,train
ID_7JL4DJ9Q,train
ID_OWWPS7G5,train
ID_W1CSVDA6,train
ID_TGKXZH9H,train
ID_ZDQHSK2V,train
ID_W003UI0X,train
ID_W9KTX3Q6,train
ID_5A9NWB7N,train
ID_QQ1RF4RX,train
ID_XTEA6O4K,train
ID_6BJACPTB,train
ID_2C6HIEKH,train
ID_226B3WZN,train
ID_4S3V7CLG,train
ID_5ODOS8F1,train
ID_VPGH3AU7,train
ID_B1AVC4ZZ,train
ID_P6LMJBWN,train
ID_JN4KE72X,train
ID_QW29461C,train
ID_QILOEVEC,train
ID_6I9M6BN4,train
ID_BJ01EXX1,train
ID_XS4CD0T6,train
ID_FU8XTQD0,train
ID_J7FDRBFH,train
ID_Y7TZANAI,train
ID_FQUOAYFY,train
ID_5KEK115F,train
ID_MEZLC5O0,train
ID_Z607DW88,train
ID_9U9MLZ9S,train
ID_23TKCGV6,train
ID_Z8DCHKYH,train
ID_5U1UTGM1,train
ID_ASYFE5RX,train
ID_A02ZK34H,train
ID_DLKV3EC7,train
ID_9GLBQ3KM,train
ID_39FMHOWB,train
ID_M0QEKTI3,train
ID_YJAY3N26,train
ID_K7TALPC7,train
ID_7WIHPVQJ,train
ID_Q3GPS03N,train
ID_LHNXYEZO,train
ID_ZYCRAP4B,train
ID_4N3R1CS6,train
ID_2YKRM2DZ,train
ID_5LOTSJ2S,train
ID_1RDAD4R2,train
ID_CSN1NQDE,train
ID_FLDCQMG2,train
ID_6VW4BTGW,train
ID_MBFL1QN3,train
ID_I6C8ODO3,train
ID_D7FQMC8U,train
ID_ZFXZM9X3,train
ID_TDMY657H,train
ID_DBF16P6G,train
ID_BVNBEQB4,train
ID_MQ4YRS9Q,train
ID_UXFBVJ13,train
ID_J01CRIR2,train
ID_0MCEM2VW,train
ID_GL412EF0,train
ID_QWUC47T1,train
ID_RJ3MOQJE,train
ID_1K226AZG,train
ID_Z3KMFCRZ,train
ID_MK04DSHU,train
ID_DKEN0ZK7,train
ID_QY8QZSUI,train
ID_XWR2HNT1,train
ID_IOAD7T7E,train
ID_OUSUE8FY,train
ID_0WZ7CXYD,train
ID_IVLBEWZU,train
ID_N0N4SFZB,train
ID_00A89HJ5,train
ID_46AI83JS,train
ID_W47NVLVD,train
ID_L0X0LR09,train
ID_QLX0DEJE,train
ID_3MJBR32Y,train
ID_L2PNHSRI,train
ID_TDNNLHP2,train
ID_JPOLNEZE,train
ID_ECND1LVJ,train
ID_HRWPVQ2O,train
ID_B2NM2BT4,train
ID_1ALH4QPQ,train
ID_48UWD6J2,train
ID_I5A2Q5KW,train
ID_PLJM535K,train
ID_T6TQ23KZ,train
ID_W8AO6ESF,train
ID_LMCAOCIH,train
ID_LRAEXIE1,train
ID_MCGL6COK,train
ID_X9L4USNS,train
ID_C75JU6RB,train
ID_10H3LYXT,train
ID_HSUBR39L,train
ID_M2Y2813K,train
ID_5T520IIU,train
ID_AVS54LSR,train
ID_09XAI0E3,train
ID_WB8G6PVT,train
ID_FZDMFNV3,train
ID_SK04L113,train
ID_9MHBJZ9Y,train
ID_HR6YBBLQ,train
ID_W98XM7VU,train
ID_NUKMFST6,train
ID_VKTDKYEY,train
ID_SDBAA79J,train
ID_2X0IVO21,train
ID_BEAPQR72,train
ID_X4C27EN3,train
ID_CCCAQ1Q6,train
ID_CHVZJ1Y3,train
ID_8Q6FHE3R,train
ID_89NUURBQ,train
ID_TCWKRH1Z,train
ID_V2NE9G9C,train
ID_HIS84N0C,train
ID_5C8K7CYT,train
ID_IRTKJ7VK,train
ID_98PWD7DK,train
ID_0FR05I7L,train
ID_FXZ3UOFL,train
ID_PV68BKKL,train
ID_5FQXI6EK,train
ID_XK680IF3,train
ID_WXRPJUKG,train
ID_1IAU1TCW,train
ID_WG419XI4,train
ID_N1ZV93LW,train
ID_DT20HJXH,train
ID_TQXKOBTC,train
ID_UIGITAM1,train
ID_PQWP842F,train
ID_XIYL7ATJ,train
ID_URPW95E1,train
ID_XXCFDURK,train
ID_G6CW153Z,train
ID_BTMO6M2B,train
ID_IUNQH30Q,train
ID_LXIL9QB0,train
ID_E79YHUMT,train
ID_C6BCBQWE,train
ID_QQBAYVQY,train
ID_TP0GNB9N,train
ID_32SXXEOO,train
ID_SSASRSTW,train
ID_5SJJAEPZ,train
ID_IV5ZPD1M,train
ID_46PZCTAE,train
ID_KLV1HZJ0,train
ID_OT5R6DUS,train
ID_8SVTKHJ0,train
ID_CEPHTQKU,train
ID_0W54RDFU,train
ID_7KTOY07X,train
ID_1K1Y85GG,train
ID_TNXWFC6E,train
ID_VIFRRYBK,train
ID_WS2OY9N1,train
ID_THGA4U86,train
ID_ARELHCIK,train
ID_T2QYFKD7,train
ID_D0HMUJ9W,train
ID_LTUOPM0J,train
ID_A1PB5R1S,train
ID_I6VM12QZ,train
ID_ZZ75IRIZ,train
ID_JL2WJYW8,train
ID_FH9AWEBQ,train
ID_5QXPH476,train
ID_4XYULU8D,train
ID_Z8BB5RCP,train
ID_38NAG1GW,train
ID_KZDJYA2B,train
ID_SIUE50JD,train
ID_7NKR89YU,train
ID_6NBZ7LC0,train
ID_YAOJ447H,train
ID_6W2CTSZK,train
ID_3JX9PUTJ,train
ID_WBIDKDTZ,train
ID_4AROSREW,train
ID_99HK39AB,train
ID_18I4OXJC,train
ID_3DYZ5M8G,train
ID_75C07XBA,train
ID_HFUP65R0,train
ID_EDP61PHH,train
ID_G2Z86W5E,train
ID_D3HDZXY5,train
ID_BBD5WZ52,train
ID_MUA64XNW,train
ID_748PGKWX,train
ID_7HQIH9J5,train
ID_7BOL5955,train
ID_HID5GL5N,train
ID_ZHCL1TG0,train
ID_LOEUVBR5,train
ID_RLUXRT7V,train
ID_ASD0NIWM,train
ID_Z20LTGQ7,train
ID_CX9TGFV0,train
ID_1GSU1JX0,train
ID_98KX6PVO,train
ID_K11V9W92,train
ID_KCV30C5M,train
ID_LJLPYVT0,train
ID_I5BLVU5Z,train
ID_7C7Z5RYA,train
ID_VQIRGLLT,train
ID_QTWF44RA,train
ID_RY7XJ9RG,train
ID_1TUAC2IA,train
ID_640OFBNK,train
ID_XFR39LLX,train
ID_M2SCIGMF,train
ID_2EIRM69T,train
ID_E1J0RRGQ,train
ID_F3P2BPTW,train
ID_NZUN7IGZ,train
ID_Q08SP744,train
ID_LTSWRX2S,train
ID_518LVO3A,train
ID_B1A8AN93,train
ID_KOI4R48S,train
ID_B70OABWF,train
ID_BUC1D5NW,train
ID_VOP4HMD8,train
ID_BDS3T6E2,train
ID_1ZPWNNDN,train
ID_DXUSWYTD,train
ID_PU6I4Z42,train
ID_6KKORMHM,train
ID_ZHE53TA5,train
ID_V737H4R0,train
ID_RNFMUEN3,train
ID_9X0ZYHAL,train
ID_HJSX2HRU,train
ID_9I0MST4X,train
ID_ZZ3MV3B5,train
ID_7WUPSN1L,train
ID_K1MVSX6Z,train
ID_O1HJKFYQ,train
ID_U3WEEJJO,train
ID_E9RFCRQE,train
ID_ZMRBAZ9Y,train
ID_38EDSS8J,train
ID_PO4WWEM1,train
ID_E2JFRQV4,train
ID_P3WNQF6L,train
ID_RO2WHKGS,train
ID_4UC34D4Y,train
ID_7478KIK5,train
ID_XYCQVVH3,train
ID_AYOFRMZQ,train
ID_HGKM4DS3,train
ID_32FCF57H,train
ID_4PUUIMON,train
ID_G5GGHFXG,train
ID_HOOMJH9Z,train
ID_8D6H9OMY,train
ID_RYI0MS6T,train
ID_67Z0PMF1,train
ID_JMQOW334,train
ID_EG2LDX7U,train
ID_8I309VZH,train
ID_LECZMAAT,train
ID_2UBJPS3C,train
ID_ZKDQZ7WH,train
ID_4PUE1DEW,train
ID_LS8V28I9,train
ID_9BUNKFLK,train
ID_8V3ONWZG,train
ID_83O14PGG,train
ID_VY4YQZYI,train
ID_ZJ0XJS4P,train
ID_6CNIMRTM,train
ID_C5AL6IL7,train
ID_2A3361H5,train
ID_MCVMBXE9,train
ID_QU8A8Z2P,train
ID_EZU9NWKM,train
ID_CFNG8UEE,train
ID_VWSXMQR4,train
ID_OPAS3M52,train
ID_4PGO6K07,train
ID_NE9GX26U,train
ID_KYN26E0S,train
ID_7UA7QYPX,train
ID_0OBU66TW,train
ID_Y0OSAD6W,train
ID_HNCMJWB1,train
ID_MNEKKJNB,train
ID_JKBE0WJP,train
ID_KI7J84UT,train
ID_4366L7R7,train
ID_4PBQI9QW,train
ID_GA5LURYX,train
ID_4TBQ1EC3,train
ID_EJUFRCUH,train
ID_WU9W6SBT,train
ID_NWZ9IVN6,train
ID_9GZCQDJY,train
ID_DV4CU8LQ,train
ID_BAX8BE51,train
ID_R8QYJ1J8,train
ID_L1FAZVGI,train
ID_K1MAYFB8,train
ID_TOOP0ACB,train
ID_XH676LMM,train
ID_H7R7BXUU,train
ID_U0U62VQ5,train
ID_PZQB6SDF,train
ID_MVNZNV3Z,train
ID_WZG1QOKN,train
ID_HWQ6ENS4,train
ID_5SU03L9W,train
ID_SZ6NYYJ0,train
ID_545PSWRB,train
ID_WQ788DDF,train
ID_9WBMH295,train
ID_0Q11283O,train
ID_ITLACEE5,train
ID_VK8N7S6O,train
ID_44K4JRJQ,train
ID_TWJUKUFP,train
ID_TLK1TQIH,train
ID_HX0QFAIW,train
ID_89UKHXG7,train
ID_9RSJ89PX,train
ID_O6ZS85IC,train
ID_WP0OB6LW,train
ID_QMVYJR99,train
ID_ROXMPL5B,train
ID_L66LQBTB,train
ID_YA7XRYKA,train
ID_JLF8G6JS,train
ID_OB2UVKQB,train
ID_GW2I1WBT,train
ID_PXH5DEKN,train
ID_8E3DBBOU,train
ID_5KS3MJI4,train
ID_0ONI0BVE,train
ID_QUTAMRLR,train
ID_YYTCCVWA,train
ID_INSBWG07,train
ID_I3K1OGU0,train
ID_RCIAJTL8,train
ID_TZS8ZWJZ,train
ID_PFDLY6CS,train
ID_FFR0TUGC,train
ID_PWZWJAUL,train
ID_OY4JQ04V,train
ID_P5VSMFIX,train
ID_C5G55GBR,train
ID_DCV5KB58,train
ID_YDZQ6QUZ,train
ID_INGLPSFD,train
ID_416PEWK7,train
ID_ZPKYTC14,train
ID_8ETNK8RC,train
ID_VQZ19I18,train
ID_Y2CBGD3O,train
ID_0JK1JVJ7,train
ID_QJZZCEHV,train
ID_OQ8ZOCI9,train
ID_NNXEHY6A,train
ID_1KFZ6TKS,train
ID_ERSR7R1B,train
ID_BD0FO6Y6,train
ID_Q2DQ17LH,train
ID_QE1KF10L,train
ID_U6WV77H4,train
ID_0PFT1OU2,train
ID_Q7AYHGS1,train
ID_KZPEV25F,train
ID_O0NY192B,train
ID_234MVDJ6,train
ID_1N8EYXET,train
ID_T6H1QDB2,train
ID_7BVQ4V3M,train
ID_C5DNLNPS,train
ID_Q5PVM0ND,train
ID_YNDMXM66,train
ID_GK2IPKA3,train
ID_BOCML1XQ,train
ID_2YWM7Y51,train
ID_QF9ZNC7B,train
ID_HEASH87Y,train
ID_9CWTH8OV,train
ID_T84YX0PR,train
ID_3GK18R9C,train
ID_DFBXT58J,train
ID_X4VUKSTO,train
ID_S9NX9EZ7,train
ID_MGKOXG72,train
ID_85NNGY18,train
ID_QJEY9W57,train
ID_SQVVKDF2,train
ID_5O8R05RX,train
ID_GQR17UCO,train
ID_XGYVA3GN,train
ID_V8BA6FMP,train
ID_F9CV9UXW,train
ID_Z7K5MG8E,train
ID_RUFHZ0VT,train
ID_BCY6UGQY,train
ID_7AY7DHGS,train
ID_BWCIVQAY,train
ID_10AS3Y5U,train
ID_B01UH5KQ,train
ID_1QVYFRDX,train
ID_NXUCCQJI,train
ID_HBJF2OER,train
ID_KAMYFE58,train
ID_OQLNII88,train
ID_ZVSXUJSP,train
ID_199T881P,train
ID_9YSZF5CO,train
ID_45VAKE8Z,train
ID_5Y902790,train
ID_NWUE0D3J,train
ID_TPSQMT67,train
ID_W2SRKS57,train
ID_PO95Y3XI,train
ID_QJ3F0D1Q,train
ID_F7V43HWN,train
ID_RGJNX31Q,train
ID_K59KWE3N,train
ID_C0RVTZ7T,train
ID_16VFSUJ2,train
ID_5SDXYBJH,train
ID_2N4EFCKM,train
ID_X7HP4JP2,train
ID_TQS4XTJK,train
ID_GTY0NV9B,train
ID_3OC11DTO,train
ID_ET350PD8,train
ID_PN940DZM,train
ID_J95USNQ9,train
ID_UQQ40YNY,train
ID_6ZH19PTU,train
ID_F6YZRV1J,train
ID_EV4FUV4N,train
ID_0022DWKP,train
ID_3XJY9AS6,train
ID_YEHBOIDQ,train
ID_S17RNEOV,train
ID_FZH4OEVN,train
ID_RIBEGM8N,train
ID_IFHDI3IX,train
ID_U56CSM5L,train
ID_7QBKZ1NZ,train
ID_WEYVKYPY,train
ID_XWA5O2L9,train
ID_TRUHWFOZ,train
ID_2SW72A2W,train
ID_O93LDVGV,train
ID_Q4179EPY,train
ID_DBMWAFMF,train
ID_H2D35VR4,train
ID_27VXSDWS,train
ID_JKSZK7X7,train
ID_2I5KPCLZ,train
ID_DL2TMF0J,train
ID_HZFL03AM,train
ID_KNTXFMLT,train
ID_4Z5EJBLX,train
ID_6NLS3J21,train
ID_QH4PE2QF,train
ID_62TAV91Z,train
ID_3K91YJVO,train
ID_QWYRANF9,train
ID_9SHHC0YX,train
ID_YS517YIF,train
ID_SR3LD0E1,train
ID_3JXKI283,train
ID_MAW2LI0Y,train
ID_050CJUVB,train
ID_EF1SUSZI,train
ID_YOQEQ4BK,train
ID_JOSP56X7,train
ID_YT6PJWIL,train
ID_8PQTZYKL,train
ID_94JIFJB8,train
ID_E0F1SAU3,train
ID_WKIW82TA,train
ID_S2E5AWWB,train
ID_NM4B7TKL,train
ID_PEECR6M9,train
ID_C9SOBSX3,train
ID_SA1RQLCK,train
ID_ZKWXY0WH,train
ID_7WU5N7WY,train
ID_5AXNVDKN,train
ID_TJGCVQLI,train
ID_Z4RUTZ7C,train
ID_OBNY14QM,train
ID_BVFRUNJ1,train
ID_ZIJP12J2,train
ID_CSXM5VCC,train
ID_V4KDGO7Z,train
ID_URGLD4ZF,train
ID_0H6R1Y42,train
ID_QC1N0YDF,train
ID_JZ0568OF,train
ID_ZMD3USSE,train
ID_Y0ICB8VN,train
ID_IJDHFUE4,train
ID_PJ2SOGAG,train
ID_Q9V12I3G,train
ID_SWQVK8SP,train
ID_83AUEPP1,train
ID_978N22SS,train
ID_RWFOYPKU,train
ID_ZY9RAG6W,train
ID_7AWL9EI2,train
ID_PVX5ZNEW,train
ID_90EVAOTV,train
ID_09LW65MC,train
ID_YK751GYW,train
ID_B81V4JL5,train
ID_KIHJIBAB,train
ID_3EXKMY2L,train
ID_1PKTZFTP,train
ID_FSRZQGTL,train
ID_BTRFFPV6,train
ID_Z96WM1H9,train
ID_GO67IVPO,train
ID_OPZW35B4,train
ID_M97LARJV,train
ID_B79LHXY2,train
ID_LAQVVRD3,train
ID_JQX786T2,train
ID_9AE6DLFT,train
ID_CDCHBGEU,train
ID_IU0K6UDW,train
ID_M1951BHQ,train
ID_3J7MTKJQ,train
ID_068T72RA,train
ID_CYCN4FK3,train
ID_YTMWUW56,train
ID_4ABLK2XR,train
ID_PJM94X57,train
ID_HAJEIHLW,train
ID_1UVBSNB7,train
ID_CE39F9HG,train
ID_R0RVJ2MC,train
ID_57NZ0FU0,train
ID_BHQQNLJH,train
ID_6HVRZAMI,train
ID_TUUO2VYC,train
ID_Z2FYP1C9,train
ID_7TMJ6Y7G,train
ID_O2T26WQK,train
ID_CJM2BW37,train
ID_Y5VP47BH,train
ID_TPEGFJPV,train
ID_MM7SR76F,train
ID_RPGTJVMC,train
ID_WLYR6THW,train
ID_M6O3RZVA,train
ID_RCMKT677,train
ID_8OUXY9HL,train
ID_BICORO70,train
ID_GKGLYSTY,train
ID_KQK4IGLD,train
ID_QQOX3TB4,train
ID_7GTET62G,train
ID_JJFK8VSU,train
ID_I2NPUUWA,train
ID_0URJAZJR,train
ID_UJX0XH0U,train
ID_75ZVVC1H,train
ID_6MXOBHJE,train
ID_7AU3WSBS,train
ID_DAD7Y23E,train
ID_NW2GNJJC,train
ID_0604G4SX,train
ID_5A7GB4RM,train
ID_A5X76JFD,train
ID_58VABW6S,train
ID_HY0IHELO,train
ID_MO6SQTAH,train
ID_QRIWHTL1,train
ID_RD5XZHDT,train
ID_OP32TR3U,train
ID_3PCZY2J0,train
ID_KWSQWP6Q,train
ID_OKRJCUBE,train
ID_VJDIE4BS,train
ID_WW7OFZT9,train
ID_RLC0QDVK,train
ID_NZFVNQT4,train
ID_JMVJ4BZ6,train
ID_4LIFLEQI,train
ID_L81I4E5R,train
ID_6M7QC04Y,train
ID_LTEI6OL7,train
ID_0DMUSW4S,train
ID_DTKSG44T,train
ID_ZKPFLCP7,train
ID_FFX6229K,train
ID_NX37KN1U,train
ID_DJ96J6T1,train
ID_FT88XCL3,train
ID_AK97AKHD,train
ID_13EL5M0F,train
ID_LX3RVE9Z,train
ID_BNXRBVAY,train
ID_HJFORYOX,train
ID_E784TFBY,train
ID_JXTUDZJ6,train
ID_EC3Q5ERG,train
ID_2LOYDC0A,train
ID_MZR1YT3H,train
ID_KJJPTAQA,train
ID_XJFVL66Z,train
ID_YJP1V702,train
ID_582QCV0R,train
ID_LQWS0ZTI,train
ID_2EE79SQA,train
ID_D15TXPXQ,train
ID_6FLMHCYP,train
ID_KV53SCUB,train
ID_959CLX4N,train
ID_4OWYO5U9,train
ID_69BAK7ZE,train
ID_3OEDF1TS,train
ID_NEZA1DIR,train
ID_S33EZ2TE,train
ID_4O7M99LT,train
ID_QIB172I3,train
ID_E8ODHQKD,train
ID_IJS8Y30M,train
ID_CV716KG3,train
ID_4PB9R8J7,train
ID_1TNEHD7B,train
ID_JTGMKFIB,train
ID_EGX57BOG,train
ID_99ME5EFY,train
ID_DCHP721S,train
ID_BA6BSF1A,train
ID_IQZ3X7W5,train
ID_QSW935KV,train
ID_B0O6UXMP,train
ID_GHDGZMYA,train
ID_C18OV9B6,train
ID_E10PK6EE,train
ID_JA9JQGA5,train
ID_AELFV4UM,train
ID_O66J2NNU,train
ID_AWGDKBRM,train
ID_PH01JDA3,train
ID_ACDX2NRR,train
ID_7AZJORWE,train
ID_VKII9GH6,train
ID_72DV3JA4,train
ID_UBMOD9F6,train
ID_VHOTVHBG,train
ID_ANMEC1YD,train
ID_K48MM2Y2,train
ID_MGN555M5,train
ID_O0NS37YI,train
ID_QIU1COF7,train
ID_530ZJUMM,train
ID_U22ZE744,train
ID_LB2MFYTH,train
ID_M6FM1IN0,train
ID_RCCEVWSJ,train
ID_ZIQYVWOR,train
ID_LGR2BWYB,train
ID_NTSUW7TH,train
ID_GIQL7EFR,train
ID_3XK5BNNL,train
ID_GU4L3QGM,train
ID_PIQXOSST,train
ID_IH5KBXXN,train
ID_LTKL6HGL,train
ID_PIOS3667,train
ID_WHHWXEL1,train
ID_Y6ZR59JK,train
ID_9CVGUE4K,train
ID_YGC3BCHA,train
ID_HU7LVI7N,train
ID_ILQU63X9,train
ID_FBGLF8CV,train
ID_OVI8SEW7,train
ID_Z8G47156,train
ID_J1DG2BO5,train
ID_VQHM775H,train
ID_DICLSGU0,train
ID_F0DNHQLS,train
ID_2Y1A3RHS,train
ID_INQZKPHN,train
ID_ETBLCYIB,train
ID_TNE4AKDY,train
ID_UB9AR0WR,train
ID_XK4DCRKN,train
ID_U8HS8NY5,train
ID_VDFLWEG9,train
ID_DXAKH98A,train
ID_4PFPS8SV,train
ID_MT0OW551,train
ID_7DPAHVPE,train
ID_BIFBKBF5,train
ID_E940A3GK,train
ID_9H6DI4WY,train
ID_ZDBOJ9XS,train
ID_QLO81MYL,train
ID_W323DZG1,train
ID_IJXX8CKC,train
ID_K31EVBV5,train
ID_TFHN50PJ,train
ID_L45LFB38,train
ID_CUEQ4B44,train
ID_9QUIEF4S,train
ID_20VQTIKY,train
ID_HM90AMEL,train
ID_UAGTQ2XP,train
ID_MR135RFJ,train
ID_MUXSW6V8,train
ID_DPTKIT2V,train
ID_4QE4I2DV,train
ID_WC9IE1CS,train
ID_9685S8LT,train
ID_GB78OIRG,train
ID_W9TITW59,train
ID_7D5SKZ9W,train
ID_ETQ18E81,train
ID_4KFJH320,train
ID_OXFY98VF,train
ID_0XZTXCI8,train
ID_ZWRXNCON,train
ID_96J8Y1QP,train
ID_VCQO98LZ,train
ID_LAAGVIKE,train
ID_12TJQT04,train
ID_6EJ6QJ4X,train
ID_TKXZ002H,train
ID_4RC2VLL4,train
ID_2RMMJ5I8,train
ID_ZSOYXNV9,train
ID_ZW6PQBVS,train
ID_4PKRHT3K,train
ID_AWGFQJFW,train
ID_VR4O3GY0,train
ID_9ZBLDHEC,train
ID_5T8FJKUH,train
ID_XPH8LMDS,train
ID_ZF9QF8FV,train
ID_D8FBCK2F,train
ID_8HSNO8KF,train
ID_HET2P6KS,train
ID_UIAPUEW3,train
ID_QDJ2A0AU,train
ID_XLWJDEX8,train
ID_C8BU6QYT,train
ID_DYLWSXNA,train
ID_04R9RX9S,train
ID_1RPI52WC,train
ID_EUZWOXH9,train
ID_DHQII85E,train
ID_3PP7GBZ8,train
ID_WUIWCGKT,train
ID_RBS1CC12,train
ID_NRLQJVUE,train
ID_PW1IP14R,train
ID_OQ7BZKXE,train
ID_F6Z73IMY,train
ID_ZHSEA851,train
ID_705ZWLYA,train
ID_4B3W6SSW,train
ID_LSUR50FF,train
ID_A2U1LER6,train
ID_8PBU2O6Y,train
ID_NPYZDSSZ,train
ID_EDQNC6UT,train
ID_ENF5HIPT,train
ID_VZV8A6SD,train
ID_10L0TWF9,train
ID_MK3BZT9T,train
ID_HAGVW95B,train
ID_FGTSRFRG,train
ID_Y43UTNXK,train
ID_8J936HQ3,train
ID_S9KSE2KE,train
ID_EJD4FW8O,train
ID_MTKSL6J0,train
ID_SHXFWRIS,train
ID_02HFJQ55,train
ID_HMQCEMJT,train
ID_1TP9WR7A,train
ID_5C02MWTL,train
ID_ZC8M51JZ,train
ID_T3EUO7N5,train
ID_ZEHTK1JO,train
ID_498S7PMP,train
ID_CYWO3IO8,train
ID_9O6YH9FX,train
ID_YHOF2K5K,train
ID_RBB3YXX8,train
ID_JSKBF3PY,train
ID_6F5YOJVG,train
ID_WE9P470E,train
ID_RURUSA96,train
ID_0A00MXYF,train
ID_YCEKGHCC,train
ID_B4G5XZX5,train
ID_58HU5JA1,train
ID_WV0EGHE6,train
ID_TH9DY3KB,train
ID_7B15TTDM,train
ID_3CF3UUKM,train
ID_ZH8F2XB8,train
ID_STMGPQNT,train
ID_D16G83AW,train
ID_YHEO4TPO,train
ID_9AND5A0R,train
ID_CZG33FGC,train
ID_XPCJK1KI,train
ID_0JSZ0XE8,train
ID_U13UI5KH,train
ID_223GV7KS,train
ID_EPV3GABV,train
ID_5TYCZTJF,train
ID_XRWQZI2V,train
ID_Q2NXHRKD,train
ID_5WVOAWSX,train
ID_52TE2TLE,train
ID_ZZLP8ZDP,train
ID_NA83YTBX,train
ID_WM11RPEO,train
ID_MZMXFD88,train
ID_NGJ35I6C,train
ID_140ILMLB,train
ID_M4SFJ83O,train
ID_4EH8ZULZ,train
ID_6IDMQYTB,train
ID_NVDED3YM,train
ID_3TJ99U92,train
ID_QXCHNR4I,train
ID_3WAECOGT,train
ID_LQ0OY7SJ,train
ID_8XKDQEPW,train
ID_E8ZHH6C2,train
ID_N1JJ98AM,train
ID_7IQ7OR22,train
ID_5YEXQXS4,train
ID_R3AEFMIG,train
ID_BPA50751,train
ID_B7M1TNY5,train
ID_3EOLHM8S,train
ID_D1MQFA9R,train
ID_AGHXJ685,train
ID_COGGM5FJ,train
ID_1JT41MSP,train
ID_VFJ8G6FC,train
ID_QEEWJ3GY,train
ID_FC41U1TZ,train
ID_IAG49VP9,train
ID_8E6DVDDV,train
ID_2CUWSBMC,train
ID_BQCLGVQ3,train
ID_UZQRP3SY,train
ID_5IGMSF3C,train
ID_EA8NVWOV,train
ID_FRKJSWZB,train
ID_5492EIJH,train
ID_ZKBAURIP,train
ID_I5UMTR1P,train
ID_2WV8DF4U,train
ID_7UT4DZWI,train
ID_H8PRTXSX,train
ID_VF4D7CN4,train
ID_F2RJVSPU,train
ID_EMBCM138,train
ID_CSFXSRMU,train
ID_CPED1I2O,train
ID_SEVLRDYH,train
ID_EEP7G4OE,train
ID_QQ8AEPEF,train
ID_QWOV0QCJ,train
ID_CT72ZUG2,train
ID_M259Q77A,train
ID_DX8X0FED,train
ID_EPT6XI3F,train
ID_GJ3VR7IO,train
ID_EQ5HXX4C,train
ID_1B7VIYWJ,train
ID_NGB3JX8O,train
ID_75DN0SWE,train
ID_LWNCUNJ7,train
ID_AU4XVUFT,train
ID_K4LQBXSJ,train
ID_054TPAOF,train
ID_T3ZWRP08,train
ID_S2ACHZE5,train
ID_7ZLBX5JU,train
ID_4D3YN0RC,train
ID_XNO5TRY4,train
ID_SLIA8L1J,train
ID_4I23YPRL,train
ID_Q1PSE7PH,train
ID_ZZ7NHBVA,train
ID_67YCJPJT,train
ID_BOQM3I38,train
ID_I7YW69V7,train
ID_C77K1L2M,train
ID_LDKQCZND,train
ID_H0FKN9GE,train
ID_P3IJUUU8,train
ID_YSDGCTJ9,train
ID_O4FTHPBJ,train
ID_RXNFTXS6,train
ID_55BNU2KD,train
ID_0MVBF80J,train
ID_QV9KXO6G,train
ID_RA1WQSJ4,train
ID_CUN4NJN2,train
ID_VT7FJ15V,train
ID_8I1R1AA8,train
ID_USNZZYXH,train
ID_V6OWERFF,train
ID_TM3A8D4F,train
ID_UZ3CUA2P,train
ID_YVG62H08,train
ID_WKGH61NI,train
ID_9KGA1HIE,train
ID_KRFBSFUE,train
ID_5LVGXLJ4,train
ID_VS1JRU2A,train
ID_VM795X6M,train
ID_F9IFUHFI,train
ID_58MJJY12,train
ID_QL0LGNVW,train
ID_NLQV0ADP,train
ID_JEK383F6,train
ID_G121CMJE,train
ID_H9TAF662,train
ID_47XCHIN0,train
ID_4LMKP9I1,train
ID_FMZJUKQF,train
ID_KFWTWVOO,train
ID_7TJCOCA1,train
ID_V0HXI50O,train
ID_XZ8E81IW,train
ID_8HOC4TBW,train
ID_6H1ZC1MN,train
ID_98WOK011,train
ID_K4639S1C,train
ID_0GJYYH17,train
ID_VQ6FK8IU,train
ID_I68BN6LK,train
ID_WZ70O94D,train
ID_4CZC29CW,train
ID_1M4ZFOOX,train
ID_E0YNG5UC,train
ID_XPGGLJUQ,train
ID_O69AI81R,train
ID_G2WIICX9,train
ID_86B7CXKF,train
ID_U2DKEUSR,train
ID_KF6YT51K,train
ID_5HK6WLH5,train
ID_01ZF5UNW,train
ID_MGWT645D,train
ID_5KU9WLAB,train
ID_1X2CHZOY,train
ID_6EKPBYPK,train
ID_X47BR9CP,train
ID_U7ZO18RU,train
ID_Y0D09YW1,train
ID_OCX0L73L,train
ID_RDITBYKN,train
ID_5HP7ALN5,train
ID_VUEMXCQ2,train
ID_4SRGRAG2,train
ID_5XO3K0UM,train
ID_7KOF2CM8,train
ID_90YZ12M7,train
ID_ATX5FLQC,train
ID_MRL28Z5L,train
ID_N4QCXT9X,train
ID_Y9FK3HTU,train
ID_EAIIWZNR,train
ID_NLUU453L,train
ID_5G4JM8SB,train
ID_TZP36TXB,train
ID_4XGZZLQJ,train
ID_QK3G5OV0,train
ID_PSZD7PRR,train
ID_2KO4MFWQ,train
ID_JA749O6Y,train
ID_H9LXYEBJ,train
ID_7FKWJTFA,train
ID_P0T4XJZH,train
ID_YBAPUH4M,train
ID_LRL3C63D,train
ID_AI3WM01E,train
ID_VOWT3E32,train
ID_F6HH5IFM,train
ID_9W32V31Y,train
ID_PBD5JZFV,train
ID_IL2BTAGS,train
ID_SMUA1W28,train
ID_LSSKI3TY,train
ID_GEHKQ6WD,train
ID_F92NRVS1,train
ID_F4N2QGLU,train
ID_IDIQQ1PY,train
ID_045CBLJL,train
ID_71ZF4JJL,train
ID_Y4WE4TZR,train
ID_ZCU618EY,train
ID_I3MZLPPX,train
ID_5ON5EFBP,train
ID_QIIBKT36,train
ID_T9CWUR1S,train
ID_K2ML0Y1E,train
ID_JLRFRT7E,train
ID_7LZ46PKD,train
ID_NIFV2YBP,train
ID_QCMUY6N1,train
ID_5IBAZ0NH,train
ID_65LYM4CJ,train
ID_XBVSVFSF,train
ID_67GE3TEQ,train
ID_YV35ZF03,train
ID_HSKHMLWK,train
ID_G44DPFF8,train
ID_8NZ1WJB9,train
ID_SOW9J0E5,train
ID_5J5HSA2R,train
ID_UZA2PHDF,train
ID_CLCFZL1K,train
ID_4UO5E5E1,train
ID_6XQL4VGF,train
ID_EABPAPIE,train
ID_FTKR4O9I,train
ID_Q4WPH0H5,train
ID_6KA928P7,train
ID_V347XSAF,train
ID_TVEWCL8E,train
ID_X5E5ZFHU,train
ID_MLLXJWTV,train
ID_ULTZLG5N,train
ID_TT8WSWL4,train
ID_L6483IBV,train
ID_65QVK69X,train
ID_SKIM6XGH,train
ID_2A5HMW8I,train
ID_BZRIE8F6,train
ID_1HHF5LHI,train
ID_XZQP8D48,train
ID_7905Y0US,train
ID_ZHN8Y4JT,train
ID_YQAH85VU,train
ID_Y3O6DH0O,train
ID_V82MU91J,train
ID_99JY621J,train
ID_55XXKV05,train
ID_A6T5DRZP,train
ID_Z0E8I06B,train
ID_XNDYICBB,train
ID_UUBHU3D8,train
ID_TLJI10VJ,train
ID_2P107454,train
ID_LRR9Q1BW,train
ID_SLL3YRKV,train
ID_UO5OZC7Y,train
ID_V5J1NGXI,train
ID_ZX8YXFX7,train
ID_LEA81JSJ,train
ID_CG8S2UOP,train
ID_JHPQZS31,train
ID_QN2GXD3A,train
ID_59X7GIQ2,train
ID_9I2BJYE2,train
ID_6N2ZFE8M,train
ID_JK0OC62V,train
ID_FJD9ECO1,train
ID_XYKMY907,train
ID_NEZJBHH6,train
ID_LYD7A1F4,train
ID_NAJGI9SX,train
ID_YTBRPUG7,train
ID_Y6WC0OLY,train
ID_2K4X2A7R,train
ID_MXXQLIY5,train
ID_MHMIAVE7,train
ID_VK8SWNR0,train
ID_SLJ86QAW,train
ID_RM00M8V2,train
ID_AZE2BPJT,train
ID_GIYGLWKG,train
ID_Q0QK62NE,train
ID_8PVL0JLX,train
ID_Z5MI0H8T,train
ID_0N1L97DH,train
ID_41MWKVFB,train
ID_IWS8X2NC,train
ID_G0UYVMKI,train
ID_MME7ND1N,train
ID_H7NSRTZE,train
ID_CI584PHL,train
ID_LAVO7GWJ,train
ID_CI3PVR49,train
ID_1JUG77MY,train
ID_4Z3VWWOG,train
ID_6DFVGOJZ,train
ID_CX4Z9678,train
ID_WZJH285T,train
ID_DU6JAO0J,train
ID_CJ3WPVKB,train
ID_ABISUPGZ,train
ID_QUCOSZFI,train
ID_MVJLSKPE,train
ID_CIHKKHJO,train
ID_KGJJOQCV,train
ID_CCL1XFYX,train
ID_5GYB5KXK,train
ID_9LWJXP1K,train
ID_IMZ3IDGW,train
ID_7RLKUK1E,train
ID_7H3ZDY6G,train
ID_RPKAYPTY,train
ID_23S9Q143,train
ID_NR6Q3Q4A,train
ID_Y4YH5WTI,train
ID_7ZH9FPEN,train
ID_9YCCT1VT,train
ID_JP20AVW9,train
ID_ZW3IZS3J,train
ID_4YQALAVR,train
ID_KHT30WT3,train
ID_QD5LS9XZ,train
ID_PBFU0DJC,train
ID_7342ZXZX,train
ID_E9G36Q7H,train
ID_BOIY3DDA,train
ID_YX94QATZ,train
ID_24ZPFY00,train
ID_OO8BZOD7,train
ID_K3040ZQV,train
ID_MRGTK8DO,train
ID_P3O45009,train
ID_WNK2MTYF,train
ID_XA8R6ZZQ,train
ID_4NUP8QGU,train
ID_SBJY8HOB,train
ID_97VRQLKJ,train
ID_X3XY4LYI,train
ID_09YU6GEU,train
ID_DIS3U5UN,train
ID_QLVTOBOP,train
ID_LKVEP316,train
ID_LZKV1KIG,train
ID_I6S0DSTC,train
ID_BGWK70VL,train
ID_4089C0E6,train
ID_7KYUQ2F4,train
ID_R7KKGR56,train
ID_KV5E5DOY,train
ID_URC88HA9,train
ID_ON0ZSHLU,train
ID_IEHHCVMC,train
ID_VVXX8S7M,train
ID_TNSCRS3N,train
ID_3VYUNKXT,train
ID_7QTERKTO,train
ID_VWTGHVFB,train
ID_ZZQXZ6M6,train
ID_DK84144U,train
ID_49ROYFUY,train
ID_O8NAQFP2,train
ID_YQBDF6D8,train
ID_F9MZIA5N,train
ID_089BMOPV,train
ID_82EMGHOI,train
ID_7HHG7BXQ,train
ID_GMTL53A7,train
ID_G00OB2QI,train
ID_JTV39CBG,train
ID_SVQQWIGY,train
ID_38RPP0QF,train
ID_2E1FRQ67,train
ID_C207ABD4,train
ID_CLZL4WI8,train
ID_LV7VR6LJ,train
ID_I3ACXXD6,train
ID_X5KA6YHZ,train
ID_O1YNY83B,train
ID_PD0C5BL6,train
ID_1RVK5LYK,train
ID_HXHQEPQQ,train
ID_UGH8QRV2,train
ID_5CW8DK2Q,train
ID_A7DYIGGZ,train
ID_4A1C2H3C,train
ID_MKCGE7ZD,train
ID_1S0HW9LW,train
ID_GCCFBJ2R,train
ID_JYXKWN5N,train
ID_UGWCEFCJ,train
ID_71VN2I3J,train
ID_M3H45XYM,train
ID_OJL7P9PX,train
ID_1136MU48,train
ID_4R587U0B,train
ID_JR5979YT,train
ID_WWAN0N7W,train
ID_ZPIXRNB4,train
ID_GZNAU6ON,train
ID_GIGMBT5M,train
ID_I5Z6O9UF,train
ID_0EY35GXT,train
ID_TZRK3927,train
ID_VCCRET25,train
ID_12EY3V42,train
ID_XDVS7KGE,train
ID_UWMJGPX4,train
ID_05DD2ULZ,train
ID_72ECNUWL,train
ID_WLSVRV19,train
ID_DNTV84PH,train
ID_VJPKZUD3,train
ID_VSAOHB8H,train
ID_TSQV71TP,train
ID_KSQ4K0Y9,train
ID_UH2ME81E,train
ID_953HDSVK,train
ID_IB9LXIG1,train
ID_D34QQYTI,train
ID_UW82FVCV,train
ID_07HDKUKY,train
ID_TXICDY44,train
ID_B7CR3E0U,train
ID_4HJELQST,train
ID_5K31ER2R,train
ID_2BWIBOLB,train
ID_I9WFGITL,train
ID_OCC9TRTZ,train
ID_CMO6WZ9H,train
ID_TU9K87AY,train
ID_YMOIEI87,train
ID_DWR817OS,train
ID_BQ4NLI0W,train
ID_OK4LJF24,train
ID_ZZT7KP1L,train
ID_BXSS2XAY,train
ID_VBERC5OO,train
ID_46S1BD7G,train
ID_HDYJ5Z9R,train
ID_PT32Q2MI,train
ID_GI1LF7ZQ,train
ID_3JNC1EX5,train
ID_NSOKLD0A,train
ID_0LKHK54M,train
ID_HBJLD6EN,train
ID_1ZEHN9QG,train
ID_I2OWHJC6,train
ID_5JYM40RS,train
ID_XVN3SQQH,train
ID_U9Q73CP4,train
ID_UW8UA5RW,train
ID_ROA150TV,train
ID_ASQ5A3LX,train
ID_2MNKO8FO,train
ID_7LSTN1ZE,train
ID_EOWA30PS,train
ID_2Y4JELWV,train
ID_WHR5L25T,train
ID_TPGKX6KU,train
ID_CHX3OF54,train
ID_HT1DL2F5,train
ID_RSCFVFD2,train
ID_DN13Z45E,train
ID_KEOR9YMS,train
ID_CEFU48LU,train
ID_H8426UYU,train
ID_RLPB0HSL,train
ID_4YMPWMHT,train
ID_3UNDWI65,train
ID_RVLN8ZI5,train
ID_HU03KC8I,train
ID_66DNS7MG,train
ID_MMN2P7T6,train
ID_DMAO9L4F,train
ID_MCNHZOTF,train
ID_LJUA1Q4R,train
ID_EEJPNYO0,train
ID_ERP6JWIS,train
ID_5O38EUZY,train
ID_N1P6YQI7,train
ID_G7J6UNLB,train
ID_XKLLUYVI,train
ID_SKQH4K1L,train
ID_27ZJFGCP,train
ID_7T262PXK,train
ID_CFMB429C,train
ID_S3JRZLQ0,train
ID_04384TW2,train
ID_W4C9LHL1,train
ID_R7GQN7YS,train
ID_KGW5QHWP,train
ID_4I8I4O3A,train
ID_FJZNPZX8,train
ID_N8OKBUZS,train
ID_LRSXNDE1,train
ID_N9FY73NR,train
ID_PBXHW0TD,train
ID_9I4FMON9,train
ID_6X1EZMR8,train
ID_APPK3K82,train
ID_IAM2V9OF,train
ID_G6XOA7QY,train
ID_BSHMD073,train
ID_YOJLVU75,train
ID_888EBUYE,train
ID_M80CI0LK,train
ID_H1NVI8U5,train
ID_KMNGYJSJ,train
ID_0237NU0K,train
ID_DJTVG0MD,train
ID_NX8ZJP1L,train
ID_4Q6ATQTI,train
ID_HYPAK80C,train
ID_PLPM9WAH,train
ID_G41SJQ4Q,train
ID_QM4E7WFI,train
ID_PB396V66,train
ID_02BZ62J3,train
ID_CB2CYI54,train
ID_7SP5VC28,train
ID_38KG1IVI,train
ID_F5U3XN8T,train
ID_1IW0DT7J,train
ID_BQV9QIXI,train
ID_L5GYVBQQ,train
ID_72IE593Y,train
ID_GTJMF07Y,train
ID_POX36CRC,train
ID_NMAQQWBJ,train
ID_H8Z6NFYX,train
ID_5UEMJI6J,train
ID_KNQ3D7NI,train
ID_S3NG8TVR,train
ID_JD7YU9IP,train
ID_OP2LAV2U,train
ID_LJW3PIRI,train
ID_YQJ6VMCF,train
ID_3U7B1VL7,train
ID_0Z9MSMTI,train
ID_6NTEQ6HQ,train
ID_FARXUFM9,train
ID_1RI1RD4J,train
ID_2NB7I1N4,train
ID_DJKBHMIP,train
ID_5GT6LYKK,train
ID_SHHQ4HY6,train
ID_HL68E0VN,train
ID_7PP4265Y,train
ID_K05SFC26,train
ID_918TJJHL,train
ID_GGHZ0TY4,train
ID_5L1NNS9D,train
ID_5P46FQJW,train
ID_05SFP94Q,train
ID_NXDYU9VW,train
ID_1P86OL78,train
ID_UZE6KCU4,train
ID_QTTATTY0,train
ID_RT596IDL,train
ID_M24TQ9VN,train
ID_79XQZ7M7,train
ID_34BRMZ6R,train
ID_W60D89YU,train
ID_UWSWFQOT,train
ID_5ZIGMI1C,train
ID_LFEZ7V6R,train
ID_J5C81VV0,train
ID_ZFWQBK0H,train
ID_V42L0260,train
ID_QT1IQ60B,train
ID_CIXO46PH,train
ID_090FGT4F,train
ID_H10NGXC7,train
ID_G5VO8IA9,train
ID_Z6SWP26J,train
ID_QXHEBZ7Y,train
ID_OZI6EMVB,train
ID_TZK3VO89,train
ID_FGULRA15,train
ID_4JPG89OD,train
ID_RSYL5XJ7,train
ID_KAJ1CBMS,train
ID_X6SHU87G,train
ID_7120E61N,train
ID_XDQT7E7S,train
ID_6COMPIZA,train
ID_2A9P0AIJ,train
ID_OR2RO94W,train
ID_FQQC8Y2T,train
ID_L45PQ749,train
ID_NEBCAR5J,train
ID_E5QZ9IY6,train
ID_JW1GKAON,train
ID_AU0QQIDI,train
ID_XK2DC3SK,train
ID_N0HW9VN0,train
ID_B1GVINDU,train
ID_776K6EU8,train
ID_IJHH8M48,train
ID_E5AYXX10,train
ID_RYVZWVLJ,train
ID_YIPE9HPE,train
ID_PE9YNVJP,train
ID_F8YF08YB,train
ID_VDFDC7DG,train
ID_DNVDQHCE,train
ID_C3IDCLLK,train
ID_5AQY7VVT,train
ID_29AJ615M,train
ID_KZJEXHVE,train
ID_E9WTKYVV,train
ID_U70C6ECF,train
ID_6Q307WK7,train
ID_CW0DXHIO,train
ID_DNQ6LVNK,train
ID_V78VC2GL,train
ID_6PP99B69,train
ID_Z8ARLFXX,train
ID_CNFTNNVB,train
ID_51GP6O4G,train
ID_05G9F711,train
ID_G2OUWO82,train
ID_ZFU7KOGG,train
ID_UYDJ32YN,train
ID_O3Q25G50,train
ID_RW8U7MFG,train
ID_WML2ZE37,train
ID_S8MJS77N,train
ID_S9DGG0N4,train
ID_1U7MZAAR,train
ID_USEYH1DC,train
ID_XP3C8NPV,train
ID_DWAIW9VW,train
ID_WX0NVZ1H,train
ID_FBSXK6CM,train
ID_B0EAO1OS,train
ID_CVBWH6N2,train
ID_F0L73F2T,train
ID_30WMMKJG,train
ID_YBMGULD6,train
ID_VJ9LJV2Y,train
ID_K56SA2TW,train
ID_7R9U5H1F,train
ID_KCYFUVJ7,train
ID_KRY3E0XN,train
ID_8ZNDF00P,train
ID_QYK1IMOA,train
ID_7HSQJCG4,train
ID_0Q84B8TJ,train
ID_X90KDETL,train
ID_6H3SRGY4,train
ID_7O28X1TV,train
ID_1G7NDE7N,train
ID_PMX0IGXT,train
ID_EG8F876T,train
ID_A9G234OF,train
ID_1MOGBG3V,train
ID_NYJ4Q9AE,train
ID_NKDX8MAC,train
ID_KFB61R7I,train
ID_B1OGV00O,train
ID_F8XKP6IF,train
ID_RF68MT6O,train
ID_JPJEBK9M,train
ID_U9BKQLN3,train
ID_4R46WIDB,train
ID_Z299XXIV,train
ID_YICZLSIR,train
ID_QQG2IDGK,train
ID_DITRRKDI,train
ID_OJRFORS6,train
ID_BP780PLY,train
ID_5XWHL9N0,train
ID_JKUK9V4I,train
ID_JP9L1GWN,train
ID_FJIYSD1U,train
ID_KDBOFGEA,train
ID_MVEMGYSC,train
ID_VUZPFS9Q,train
ID_12HTZKPQ,train
ID_4II805WG,train
ID_BRHABJOI,train
ID_95XSF3KB,train
ID_O8LLQZ04,train
ID_RDXXXO2Z,train
ID_VUDOH26M,train
ID_2YLS5VU3,train
ID_6GVP1LTX,train
ID_3XDMLK9I,train
ID_3PP6RUXJ,train
ID_HI7YPBJ9,train
ID_JW0BE4DF,train
ID_L2T8D670,train
ID_B5WCOOMD,train
ID_XI651YNS,train
ID_LAP7FIT2,train
ID_PTG0IJJU,train
ID_FCFKHFFZ,train
ID_ALKMF1ON,train
ID_RAYZMZDZ,train
ID_575HMM4V,train
ID_SBYGJPH9,train
ID_1P41HD0H,train
ID_X8STAHXD,train
ID_CQFWMDI0,train
ID_IYBC0HXY,train
ID_QB69PYOQ,train
ID_7OHIX0V9,train
ID_CN8DXGY7,train
ID_X8FU5GYI,train
ID_DEJ7IZPA,train
ID_GDXZWG9I,train
ID_VD51NXPZ,train
ID_R2GJQMXF,train
ID_JQZX5Q06,train
ID_9M73I8NI,train
ID_RS1PMTFP,train
ID_V0TAN9BZ,train
ID_WJL5PRC6,train
ID_VHAKSANV,train
ID_L2OXTFI9,train
ID_TQMG91IT,train
ID_0LBLSSY4,train
ID_4U567V34,train
ID_WARKPE5H,train
ID_IBS2Q70L,train
ID_GZQPRH8C,train
ID_8RX8QHR0,train
ID_R172ICZ7,train
ID_LAMNI9NX,train
ID_I28122BG,train
ID_1QQXFSW7,train
ID_8048VGPI,train
ID_74MKFZE1,train
ID_CUA9VZ6Y,train
ID_TKJ3ZZJE,train
ID_OW8NAGWW,train
ID_MOMAMKLX,train
ID_8II77JG1,train
ID_2WN3O094,train
ID_V874GYPM,train
ID_RQL1JHB6,train
ID_U5LGF9FW,train
ID_153NY01B,train
ID_CMBZGRWT,train
ID_Z2UHFGZT,train
ID_5HK5TLAN,train
ID_ECZJT87N,train
ID_NO1UIGDE,train
ID_C5PGXM2E,train
ID_GONEV8QI,train
ID_2TTGWKZ4,train
ID_TFKBJM42,train
ID_MBLANOKK,train
ID_BRP3ODB3,train
ID_HIU1MJKC,train
ID_7D9PEYAT,train
ID_DZSZAENZ,train
ID_NUFEGQLO,train
ID_59N52L27,train
ID_IWKXFPXA,train
ID_2H4WHEIP,train
ID_GUL5V1SG,train
ID_XPRY34UB,train
ID_ACKXXTSI,train
ID_XE57J3YW,train
ID_G6KIO8H2,train
ID_BTP2CIVB,train
ID_8IJSR498,train
ID_PCRZD76C,train
ID_S6UY9ITH,train
ID_5XHZZ1RP,train
ID_ERDND0JF,train
ID_ODZ8ZEET,train
ID_8Y5MG735,train
ID_57910W5A,train
ID_K5N6AGT3,train
ID_C9SLOO12,train
ID_CC9TB7Z4,train
ID_OP4FIAYX,train
ID_P2ROJAOC,train
ID_O0YXO8XB,train
ID_IA3W4O4O,train
ID_5UKZ78EM,train
ID_P55N3YR6,train
ID_NRN55M5O,train
ID_HC2R7DRH,train
ID_KAU0RJ2O,train
ID_QH1AYPVC,train
ID_3WSNFX46,train
ID_K12CLLPN,train
ID_ABYJG9S7,train
ID_TQL2DPI6,train
ID_C1I694YI,train
ID_BJFXG74F,train
ID_ROSH7KY3,train
ID_6152WZF8,train
ID_CNTRLPJX,train
ID_2V51EJGQ,train
ID_EE5P9EBB,train
ID_6Y1SD88A,train
ID_S0SCL31G,train
ID_19AON5NI,train
ID_11TE45WB,train
ID_U07HT93H,train
ID_RWX9OX8F,train
ID_PSM3Z6OI,train
ID_LQFFLE4C,train
ID_ZFFN87UC,train
ID_0XOEVGKL,train
ID_8XHNN6OY,train
ID_0AF7712P,train
ID_AHC6Q9O0,train
ID_DO8G8SHG,train
ID_VN00E2MT,train
ID_WX6OBQTZ,train
ID_CXB21FMW,train
ID_OFPH3Z8D,train
ID_2XGUFCPX,train
ID_DCILF9OM,train
ID_GJZ8QA8R,train
ID_LBGFRF9X,train
ID_OLYKC13G,train
ID_1IX0WYUV,train
ID_FUGPHVON,train
ID_PCNDVOWQ,train
ID_R1DIOT59,train
ID_840M2H41,train
ID_WL2970AS,train
ID_7TFGAMG9,train
ID_1Q01K3LM,train
ID_V9BEM7A2,train
ID_1ESCGVQC,train
ID_AGKFIQJV,train
ID_KBCJXB1H,train
ID_X3VFG31A,train
ID_WDR2NL9G,train
ID_PKXSHQ6L,train
ID_7ISGC2T9,train
ID_3THEMZOL,train
ID_6IQGYS3Q,train
ID_3X46ABXJ,train
ID_IDVJRTH4,train
ID_5R0HGLOV,train
ID_GVWPPXB0,train
ID_X2BZ7L8A,train
ID_C1W5CR53,train
ID_9UG45U1A,train
ID_MOF9K5VN,train
ID_BIUOF033,train
ID_SB0RDCX0,train
ID_2GZ7NPVO,train
ID_8GH4Y5AI,train
ID_JHAWK7M7,train
ID_9F7PXFLJ,train
ID_RH5U8ZQW,train
ID_5J10SSQI,train
ID_7B1CS0EK,train
ID_ZDQVQVTT,train
ID_FEIPWFY2,train
ID_41BNTY9S,train
ID_9EKCN4EQ,train
ID_SSETLXQ4,train
ID_25T93NOA,train
ID_DB6JTKON,train
ID_K0FT87ZN,train
ID_RF2EQG74,train
ID_IDHFW8DV,train
ID_G1NVWPSN,train
ID_VT5LOY54,train
ID_WDXFD671,train
ID_5D4U6HYX,train
ID_VVRGKQV0,train
ID_7VGOEZQC,train
ID_3BE1OEAW,train
ID_SVNK5M78,train
ID_OK8SKCVF,train
ID_4RS67IGF,train
ID_92BOFPGT,train
ID_C70W496U,train
ID_MSDA2H6T,train
ID_8E3SX547,train
ID_6MIXNGQT,train
ID_E9ZSG4XY,train
ID_GOCPV68P,train
ID_FIWUZZOI,train
ID_5W4WRHB5,train
ID_TYNNF3QO,train
ID_MXQ1WJW4,train
ID_U12ZRVTW,train
ID_GLJZKZE3,train
ID_74I38RSW,train
ID_GGV5R741,train
ID_96FNMYV8,train
ID_96JP3G10,train
ID_64WB2F2J,train
ID_R9GVM1PP,train
ID_NJRCCQ8M,train
ID_CWEUMGZF,train
ID_Y9DYG64W,train
ID_R13A2HV8,train
ID_WMGXTS2D,train
ID_6RZB4W99,train
ID_R5NG2WA2,train
ID_89VHR9GC,train
ID_366IXKPG,train
ID_JAREQHFI,train
ID_D22UOAMG,train
ID_J1ZHKDI2,train
ID_F1BPKZZV,train
ID_2JW0LGV5,train
ID_47R4HL8U,train
ID_U4OJK2ZJ,train
ID_BXW9VHDE,train
ID_TA8RRTFM,train
ID_T92PH3HF,train
ID_VOWJ3UE8,train
ID_4CXEM2BS,train
ID_D4Z3G20S,train
ID_A24JPH7W,train
ID_4T8UWUH8,train
ID_5KGR0DJY,train
ID_363NNXLV,train
ID_0B15SIJZ,train
ID_ZD8OQV78,train
ID_DT6ELK7F,train
ID_2W57YA9M,train
ID_6L44TRKN,train
ID_YN8AD13J,train
ID_9QU51KST,train
ID_WR4FHIZ2,train
ID_YWRBCN2R,train
ID_AKQ06LXH,train
ID_7GRG2TMP,train
ID_AEZPGU45,train
ID_8K4K693A,train
ID_AY4N6NFB,train
ID_9CPMBSZC,train
ID_NUU6JX7R,train
ID_7AGTPPCC,train
ID_BBD732TW,train
ID_TI6JSNMB,train
ID_MID430KF,train
ID_F7LM32YZ,train
ID_4HZE6XZC,train
ID_MDSBGJPE,train
ID_ZNYRBPMF,train
ID_OTN221ZN,train
ID_WJX0PKH2,train
ID_EI917IH7,train
ID_MW5QRO0H,train
ID_HNE96N6M,train
ID_AVBYO9Y0,train
ID_6OLOR4WZ,train
ID_2QF8VQCF,train
ID_35GKZ6NY,train
ID_N0N6509U,train
ID_HFTP13PX,train
ID_8U29A460,train
ID_OJ6OB9NE,train
ID_T40G1PRZ,train
ID_E2URS6R3,train
ID_PSL8JS7K,train
ID_US5557NX,train
ID_F2F8QMKI,train
ID_TNJV9UKK,train
ID_5Z4O1QQ6,train
ID_BJXFHFLZ,train
ID_I2WAIZFW,train
ID_YHR1MH09,train
ID_5H9CSNPU,train
ID_M00BM3LG,train
ID_ZEPKJL0K,train
ID_Y4HCTY01,train
ID_UHU95CI6,train
ID_8CVXJXTR,train
ID_M62RV9GQ,train
ID_BUGVN2E8,train
ID_2631X1MD,train
ID_CJUIXFF3,train
ID_IMM0YE0L,train
ID_48TUEJ78,train
ID_FULF17O8,train
ID_FX3EHZHZ,train
ID_25ZX4VMV,train
ID_2IBXM8C0,train
ID_OO86OL6O,train
ID_0KWM5ULH,train
ID_WLQ6S2SQ,train
ID_MDBNZ3UP,train
ID_08D03WYX,train
ID_J63TA9RH,train
ID_5XGA47X7,train
ID_5TOHY4ZN,train
ID_M6JG4NUS,train
ID_R6NT3F7W,train
ID_5DYGXVMF,train
ID_8NYQR16D,train
ID_7Y00FP7B,train
ID_ZBNZO46N,train
ID_IR3XHV23,train
ID_C372I4PJ,train
ID_FS4GRCGW,train
ID_NW4X37X3,train
ID_3JQNZA15,train
ID_L63KZ33B,train
ID_DMZ06L8P,train
ID_TF4TNLHW,train
ID_NSFK3VDW,train
ID_Y9FQU50I,train
ID_I282912L,train
ID_NITOUK27,train
ID_BJLFTPIG,train
ID_QG3BO66O,train
ID_LV8BDI63,train
ID_OSO8V1S6,train
ID_85S8EFLK,train
ID_B5582A0I,train
ID_TWMRG8W5,train
ID_U2OFG5ZN,train
ID_VWCLS0XC,train
ID_0ZBMMVT8,train
ID_B8GTYBRV,train
ID_18CVUEYH,train
ID_P5OOUKIE,train
ID_XJII0GVO,train
ID_HIVP7G5G,train
ID_45KO7XGY,train
ID_I0XL0OLP,train
ID_JSOGL3VB,train
ID_HC11BTKX,train
ID_OQTIUZ49,train
ID_NK3NI70J,train
ID_3M17H525,train
ID_0N04K9A9,train
ID_E9HDKNR4,train
ID_QT516YKY,train
ID_629GL1J4,train
ID_K31U9YU1,train
ID_FPX71SW6,train
ID_961EJHCE,train
ID_HUQCEWL2,train
ID_7SXJMU7H,train
ID_SV4MGNFL,train
ID_RJ3LSRMC,train
ID_5BWSXZ2G,train
ID_2PO6NYI6,train
ID_0V69KIM3,train
ID_8NBM7NYG,train
ID_FJJ1L2SW,train
ID_T7VJSRHI,train
ID_AU6BGTA7,train
ID_UE5SGJ5Q,train
ID_LPFCEUVB,train
ID_HXST31P3,train
ID_A397ZKJE,train
ID_H2L1F35A,train
ID_DHGXKDUB,train
ID_TMJDIH1H,train
ID_6YGR8HHU,train
ID_9LWN3ANH,train
ID_B9DYGSQR,train
ID_D0JDGVCN,train
ID_IUML3T79,train
ID_RRLGLW7B,train
ID_PZFHCQQF,train
ID_H0RB4L6R,train
ID_7012H5DJ,train
ID_65263N2Z,train
ID_M9GZ025T,train
ID_THFYHS3Y,train
ID_82SQDWQC,train
ID_X60CLHRK,train
ID_O05ZIWA5,train
ID_NUUQBO4Z,train
ID_0CJ6N60E,train
ID_JDNKXF9Z,train
ID_SAKFRKDL,train
ID_JLKBS59T,train
ID_5GZJ6QOG,train
ID_EXR78IRF,train
ID_KL2EDN24,train
ID_96SL42J8,train
ID_7ETLECZK,train
ID_JZ8NK747,train
ID_JL02E93T,train
ID_IIPITACS,train
ID_2MF010RF,train
ID_MXCXEG9V,train
ID_EEHTFDRB,train
ID_S2QHKVOO,train
ID_JTPT4WKY,train
ID_9C99UU8P,train
ID_4TZGVCIG,train
ID_L6MN9417,train
ID_2L79AQYB,train
ID_6UK72KBD,train
ID_WDV0CIZ2,train
ID_RCLN9OG8,train
ID_YBFSVUR1,train
ID_T615ZK92,train
ID_6K7F8CW3,train
ID_UET1X3QR,train
ID_EYYGKE69,train
ID_YY9U5AJL,train
ID_XFDSKUYA,train
ID_WWLXOLT4,train
ID_V38T6XA2,train
ID_8D1N7KER,train
ID_JRGZRB24,train
ID_ZURBKGWF,train
ID_I4XMZBXT,train
ID_QJL12P85,train
ID_KM5Q7JGX,train
ID_F9548ZO9,train
ID_ZFRAT49P,train
ID_ECKLLEIV,train
ID_WHUS8EN7,train
ID_PNN83WEF,train
ID_MQ0R3D9L,train
ID_NV2WKBJX,train
ID_QXSXWZH0,train
ID_CA4RPTW7,train
ID_KI834TUG,train
ID_UQ8W9NEP,train
ID_U8EY8ONL,train
ID_GIYN9AL0,train
ID_PCN64LGF,train
ID_CJ458SIA,train
ID_TAXKFJL2,train
ID_NYOXEFF5,train
ID_KE7WULJ1,train
ID_R9CN8TZ8,train
ID_NAIMDV7J,train
ID_41GYUV3N,train
ID_92ZS0H65,train
ID_7H53RCRA,train
ID_02ASWXOM,train
ID_SBVUNTSU,train
ID_XTAPSM9J,train
ID_J1N0G65W,train
ID_1R6BFGRY,train
ID_EAASINNF,train
ID_18WX9HJK,train
ID_XOOLQOE7,train
ID_LVYFDVOG,train
ID_C4NFDWST,train
ID_5EJHL9B2,train
ID_GSRLUG9J,train
ID_RW9AHLZD,train
ID_3TPIJZZF,train
ID_H7MIDSIK,train
ID_3TJ93DZ8,train
ID_363QZR0M,train
ID_NQ7Z7KIX,train
ID_XZCPBYEE,train
ID_N8YV8GU2,train
ID_3HKT2K30,train
ID_O5TC0AV6,train
ID_CX1LE5Y7,train
ID_7NAVRT0F,train
ID_SZWP0UJN,train
ID_PYB661ZW,train
ID_5ND9IM7W,train
ID_34RP27TU,train
ID_FIPDGZMB,train
ID_EBRD0HXX,train
ID_7A74NE94,train
ID_YLS97T3Z,train
ID_EH8211OE,train
ID_Y9E90M8O,train
ID_UUSUTLCK,train
ID_1YDIUGE9,train
ID_PFZ6YMEJ,train
ID_1DQP4CHT,train
ID_425FG6HJ,train
ID_8XLXQAMM,train
ID_P2K47A6M,train
ID_MFP524TB,train
ID_3M571M45,train
ID_RBKZZ07U,train
ID_EYL1SUWE,train
ID_87HQAOJM,train
ID_R8VP1QGH,train
ID_SRC0Q7FR,train
ID_XFZ15BIJ,train
ID_QSLXJW6A,train
ID_BGTXIFXT,train
ID_GTXSRDEH,train
ID_6NNZ0OSE,train
ID_162FZRUM,train
ID_7JGCVNSM,train
ID_1ABBR1FW,train
ID_XEJHO39L,train
ID_M9FS2KCP,train
ID_91XK68A1,train
ID_3GZF8SJL,train
ID_S7ZIKXUH,train
ID_V7WVGM0H,train
ID_P6OK29CC,train
ID_066W5Q6R,train
ID_I2EG9851,train
ID_28W9L51C,train
ID_GP01CB9V,train
ID_RK37QSFY,train
ID_EYSQ7NGB,train
ID_93XI4WBM,train
ID_GPHHLZ0T,train
ID_87NCJYYN,train
ID_KMYD2L59,train
ID_P7JZCJ6Z,train
ID_RR9AU84E,train
ID_N98OHQBV,train
ID_63TM4ONZ,train
ID_TRLOEBEA,train
ID_JIKW0D4D,train
ID_XBDKUO00,train
ID_F097Z5PF,train
ID_RDX8OM92,train
ID_YYHTGKK8,train
ID_N98FI7CW,train
ID_93PBW111,train
ID_G470UY04,train
ID_78VKJ1O9,train
ID_1HBBGXRA,train
ID_9046D3KQ,train
ID_OEUW5QZB,train
ID_XSE51RDH,train
ID_BMLKZP44,train
ID_X0WAYZXH,train
ID_9193H8BO,train
ID_Z40OJCK1,train
ID_L2DPLLPJ,train
ID_WWS9C30O,train
ID_CKQ8DQQT,train
ID_2H9LRQLL,train
ID_P0BGBYC0,train
ID_MSYGRFHF,train
ID_7TNBSIL2,train
ID_J4O9NFB6,train
ID_ZUDEM96C,train
ID_KM1IJV6S,train
ID_LGYYE2RD,train
ID_HPFOY6MX,train
ID_AHUU8J6Y,train
ID_5JKDG6OS,train
ID_0VEO3MWG,train
ID_Y260QXC2,train
ID_OM8E7LHM,train
ID_O4Y38K0H,train
ID_BQ7GA5MD,train
ID_504S0B9G,train
ID_TYCXP98F,train
ID_UJMVQ9PZ,train
ID_2825PRK6,train
ID_D5RL2G6E,train
ID_MN71FU3G,train
ID_S3HNK84Q,train
ID_U1KGN1UD,train
ID_JVMS39ZL,train
ID_C2KE2HGC,train
ID_JGYX6E0N,train
ID_Q54OCP19,train
ID_SY919NBV,train
ID_Z0S8N74H,train
ID_5EWEWYO6,train
ID_IHT27O9S,train
ID_MPIZTJSG,train
ID_XOFSEW5E,train
ID_T4TSSFNQ,train
ID_NLBG2BKC,train
ID_XKLU5FS2,train
ID_9E8HGS8J,train
ID_L21HW0P4,train
ID_7UI40IDF,train
ID_9SVK9WC1,train
ID_Z7NYKWPU,train
ID_D5JEN666,train
ID_SRI24BEQ,train
ID_5PERIF97,train
ID_QCNDBLEC,train
ID_H2VV4DTQ,train
ID_2HGZ1PWV,train
ID_YXSJ3XNP,train
ID_CM6OQH4I,train
ID_I4GCW3DY,train
ID_I3ICYFGV,train
ID_4LSZQBAA,train
ID_V6W7TY5T,train
ID_B0P96Z5S,train
ID_RD9Z829D,train
ID_TL7THBYG,train
ID_SQYR1IGK,train
ID_3P1R2W09,train
ID_81S5828R,train
ID_HRJU17EB,train
ID_Y5AJRIN2,train
ID_YH6KH5OD,train
ID_X89DDIWR,train
ID_2ABMTP4J,train
ID_Q25CVQC3,train
ID_53QKSHUT,train
ID_3UNY6LVG,train
ID_L1S7PL1F,train
ID_R899G1UO,train
ID_5QCEFBRL,train
ID_ISE1BWG9,train
ID_NPOMTNJB,train
ID_IFRGPZ69,train
ID_5BEMBQPT,train
ID_VWN0AYX8,train
ID_2Q6JFESG,train
ID_1Z533ZGY,train
ID_WF182KP6,train
ID_B0728HI2,train
ID_HMQJGXRC,train
ID_0PL7ZJJ2,train
ID_JQ3KLJPV,train
ID_9LG22FDX,train
ID_KEPMMQJG,train
ID_PEDY25UZ,train
ID_XPT5UUVS,train
ID_AJA4HR1U,train
ID_85FSPC9F,train
ID_9C3AXROQ,train
ID_ISANLQ6Z,train
ID_6A4M76F3,train
ID_F35Q8HGJ,train
ID_32CZXXLO,train
ID_NI6K5JJ7,train
ID_WMXGW092,train
ID_ZXEYWB5V,train
ID_6YCEMX2Q,train
ID_45RK89MP,train
ID_HR83UHA9,train
ID_YPD5QVYT,train
ID_E7EMY2I2,train
ID_25K8O1SQ,train
ID_PE92A3FX,train
ID_DHM1BMX5,train
ID_IT1ORRYK,train
ID_JDQ5VLWB,train
ID_MN7QT5GY,train
ID_2403W3HQ,train
ID_DKTEDHQ1,train
ID_9NYY95WN,train
ID_FLZ1B9C1,train
ID_JYLO0BGJ,train
ID_3RTX2X3Y,train
ID_OZ0LC6W5,train
ID_KUN0ABGB,train
ID_S4RWVGY4,train
ID_3WOP68XT,train
ID_NQJ100AX,train
ID_AMSX0W54,train
ID_URRDVVLC,train
ID_492N7YVY,train
ID_85XN3I5R,train
ID_FRUBZ43F,train
ID_ERJ44BZS,train
ID_YTZ0XENT,train
ID_KL6F00Y4,train
ID_97AVF1IB,train
ID_9POLH6VN,train
ID_GVUO766F,train
ID_1U8NUOCO,train
ID_JXAZVK7R,train
ID_BQ1TXTVK,train
ID_3WL3FKXW,train
ID_FEZS9OHZ,train
ID_USB47GTU,train
ID_GUW9Z8CW,train
ID_DRLGYR25,train
ID_7TLCBZJ2,train
ID_J40E4B4O,train
ID_EFU5BXG7,train
ID_9ORUB30C,train
ID_WZOZCA2O,train
ID_OXCF04MJ,train
ID_X0CAB7CJ,train
ID_T60CSQHT,train
ID_N58Y8PAJ,train
ID_PI1D4QN1,train
ID_Y4MRH0QT,train
ID_56NS0SHP,train
ID_3TJCDXQR,train
ID_VX8XKQ5D,train
ID_FXOHYRW2,train
ID_NOJHWI82,train
ID_70CS393J,train
ID_AFBFAB92,train
ID_GBM7R9XQ,train
ID_9GK4C5BI,train
ID_MGXKW161,train
ID_8MQIO4YT,train
ID_JEQKL4J1,train
ID_VUH36CKS,train
ID_BX2RBI6I,train
ID_1OR9OFJE,train
ID_PPKCSZDG,train
ID_YLH7TVWF,train
ID_T0L8O2GV,train
ID_QNI0A96Y,train
ID_0U7GYKXQ,train
ID_U2YT2TS1,train
ID_J33EEVOR,train
ID_8FLWNLTN,train
ID_B7CBCRR1,train
ID_2F8EBDCB,train
ID_54S0E84C,train
ID_BMQ867DF,train
ID_GCXMZHPW,train
ID_D969SHZP,train
ID_UN9BCZXZ,train
ID_K1BG5F4S,train
ID_KHSGKWB2,train
ID_1QYF74CA,train
ID_HU4BIXJY,train
ID_I42R2DHB,train
ID_QOGZLIYC,train
ID_8ZVOMDYF,train
ID_5EH15VC3,train
ID_QS1KBWTU,train
ID_GEHGHG2P,train
ID_AP619P3C,train
ID_W7XYN418,train
ID_Y2WFRHQH,train
ID_U3F9KLQ8,train
ID_3O6UT8EU,train
ID_5MA7UTCE,train
ID_2OWJZ6EQ,train
ID_12SD7TF3,train
ID_ENDVQ9F5,train
ID_P3I15DZE,train
ID_6B9VTFIM,train
ID_R00BQ5JK,train
ID_NVXQ799M,train
ID_A8HV5WOC,train
ID_AATQ2VOT,train
ID_5SJMX4ZP,train
ID_EHQCZ19Z,train
ID_L63KYT1T,train
ID_NIAYHF8C,train
ID_GOZ4ZX01,train
ID_CJ128ABE,train
ID_TPH5MAZG,train
ID_BMCRB6LU,train
ID_WV0J8UM3,train
ID_SQMMIVUM,train
ID_FI2SDX1T,train
ID_3NBQOPEH,train
ID_F4A0NS3S,train
ID_6ESO4APQ,train
ID_OCUI9ZOV,train
ID_3IRFE4JO,train
ID_SK8P5IGB,train
ID_XPLMFYOH,train
ID_EXMYBX7X,train
ID_GL5E3EJA,train
ID_U2PKKXO6,train
ID_B3J5IHA6,train
ID_F4FYTX7T,train
ID_GUP7AM4Q,train
ID_OFCP6S5V,train
ID_RQ5132O8,train
ID_MFHHXFIZ,train
ID_8HOK379K,train
ID_6Q55SY36,train
ID_2N1P3HYJ,train
ID_6RJ6U0HQ,train
ID_5G3E0Z7Q,train
ID_02ZQXY1E,train
ID_TSHCOJT5,train
ID_U5I15ZZH,train
ID_5WLX2BL1,train
ID_KM232KM3,train
ID_X9B70J7E,train
ID_9B4S8DQN,train
ID_R4F5YZP7,train
ID_RO7QJ8TG,train
ID_3Q3YKXV1,train
ID_HM2AYEE5,train
ID_G6K21VJD,train
ID_VHTX62I4,train
ID_51NYWFWN,train
ID_7V3411EQ,train
ID_UKIF08AK,train
ID_LOHEZIRV,train
ID_NVD8S7Y2,train
ID_RNX2QBT8,train
ID_LT9VVIAX,train
ID_MCCGEJ4B,train
ID_18CRFU94,train
ID_I7XJ2TC4,train
ID_0WS2L54F,train
ID_GRG1QP4U,train
ID_J9ZUDXZ2,train
ID_W360HC0P,train
ID_20R6VHTC,train
ID_48Z0CCN6,train
ID_VC605H4L,train
ID_Q2820564,train
ID_D6SPC9Z0,train
ID_P6V5JFPW,train
ID_LK3FHU9H,train
ID_A02D93ZD,train
ID_JJCG82MF,train
ID_V9BAWEX3,train
ID_JNP98DPY,train
ID_7ILENDMJ,train
ID_4HOUFZ6K,train
ID_SMF52IPQ,train
ID_S1BJDLCY,train
ID_RI9KZOCJ,train
ID_VC4GPH40,train
ID_0SFJFBM8,train
ID_6O67I1LS,train
ID_08UEX6EB,train
ID_07JPRHYS,train
ID_3YPXBWF3,train
ID_V2HZ4XUD,train
ID_YYNT2V8F,train
ID_28NA6OIF,train
ID_IBP3RLHL,train
ID_F16DKXSW,train
ID_56MT86ZZ,train
ID_XJ9HKGYL,train
ID_LMBAWOED,train
ID_4E9U6ZCS,train
ID_JJ63FBK9,train
ID_TR2NL31C,train
ID_L8QAJTJB,train
ID_E8RQ34WC,train
ID_2WYQ48MY,train
ID_KTJIDNF2,train
ID_AABUUQD8,train
ID_V95X0600,train
ID_0HHXV5JP,train
ID_DOREEUG3,train
ID_UWLSPLS1,train
ID_FA3KNSCX,train
ID_DF0486QM,train
ID_VGQDWL6D,train
ID_RJCKCHGF,train
ID_C5P00XF0,train
ID_NI97Y4LA,train
ID_NOV9C3VT,train
ID_84YAPKTS,train
ID_990H67YR,train
ID_YSP8GISS,train
ID_7S89LNES,train
ID_VGZCWKM9,train
ID_NZ9DCO8L,train
ID_A0WOBZUC,train
ID_NWS530WQ,train
ID_51OL02TW,train
ID_OFW2AIQD,train
ID_771ISL4O,train
ID_GQQUK7T8,train
ID_YJPOS3HV,train
ID_GZSBXA5Y,train
ID_SX3XIRRZ,train
ID_GY1SES72,train
ID_UT29MYYQ,train
ID_ANP23WF7,train
ID_994MG99S,train
ID_80LF28IP,train
ID_WA6ZN6C5,train
ID_NK1TF52T,train
ID_ZY8S3N39,train
ID_XYQFQOX9,train
ID_7BFOU3ZQ,train
ID_4E6ONB8Q,train
ID_UMGBBHLT,train
ID_36PP8A5Q,train
ID_EVACEV2K,train
ID_SPFUJI5H,train
ID_SNN7G98N,train
ID_AFAFJ4BV,train
ID_2N9EK0EF,train
ID_KAJ1AE8E,train
ID_FETUC3PM,train
ID_1CEUOSGT,train
ID_GMPOMKPY,train
ID_3I0WPX4P,train
ID_LSPFLEJ7,train
ID_H9O888F2,train
ID_5XQPUKKU,train
ID_COCDHPQ6,train
ID_PEDAJQH7,train
ID_5GBR90P9,train
ID_6R000KET,train
ID_OHT2FSKP,train
ID_788G1T35,train
ID_KTG1755A,train
ID_BQ98T521,train
ID_0CISYX8S,train
ID_BUGXVTYW,train
ID_ZUH03VJV,train
ID_QYDY5382,train
ID_YVVGW7C7,train
ID_BEE4CCWV,train
ID_Y3QIGBXC,train
ID_TFE5TTKS,train
ID_CGVERMKD,train
ID_ETTBH9QX,train
ID_BUXD3BRR,train
ID_M9Q4KAGT,train
ID_9PMCHGG4,train
ID_P2GMBJ3C,train
ID_VO8T05O2,train
ID_DY5Q3BYG,train
ID_LMS2CLJY,train
ID_3EERJMHC,train
ID_NZHMBZ5H,train
ID_MDWD9411,train
ID_4ZVOFLL9,train
ID_OAX0DMAV,train
ID_LPW8WGEZ,train
ID_PBS233IG,train
ID_A1PRZ44I,train
ID_9BF4G7XJ,train
ID_B8AZGMRD,train
ID_OMFVWU1T,train
ID_FORGAH5I,train
ID_XBZTH4JT,train
ID_VV9GQQQF,train
ID_IXMGKF6G,train
ID_R0STB519,train
ID_X8T181D2,train
ID_SQ05M7XT,train
ID_3DLWOBBU,train
ID_FL4QSWJO,train
ID_BRNV3BG0,train
ID_1O3JGZHF,train
ID_XYKSHQX1,train
ID_D92E4ZBT,train
ID_KGQ6E9PC,train
ID_9JXXDH7J,train
ID_UPBK5DCM,train
ID_GIZQZLH8,train
ID_83KSEOJA,train
ID_KHWTTTOM,train
ID_C92JPJN5,train
ID_FLHMBLBZ,train
ID_5GCNNDQW,train
ID_938AIHNN,train
ID_2E6I967O,train
ID_UVLHJ32Z,train
ID_OVDPXYO9,train
ID_GKHJQAEV,train
ID_TRQAQ5CW,train
ID_LKAG308I,train
ID_7YECZFWV,train
ID_IMXPIQYY,train
ID_TB8UJV00,train
ID_KWGF35P7,train
ID_200RM9T3,train
ID_FYRWXV5P,train
ID_FQBRLVP9,train
ID_5TAHI8E7,train
ID_5CRV0XLR,train
ID_I34PW18C,train
ID_P4P632V6,train
ID_W35NTJR1,train
ID_89T9I4RS,train
ID_LWLT18SW,train
ID_8ZR5P6KY,train
ID_7V8C9CWP,train
ID_EC4F4EPE,train
ID_ADN8AHYI,train
ID_F474335P,train
ID_F5XT9EEI,train
ID_I4D5EWUH,train
ID_E7JF2F2D,train
ID_HRQ6KH81,train
ID_X49TLCWA,train
ID_SR3BIH2E,train
ID_LRA6XAFA,train
ID_JRL04MWW,train
ID_XFQAXX9S,train
ID_IMXH1EXX,train
ID_2PT3TM13,train
ID_NY8FL1TQ,train
ID_SIYI59PW,train
ID_ZKOB3PV4,train
ID_ULQTU7RP,train
ID_BIXLB7H3,train
ID_O3SU5SF0,train
ID_9GWLDCC4,train
ID_A11AW79B,train
ID_ZMPB3XHE,train
ID_XQAQIK0N,train
ID_MHS6HPX9,train
ID_SEYKYGCD,train
ID_XT6TK2H3,train
ID_1O9RH999,train
ID_8A7ZYM7C,train
ID_EO3JZGL8,train
ID_4OHLXI66,train
ID_UAZYMJ3L,train
ID_XRNS1BCO,train
ID_GFQM71PL,train
ID_Z6S6VMQS,train
ID_SQJQFULA,train
ID_H62G1ASR,train
ID_ZLM9EF8U,train
ID_96APY1RM,train
ID_S9VTYGM8,train
ID_CLXQPH1A,train
ID_W5KUAF3B,train
ID_3J3DC4GN,train
ID_5271H3RI,train
ID_RO8PBGV9,train
ID_LS877YBC,train
ID_D8NEECM1,train
ID_QZ5R431F,train
ID_JQ0M00CL,train
ID_CU0SBHFB,train
ID_JI5XHFPP,train
ID_4GIL7TW7,train
ID_S2YURV8F,train
ID_JQE07V7F,train
ID_0ZKW82X1,train
ID_OZJXF99V,train
ID_LKHBLGYH,train
ID_K5D5UDCP,train
ID_ED0755AV,train
ID_44DV835B,train
ID_0PO8Z1G1,train
ID_F94JRAEO,train
ID_HW0I7RBN,train
ID_QCPNQZGN,train
ID_BZ1B22AC,train
ID_TU7L9QDY,train
ID_VHXX5HJ3,train
ID_DVJG8O9B,train
ID_AIW10G3T,train
ID_7NWG06TR,train
ID_GV9AI6R7,train
ID_ZPVAFP2J,train
ID_KNE04I4I,train
ID_V019J578,train
ID_Q1OIRV4G,train
ID_DWH32FEW,train
ID_4BH1SF0L,train
ID_DOZ3JHZH,train
ID_LL4OGBRJ,train
ID_YUS5X4P1,train
ID_W6799YED,train
ID_AG3R5H4P,train
ID_NKONAW4W,train
ID_ZLMYMT6K,train
ID_8W7Z4PPJ,train
ID_JJFH26DH,train
ID_GK2YHGW6,train
ID_39AB5975,train
ID_6AWMKJWM,train
ID_OQCACLUA,train
ID_80B8SAU6,train
ID_9SLK0WMH,train
ID_LGMPFSQU,train
ID_8GOMXN6M,train
ID_2VA02DPB,train
ID_G5FTMA63,train
ID_6KYE04OD,train
ID_3H7O37P5,train
ID_MSXUBRJF,train
ID_SFHZABLZ,train
ID_5U5AU92C,train
ID_UN7VRZY0,train
ID_DXURG9U3,train
ID_1UYBUV4W,train
ID_EFHFZCJR,train
ID_OF6XCHAM,train
ID_IX3D184X,train
ID_ADPSMDTC,train
ID_9GDAY0X1,train
ID_LBZBM6HC,train
ID_MZXQ70W6,train
ID_YPLFHA5K,train
ID_I2E4LO2A,train
ID_948V5LOQ,train
ID_3W4ZJ3EZ,train
ID_YFWKGNXA,train
ID_70Z5IVQ6,train
ID_NUPO35IJ,train
ID_1RUCT9HL,train
ID_CZG732GY,train
ID_KMPOYIFM,train
ID_DX6020BD,train
ID_B29UY0T5,train
ID_3X0Z25TZ,train
ID_DIW2AYTL,train
ID_HYHFRLQA,train
ID_TC9FZUFR,train
ID_R8WL536R,train
ID_SWEAZ3KW,train
ID_U68012ZZ,train
ID_RD764LJN,train
ID_DIW5UEUT,train
ID_HWVYCP8B,train
ID_K3BTK8HX,train
ID_KA3E6OE4,train
ID_HERLNBHG,train
ID_3W79FYMU,train
ID_47FLVPFS,train
ID_SK3CJ558,train
ID_1CM8H35B,train
ID_Z0VYZ3N3,train
ID_53L56YNG,train
ID_NZ4RHN29,train
ID_QT50FCRE,train
ID_GO815JR7,train
ID_8KH2YZ7B,train
ID_21CLRUYF,train
ID_R5UECZM8,train
ID_WJAVQK38,train
ID_ISWXK7JM,train
ID_L0ES2U61,train
ID_KBDG96YO,train
ID_WXGVBEEL,train
ID_5GW1GVOG,train
ID_XJCHP68G,train
ID_63ZTT7PJ,train
ID_BDUAPJQS,train
ID_993DFVZ6,train
ID_8IH9FV6I,train
ID_0EGDJ4EC,train
ID_RUBZN1SA,train
ID_Q2MR71ZQ,train
ID_Z4MNFQ7Y,train
ID_EMCWKHCR,train
ID_HHAFDS11,train
ID_5I6HOSEO,train
ID_VL8KPONY,train
ID_UN154XRW,train
ID_6P6ESTUW,train
ID_6GNX376D,train
ID_P1J6S7LR,train
ID_54H0T5PU,train
ID_FP5WH7YG,train
ID_Q982FKGC,train
ID_HE27KRUU,train
ID_KMN54YTG,train
ID_AXY5YLPD,train
ID_NEHJIQ90,train
ID_M55C1P0L,train
ID_NASUUND1,train
ID_9DF9GNIS,train
ID_1AM3KL7Y,train
ID_5N7H1OZ0,train
ID_6MJUOU5C,train
ID_ZRMW8ZNK,train
ID_UU7MUXTQ,train
ID_V9RH76ZT,train
ID_TD3L7GG4,train
ID_1NBPMX1L,train
ID_SWA0O17B,train
ID_UY811WXN,train
ID_L1JGVC5H,train
ID_78CMHCUB,train
ID_RD527WVU,train
ID_TVC5L5S7,train
ID_5EA4GGG6,train
ID_VTW1EOD9,train
ID_TGGIRHWS,train
ID_A8V4CQW6,train
ID_CMOA7UUN,train
ID_SU2G6CQH,train
ID_6RQYJV2I,train
ID_TYROT8I5,train
ID_Z1YBR9GP,train
ID_95SGE127,train
ID_H8A8TR2M,train
ID_NLKIZZVV,train
ID_385MMZZQ,train
ID_AM77UXV7,train
ID_A181BF1L,train
ID_HYL8GZL2,train
ID_C0NGVF6D,train
ID_Z6Q5C7IZ,train
ID_WU765N8C,train
ID_62LX80Q8,train
ID_QSJ88NG3,train
ID_KMZIZUGP,train
ID_NKSFI8IO,train
ID_9OCM5ARL,train
ID_OE3FT1Y8,train
ID_D84MBTXG,train
ID_OG0048CT,train
ID_AKA28CXY,train
ID_Q4NGMVFB,train
ID_NXILQ0YJ,train
ID_2UYZ7LIX,train
ID_CGDFG11L,train
ID_LJVYNWRS,train
ID_0LND0OBI,train
ID_ZGO5PPYT,train
ID_I689HIL3,train
ID_P89W79OK,train
ID_8WSO6H2D,train
ID_N4VXDVBV,train
ID_EZ6YUAWH,train
ID_X3NQFBKI,train
ID_441K8VYA,train
ID_32PV48JJ,train
ID_ASPVG1KW,train
ID_BIQ1R3YH,train
ID_MY7DY11I,train
ID_R0ZB781W,train
ID_D3ZKLC6Y,train
ID_K15WKIQ8,train
ID_CLU9HW7N,train
ID_777N80QU,train
ID_URPO54PR,train
ID_Y7AYMPNS,train
ID_T2GK5YFF,train
ID_Z3BZ8JE8,train
ID_NEC1X631,train
ID_QDH20Z7B,train
ID_GEYL96SO,train
ID_H6X4SHMG,train
ID_FRTBA3NV,train
ID_AFZNSW63,train
ID_IWMI0C6P,train
ID_LW98OSDZ,train
ID_M2DDWMBQ,train
ID_BMSO70CH,train
ID_B9HI2JP6,train
ID_OTDSMQH4,train
ID_Z60MBAVM,train
ID_L5RFTE7F,train
ID_FYGA4VGP,train
ID_UXYC70N0,train
ID_IBEZPBPN,train
ID_1LO3F577,train
ID_G7T62EGN,train
ID_0YDFZES3,train
ID_MBMLP11C,train
ID_EHM4ZNU6,train
ID_N0I2U9I0,train
ID_0IFAI49W,train
ID_O5B0M0ST,train
ID_MSGYHBRK,train
ID_5GP6BUB8,train
ID_QK27GHNU,train
ID_O5S4HKJF,train
ID_CRSZQ3OB,train
ID_Q4NK7LAU,train
ID_H12LP2F0,train
ID_WCUFXOW1,train
ID_SNU70QL9,train
ID_49OSG9MG,train
ID_XCBR42ZX,train
ID_JGGAEOX3,train
ID_XTXHZARI,train
ID_9G8027CM,train
ID_IMXL3S12,train
ID_7EP71RT5,train
ID_HS5QLIDA,train
ID_YZD7O8FN,train
ID_BNV949EK,train
ID_7ZXER9U5,train
ID_N06KBUOO,train
ID_MJYLB50U,train
ID_E3RG51E9,train
ID_DVJI4CRY,train
ID_HK5DMFXF,train
ID_R70YNZDK,train
ID_OIHPGDCU,train
ID_PEHUUQ78,train
ID_HSG0MDOE,train
ID_5IBFYSQC,train
ID_TU7H0YTW,train
ID_FWMID5TF,train
ID_OTXFPIK7,train
ID_HCSCI94Q,train
ID_1FTVTAGR,train
ID_6GBXUV4X,train
ID_HTVW9TOD,train
ID_AZ54BR60,train
ID_KMUDZO4D,train
ID_XMOZTZME,train
ID_30Y7LXV7,train
ID_FZOWWKKL,train
ID_0DGN5CSU,train
ID_G2D5006L,train
ID_QIK0WO38,train
ID_QTBS4PBO,train
ID_VYGFF3PV,train
ID_V0ERBJ1D,train
ID_FIISMQ9T,train
ID_1VY7Q56T,train
ID_GKTIYCAZ,train
ID_QMDK7HW2,train
ID_X8XMYVZH,train
ID_LWB0ZXOQ,train
ID_6E6K7LAU,train
ID_WF1MOMNH,train
ID_90EZ8R2L,train
ID_OUTMWI2K,train
ID_SKLY8XDM,train
ID_0PCC5PPO,train
ID_M4W0WT5E,train
ID_YPMEP6NR,train
ID_HR2Q1LB6,train
ID_N0U30SPZ,train
ID_5K04318E,train
ID_L8P3652Y,train
ID_YYCVVR10,train
ID_MPMQLFOJ,train
ID_JLX7O35P,train
ID_I90AG5ZP,train
ID_9I5KHUI0,train
ID_WRFUO3DV,train
ID_K7U490UT,train
ID_7O861KLM,train
ID_CFRMQGGL,train
ID_NX0MB5FQ,train
ID_XDYOZP9U,train
ID_0PEKO586,train
ID_OXZNIF9X,train
ID_U6KE2M5E,train
ID_YN9YA5BY,train
ID_0WS0CW69,train
ID_SRERN4CL,train
ID_MN4E5NR5,train
ID_MA3PC5M1,train
ID_VT9ZTSO0,train
ID_0HYYNNWC,train
ID_4HGZB6V8,train
ID_Q0J4FNBO,train
ID_3I4FO33O,train
ID_6MAD4PAB,train
ID_9EETFGPY,train
ID_U0J8CATZ,train
ID_X1TTJXRD,train
ID_8TTFDI7L,train
ID_9BF2G893,train
ID_3XWWOL6C,train
ID_UBVZM9WJ,train
ID_XDV22JQH,train
ID_6QAZUM0P,train
ID_8143VW9T,train
ID_0XMKSDVU,train
ID_ZSC2A6LO,train
ID_6KSSJB50,train
ID_UVH3L290,train
ID_DFJX60QB,train
ID_AIEVZDRV,train
ID_339WLSWW,train
ID_VLB6XEA0,train
ID_9O9KVUJ5,train
ID_Z94HFRVF,train
ID_EWBEP4T2,train
ID_5U06IRIR,train
ID_GNEIS60H,train
ID_ACAC7E8F,train
ID_H0MG5CWR,train
ID_VV8RTJK6,train
ID_C8CNN40T,train
ID_EVAFPIV5,train
ID_7852O4UV,train
ID_OJ9EMDMX,train
ID_0VN1SRMU,train
ID_H4X9UE8R,train
ID_KNB6B07P,train
ID_XHX98H70,train
ID_72CM20FD,train
ID_4PCNS8IR,train
ID_L20HTMAI,train
ID_V14U9FAE,train
ID_YKLDJ48H,train
ID_6JFJ0YUT,train
ID_B5KQVUTO,train
ID_5Q7HRHXY,train
ID_QG66HSAB,train
ID_I9X94E99,train
ID_YI24WPXK,train
ID_8OQITJQW,train
ID_ICKTPH61,train
ID_PI5TDLYK,train
ID_VRH983XE,train
ID_M38U0YBJ,train
ID_BQWNHUWD,train
ID_FBBOBIZW,train
ID_AT1Y3BKQ,train
ID_76O77WND,train
ID_XW5B1J8X,train
ID_ZBN7FRN8,train
ID_N9UBJXGD,train
ID_WD36Q92N,train
ID_3ELZ7VHE,train
ID_D2S21P04,train
ID_A8NN3TF2,train
ID_DK1YZZ0N,train
ID_4Q8YB6W7,train
ID_D3VZTE69,train
ID_YH643J1U,train
ID_7YLNR8M5,train
ID_42H3WNGM,train
ID_PV0GF8A3,train
ID_X9KRWYC6,train
ID_I1HRN7VG,train
ID_CL4DYAW3,train
ID_17J3Q794,train
ID_POAS63SN,train
ID_7657ZPFA,train
ID_V9URNJ1K,train
ID_3PVR36OD,train
ID_3FBIG9EC,train
ID_VB03N38G,train
ID_0U6LRR8P,train
ID_N3V5VAJ8,train
ID_WT2A81T9,train
ID_AJRLTGGA,train
ID_VWAOSHND,train
ID_GD7U04QS,train
ID_FI1QM72E,train
ID_1CS0TJ1L,train
ID_8L0LJ5SY,train
ID_GZ467ZMB,train
ID_7YVN4DBF,train
ID_TU54CSFP,train
ID_524TIO8T,train
ID_W3ERK753,train
ID_TSN1SHPN,train
ID_BWQS8H6Y,train
ID_HUUILMNS,train
ID_JFA3CQXL,train
ID_E9S7F66X,train
ID_RRC6QMZZ,train
ID_A93ASH1U,train
ID_704D3H1I,train
ID_4C0GU17L,train
ID_85G1F9RA,train
ID_C3XQBQXV,train
ID_DRR6MUGV,train
ID_4WSR7I8R,train
ID_GVU6KYFY,train
ID_8FQFUN56,train
ID_B3MALAWK,train
ID_O5EKD0KO,train
ID_W204920G,train
ID_7VJ3HSA9,train
ID_G3FN7F1R,train
ID_QUVP3O6V,train
ID_MWJLHDHK,train
ID_3XKCZJ07,train
ID_VYF7HF83,train
ID_UVQJDBE4,train
ID_LYLQGX7D,train
ID_4VLVQM1K,train
ID_2ES599VV,train
ID_132NWRMU,train
ID_B9Y8193M,train
ID_218L9Z7G,train
ID_YV10SNNO,train
ID_C0AJM5ZS,train
ID_GVGGNTUY,train
ID_WCP811BR,train
ID_1L5QKL5V,train
ID_8X81JSTJ,train
ID_1GPX73QT,train
ID_KJ0T44Y0,train
ID_ULJTMEUP,train
ID_16MW2S3K,train
ID_KIN7DVRT,train
ID_V73K0EH7,train
ID_DXFAPFMJ,train
ID_HMOEGQ2O,train
ID_ZC4ZZCSS,train
ID_6DBARTQJ,train
ID_A89CMWA9,train
ID_3FTMBSUX,train
ID_KP916OA2,train
ID_PPB52JM6,train
ID_ODF8BPI3,train
ID_1B9Y5BWW,train
ID_U4HUF4CY,train
ID_QECE1AUW,train
ID_IKONZACV,train
ID_AH9AESRE,train
ID_YJ69ONWE,train
ID_L7SZS45H,train
ID_X6OGCSVM,train
ID_MRQCXCKU,train
ID_YGOCLOM9,train
ID_QHNA65P3,train
ID_YTO5374K,train
ID_ZZ5UG9V8,train
ID_TF6HUTK2,train
ID_RKVKTV5E,train
ID_UDJS14FB,train
ID_UCFSCSXH,train
ID_TE8IOCJF,train
ID_ZG31423O,train
ID_N3YT3ASE,train
ID_QNT9N005,train
ID_O2OUM9DN,train
ID_DNYDK6TG,train
ID_I58U6SEE,train
ID_SQYUN5ZR,train
ID_11MMULUK,train
ID_VJ86NFH5,train
ID_M3MXHZWH,train
ID_PDRK4Q07,train
ID_I4R7CGRB,train
ID_6EJR62Q6,train
ID_WUAXQN57,train
ID_XNZW8EM1,train
ID_OJ65MNRF,train
ID_9P4N9T2K,train
ID_W9HQG0KL,train
ID_OUPGKPL8,train
ID_XONUH4PT,train
ID_4F6CIXH9,train
ID_LKAO8335,train
ID_V7M815NI,train
ID_5BPN4F3W,train
ID_0K5IKTQV,train
ID_TQ4J5ZFS,train
ID_9CRWDRGU,train
ID_T2I2F9AD,train
ID_PSW8K2UF,train
ID_7K9RP3X0,train
ID_3T75Q270,train
ID_XTY3KBWW,train
ID_GBT97EPY,train
ID_3QRN2LV0,train
ID_GTV447FW,train
ID_PCR861V2,train
ID_9QJSUORK,train
ID_605GUVNG,train
ID_BXEQNVNU,train
ID_3S29GI08,train
ID_UE9LHXFQ,train
ID_5YSJ7GTY,train
ID_TPAK1LWU,train
ID_CWD0L7NP,train
ID_2JETJUEJ,train
ID_XGWI2H08,train
ID_WTJ17P6P,train
ID_FRLDOC7R,train
ID_QZ0HXTFT,train
ID_DW71ZUZM,train
ID_2CKFJFU9,train
ID_I2BPKH55,train
ID_J9O1N4GP,train
ID_ZQT0B0MV,train
ID_JY8SE9EI,train
ID_QG2LDJ7X,train
ID_8IWYEHVQ,train
ID_3ONMR0I9,train
ID_FLDKVUJY,train
ID_UVN5G28W,train
ID_MF1I76IL,train
ID_YGI1X0M0,train
ID_6T82A8E8,train
ID_H0N8NYJ3,train
ID_HC0D13LI,train
ID_5S1YFMR5,train
ID_M0S32O8J,train
ID_OP1NN3IK,train
ID_XB4WR56F,train
ID_U946TYYT,train
ID_O1D1Z5GW,train
ID_RGEHV5VH,train
ID_ELRBR058,train
ID_3ZCONPDT,train
ID_1MZ75NXO,train
ID_LPG9Y4T7,train
ID_FBGMJKYU,train
ID_O8UDUPAG,train
ID_LGD65MCG,train
ID_BINVIXKB,train
ID_K7DOWLXE,train
ID_WNN78JZY,train
ID_IVC55DXM,train
ID_SF0TK4EW,train
ID_CWABXWPH,train
ID_9PR52UAA,train
ID_6LNZDQP2,train
ID_Q1RAYM1A,train
ID_I4LJN4TQ,train
ID_4U60KF4S,train
ID_9PE5N2IY,train
ID_V21D5W5S,train
ID_K5ETNYNH,train
ID_PF4UGF08,train
ID_XNE57KU2,train
ID_X9O858L8,train
ID_GRBVMIBJ,train
ID_3NPVXQF7,train
ID_EROYVAF2,train
ID_7LZO8T92,train
ID_K2EGWU1L,train
ID_VMF0ENA3,train
ID_IZTVD8OB,train
ID_O87C15H9,train
ID_CZRRYCR6,train
ID_P3DRCX7Q,train
ID_47K762B7,train
ID_H8ZXJXRI,train
ID_8TX7YPE5,train
ID_MSMLOTSQ,train
ID_XTVXPAPG,train
ID_50Y9HVZY,train
ID_4FFT4CLR,train
ID_4PFQ7HBK,train
ID_UQHBXRM5,train
ID_8TR2EBDT,train
ID_ETYAW4CT,train
ID_28TX9QJ5,train
ID_WMPMBT9T,train
ID_ELO5X4YJ,train
ID_QNKF3V62,train
ID_YE0WRC61,train
ID_E6A76H49,train
ID_S0J521VY,train
ID_8D56G7A8,train
ID_Z3UQ2QHW,train
ID_KXG91KFN,train
ID_CZ9QY9M2,train
ID_WYML6I6Z,train
ID_M3EO41NJ,train
ID_Z5366PXV,train
ID_KEA68ZME,train
ID_OMIIAVU6,train
ID_6SGWRC0T,train
ID_AS0L1D4E,train
ID_E57VICMR,train
ID_5UJRBRH1,train
ID_7IZS565O,train
ID_9ZW6H00A,train
ID_ZP0UFZ6C,train
ID_LJUKOKU8,train
ID_T5SJF1AB,train
ID_NRJUWBIW,train
ID_878QRX2H,train
ID_CFHUD4ZK,train
ID_3OWRQGGK,train
ID_B1RGYXOC,train
ID_PWG2FATA,train
ID_T79LVTEK,train
ID_SSMJTLZ6,train
ID_BJLP37A3,train
ID_I0BHTWTG,train
ID_T5QD54P3,train
ID_LMZT0FM9,train
ID_G50UW948,train
ID_MUDMY47F,train
ID_X17DDZ3P,train
ID_LB8JWKNH,train
ID_R2ARZCCJ,train
ID_FS6YIDPD,train
ID_RQDUGHJ6,train
ID_46OV7OFY,train
ID_9ALI1P71,train
ID_6OFSYC2Z,train
ID_I7SMOFKD,train
ID_9ZC4RGPT,train
ID_IQQP0O7J,train
ID_8R4KIG50,train
ID_BWTOU8VP,train
ID_IWCX39NQ,train
ID_4QQMMSBB,train
ID_9Y0NYARS,train
ID_WDU6SZV1,train
ID_OKAJNE8C,train
ID_EDFOTSWI,train
ID_IPJSYY2Y,train
ID_CXANKPJH,train
ID_AH53LYGD,train
ID_I2XO2EJC,train
ID_SAK8B84A,train
ID_UNEX9PFO,train
ID_0J2DOODF,train
ID_GDE9P6AQ,train
ID_DEWOM5GL,train
ID_X7CIVXIG,train
ID_1TXVV70W,train
ID_3VOJJYKD,train
ID_OHEYXF5Q,train
ID_SUKDBIMN,train
ID_8ATY7ZJ7,train
ID_UOQ0QD4D,train
ID_ECTANESM,train
ID_2LX9SPQ5,train
ID_YR37WX5T,train
ID_9WCPGSN9,train
ID_RT9FTJF1,train
ID_XN77CANN,train
ID_ZMXFX5OF,train
ID_66IU5YEQ,train
ID_BGNANEZA,train
ID_HSEO4I0P,train
ID_W1QBMTPP,train
ID_RWCT5ETM,train
ID_OWTOCDNF,train
ID_LIYXUYM7,train
ID_LA5SJP5A,train
ID_URYYATCZ,train
ID_9S98U0V4,train
ID_ALKHIDKZ,train
ID_CVQ3IC1H,train
ID_4P298JN4,train
ID_HYGCA1WE,train
ID_FSSPAONR,train
ID_STD4J3MS,train
ID_6UI8XZIS,train
ID_NZ95DV5X,train
ID_RCAU121S,train
ID_KXOX299D,train
ID_2JNB09BG,train
ID_KRMVBBMZ,train
ID_LM1KPZU2,train
ID_IH3HYHP4,train
ID_T2RYTHNG,train
ID_PM4NQ9O2,train
ID_RRU4XI9Y,train
ID_OUOCQU2A,train
ID_HH0QDQUH,train
ID_SLKIHCSD,train
ID_962V6KN3,train
ID_SV2FBE1B,train
ID_ELCXNM4V,train
ID_FHOORQFB,train
ID_DM6DB31C,train
ID_64AVZYQM,train
ID_UCVCFNGS,train
ID_0QOG90HP,train
ID_1HM5IKA9,train
ID_0OZA73KP,train
ID_S348Y9DB,train
ID_BHEX0Z2M,train
ID_3ZWV71TG,train
ID_4DBX5CGF,train
ID_E6DJJ75Z,train
ID_LCIDPGRC,train
ID_AZFROAWC,train
ID_DUEIGGUQ,train
ID_MRUIW4PJ,train
ID_CBEBP1GO,train
ID_BUA97P6G,train
ID_44STZGJN,train
ID_6ZI15N60,train
ID_D0DYCLVT,train
ID_R5ACLGIW,train
ID_WAVTNX3R,train
ID_B56YSQIQ,train
ID_GUN00H0B,train
ID_QL9B0ZGZ,train
ID_CET87ETK,train
ID_6FU1OJN6,train
ID_0ATGTQHY,train
ID_NZ5C3R5E,train
ID_W0GJYW2B,train
ID_DCGQ2AZD,train
ID_ZIZ2IPMH,train
ID_7U1C223Y,train
ID_5H6KVA5J,train
ID_BXZM2BLZ,train
ID_5GWJOD4S,train
ID_QG7W8ISI,train
ID_E1B69CJG,train
ID_7771OE3O,train
ID_NY5T5JFK,train
ID_ON17QDST,train
ID_PF5YJ1RH,train
ID_8RCJZCUH,train
ID_VW0BOK1F,train
ID_S48MQP6V,train
ID_32HE9NNJ,train
ID_5WZZM7IZ,train
ID_9HRFUY5Z,train
ID_SP5NP0SE,train
ID_M49D18KQ,train
ID_U8H4QM81,train
ID_DEKP4PR1,train
ID_Q6SYJHA4,train
ID_76CYYKI7,train
ID_KZR5V3VJ,train
ID_6DEWBD03,train
ID_WI8H72IR,train
ID_RMUMTCCI,train
ID_SD0F581V,train
ID_L58DHG4D,train
ID_SH5WUU7K,train
ID_RUS7BHU2,train
ID_PQU7P81N,train
ID_COXUMUZW,train
ID_S5GAH7X2,train
ID_X7SASRFY,train
ID_JQ0NYCM6,train
ID_HNHKYKSS,train
ID_IT978P5J,train
ID_OSCSUJ8C,train
ID_GMIHDTH2,train
ID_VLQUG2P2,train
ID_KDQXCT07,train
ID_KFFABSW0,train
ID_O6YKCFCC,train
ID_HO2CNQM4,train
ID_352AKC37,train
ID_ID0N9PN8,train
ID_QPF9XAMW,train
ID_HV9Z29VN,train
ID_R8QLV48L,train
ID_H921TMHU,train
ID_E96Z05Y6,train
ID_X8G5Z2H8,train
ID_FDYADIFN,train
ID_MAO99QD3,train
ID_EYRFJK6M,train
ID_PKCIHJWV,train
ID_3SMZTLRG,train
ID_7435YWOI,train
ID_3KHOXF6R,train
ID_TSZS7JT9,train
ID_7B2E3OTP,train
ID_FDXB2NP8,train
ID_L3I7DOYO,train
ID_15I17L8O,train
ID_YT3VXV4Q,train
ID_3C0Y4ODQ,train
ID_ACP49GCE,train
ID_D0U0GR62,train
ID_PXI83DVL,train
ID_M5RBWUS0,train
ID_YNV13MS9,train
ID_FGFYBNS1,train
ID_9572LLRL,train
ID_Y15FHZWV,train
ID_3RVSKJLB,train
ID_LP4CKJVY,train
ID_Q430K0EK,train
ID_QGOBYLG1,train
ID_1BPOW044,train
ID_G55UO4NP,train
ID_HBYVX5LG,train
ID_SQHTKWXF,train
ID_DSKDJGTG,train
ID_3ORR35CJ,train
ID_BWEDLBZL,train
ID_SI2WSN1M,train
ID_RZ7R2CGT,train
ID_SG3AH7NC,train
ID_ATT4R5E2,train
ID_ZRMEFCE4,train
ID_NFE64FFX,train
ID_1JZXHK8R,train
ID_HE0SMU3J,train
ID_MOKNMWXS,train
ID_UG04Y92R,train
ID_2ZB37W5E,train
ID_BSG8QNQ1,train
ID_PXR6HTCF,train
ID_H0PGU3S1,train
ID_RQ2AQXV1,train
ID_XIOL62CA,train
ID_RR83FBUN,train
ID_4H0PHB7S,train
ID_ILE338RZ,train
ID_Z1LX42QN,train
ID_K2ANGNN0,train
ID_9B7QR4HQ,train
ID_V4F1YKVP,train
ID_4KK0X0WP,train
ID_1Y23ZRKD,train
ID_FL2HQKW9,train
ID_NDRKAX33,train
ID_UGC23CAD,train
ID_731SCSHV,train
ID_1SB7U8WJ,train
ID_86C3H1WW,train
ID_MM93FJD6,train
ID_8PGSGXEE,train
ID_KXECMLRX,train
ID_RRKQOBS7,train
ID_E90ZSBPU,train
ID_VFXKQERI,train
ID_OLJ41IJC,train
ID_32NID7MN,train
ID_O35FTLN1,train
ID_7KKVUVIN,train
ID_LHY99DV7,train
ID_5C289QOL,train
ID_L5WLQ2TR,train
ID_IWFVA3JZ,train
ID_5M8AGULV,train
ID_8QPDQGQ9,train
ID_Z8VQ09ML,train
ID_YCN1VJ7B,train
ID_O3MSM1X3,train
ID_4KA7L7U2,train
ID_BN1PSYCN,train
ID_0PDJ1SVB,train
ID_ZXFBQ9BG,train
ID_GC4ML2GB,train
ID_Y7Q3BK06,train
ID_X9RPQJP3,train
ID_ONG9B9NQ,train
ID_RZQ51S65,train
ID_CGLHPHN6,train
ID_ZPCJRTJ7,train
ID_ZYU6494L,train
ID_YI4COBPW,train
ID_LXGR1CWE,train
ID_KKOKH0FP,train
ID_DVBQR5ZJ,train
ID_82DLMYV1,train
ID_45R2UATC,train
ID_ODRGFVKI,train
ID_IPOE7MH0,train
ID_TZTH93U6,train
ID_V4ELE90S,train
ID_8EXFS82Y,train
ID_KLYL8SIA,train
ID_EB4HY9M5,train
ID_K1TC28A6,train
ID_CD0SVVWH,train
ID_34CIHTPU,train
ID_N5O2OEEN,train
ID_XZU1V4SI,train
ID_SGXCD43H,train
ID_NFXD7R7C,train
ID_T5LF6U9M,train
ID_KAK89DG1,train
ID_4FSN37TB,train
ID_NUL08EAV,train
ID_8E2QYG3O,train
ID_PPLQJZT8,train
ID_PXPMU0QM,train
ID_1D4ODGYV,train
ID_GNYPJKP4,train
ID_I9MSAMLW,train
ID_OH6EL8LT,train
ID_MGGNQ7GT,train
ID_471DVBUY,train
ID_3M3FA0HV,train
ID_ZNXF3D9T,train
ID_EH88LAPA,train
ID_E6R115AS,train
ID_F66U794R,train
ID_5S7FFKVN,train
ID_8PV3DUD1,train
ID_87Y3YU1N,train
ID_1UBZ6Q3X,train
ID_9Z2WEV9P,train
ID_UTLT8LMX,train
ID_4VNM5LPC,train
ID_ZB9SDCSR,train
ID_U5JWCEN8,train
ID_OF0P1C2V,train
ID_TOXKP3FB,train
ID_7Z2GH14E,train
ID_HW0LSTWM,train
ID_6AW1RE7G,train
ID_8RZ3PHVM,train
ID_2H0U0O9H,train
ID_21CLJP9I,train
ID_V39EGUMF,train
ID_B3H6PV7G,train
ID_DBRMOFDH,train
ID_A3W2VLN3,train
ID_3083I1XL,train
ID_6XG0OHZJ,train
ID_FSCPMWAF,train
ID_XONQXQQ1,train
ID_G0LIEEA5,train
ID_2Y4TWVZB,train
ID_XWM9QPPP,train
ID_YUN1TXZD,train
ID_DMTBF9HD,train
ID_8GW1X81T,train
ID_VGJB8QYN,train
ID_ZX198JCG,train
ID_5VXODVRL,train
ID_7R8Y7CS7,train
ID_9MWL787X,train
ID_SJ7UJKFD,train
ID_2GRPSM4J,train
ID_HV0NSV1O,train
ID_N7AN644I,train
ID_YGEV7LEI,train
ID_FBV6234L,train
ID_TLRJOLS9,train
ID_HFOM7RX0,train
ID_UXDTIB25,train
ID_LDLTZMAF,train
ID_6G0DEDD6,train
ID_1MZWL90U,train
ID_LI2HIN9J,train
ID_SUOIUX29,train
ID_263TRK9B,train
ID_EOP2W0DK,train
ID_ZVCIGNFH,train
ID_8YHL75OJ,train
ID_P9LY11DT,train
ID_06DDSAID,train
ID_HAR6BY8Y,train
ID_6V0UZQOZ,train
ID_ER83G3UO,train
ID_ZZTGLW0M,train
ID_59INE95T,train
ID_PR3UV12K,train
ID_XDPAS829,train
ID_S96JDW0V,train
ID_11ZQ4TZW,train
ID_QOW50CRB,train
ID_IDBKZYZ5,train
ID_B83BP37G,train
ID_DTXX6P3A,train
ID_ROPDWHVX,train
ID_6CCMWLJG,train
ID_UMHUJ1V9,train
ID_NFXBL4M5,train
ID_QOHIEK2R,train
ID_98165PFH,train
ID_6C0FAQJF,train
ID_WBHHBST3,train
ID_NXRC7AVL,train
ID_V0ICYERR,train
ID_PUSLE1AX,train
ID_7YBT29KG,train
ID_J25TNDHD,train
ID_Z0H63MNL,train
ID_GYUWRDUT,train
ID_ZAHW4WZK,train
ID_ZI1CUAYT,train
ID_KVATC9SI,train
ID_233EUPZZ,train
ID_ZL9CJU34,train
ID_KVI0ZM5A,train
ID_MIQX4N1R,train
ID_ANFA1D61,train
ID_37KF2G6E,train
ID_VS7W7C7F,train
ID_B1R0VZSS,train
ID_IXG5885L,train
ID_41FPVEJ6,train
ID_PLB906IO,train
ID_JSN23HQK,train
ID_7LBT31VN,train
ID_14WJ2G5F,train
ID_MDNMXL5F,train
ID_45M8IV9H,train
ID_CNPCVE3G,train
ID_JXKUCDBT,train
ID_Y7VGO010,train
ID_W31H4441,train
ID_SWHKTS0N,train
ID_CTPTPM3N,train
ID_9U9DBPGR,train
ID_0QY268M9,train
ID_5SI55H9I,train
ID_WS0AA2UY,train
ID_1LPMU7LL,train
ID_940O8P3V,train
ID_KNSIWDJ1,train
ID_5945D55K,train
ID_2B2RL3AM,train
ID_YYYRY1BN,train
ID_SXKA47WT,train
ID_2H2OVNEY,train
ID_D8XUCFMP,train
ID_KNV29K6L,train
ID_P6O05POB,train
ID_NLX21M0X,train
ID_FWS6FOWE,train
ID_HE67YJWE,train
ID_UOYV2IT9,train
ID_BVPPHR1S,train
ID_E0XC4R3X,train
ID_YXS6AWS5,train
ID_C4XPKN0D,train
ID_72Z2VLG5,train
ID_EZ0O3ZVF,train
ID_MT0OMN3Y,train
ID_NJ7V4B5E,train
ID_B9GCVI0M,train
ID_1JKB6BIH,train
ID_AXZQYYKS,train
ID_LNMCWTA7,train
ID_7M4TS8X1,train
ID_8IRWVNZV,train
ID_9E4LYGKJ,train
ID_JFW9OA7M,train
ID_D5OG8VO1,train
ID_9650Q506,train
ID_JRVCDIYK,train
ID_PH2WEF5K,train
ID_YSDUTL65,train
ID_RWC6BCAP,train
ID_FD6KABRV,train
ID_96KST9YR,train
ID_SZ72B5W6,train
ID_7LD41OI7,train
ID_PFW4Z1BS,train
ID_4QU3X2TY,train
ID_4CDSKWIJ,train
ID_TYR3P5JX,train
ID_98F2NFFG,train
ID_NK3UYVAJ,train
ID_9Q8QMDLY,train
ID_TXWT8POR,train
ID_E7VLGNY8,train
ID_IJV3H0Q8,train
ID_CPRUW1FO,train
ID_1LOKEQBT,train
ID_NILWJTTK,train
ID_RXDSGUUF,train
ID_8CUG1JQW,train
ID_PJFP7KLL,train
ID_1OBNEL01,train
ID_OXM63UD4,train
ID_FXJCXO2R,train
ID_9PXWBU88,train
ID_0WCZ12GT,train
ID_29QIQ4XT,train
ID_A411GFK4,train
ID_V6G62RMN,train
ID_N75RAZCC,train
ID_SQO8TBBK,train
ID_EX5GI7EH,train
ID_MDCHE43X,train
ID_8M1HAM2A,train
ID_JG1HYQTF,train
ID_ID13XDT4,train
ID_HD24D1VT,train
ID_8TBUWU18,train
ID_T835ZSYW,train
ID_B6S4F2WK,train
ID_FUYTEQIR,train
ID_IZU36B79,train
ID_KFSHGWRQ,train
ID_8HZD2PDF,train
ID_W5PWCKE1,train
ID_MMNNJBUF,train
ID_6KXHMP6T,train
ID_N6ZVUWYC,train
ID_ADUWW7BI,train
ID_I32U8EJ8,train
ID_6Y0QX848,train
ID_QDCJGEQF,train
ID_2FIA3XJ5,train
ID_101JHIMN,train
ID_E2429IQL,train
ID_5LC4R5CH,train
ID_4FJONYMM,train
ID_HB0DWLIK,train
ID_22K5V6RS,train
ID_PS8TYHBT,train
ID_BXJPTTUO,train
ID_L0BF6O78,train
ID_69AL11Y7,train
ID_1Y5R64AS,train
ID_31Q0ULBJ,train
ID_C8N2V8IW,train
ID_1IPC6VW6,train
ID_6I5QY2S8,train
ID_1UVW0KCM,train
ID_G9GSN6LE,train
ID_5VKP5F78,train
ID_C4UMO0KN,train
ID_HLI0CVDH,train
ID_9UYEFTHD,train
ID_RICMVTLO,train
ID_V2X3KJ9W,train
ID_073WQGNC,train
ID_6TADR2E3,train
ID_TZUJ5VD2,train
ID_CFSK13EN,train
ID_37XQ85T5,train
ID_4GZ80PUN,train
ID_YD851S02,train
ID_ZTPK81XD,train
ID_KEK12T3I,train
ID_4EBEW72R,train
ID_X2MH53C4,train
ID_JIZOULI4,train
ID_R997QIGT,train
ID_BIR7N9OE,train
ID_4YIKP7PU,train
ID_6WVC2E58,train
ID_5CNGON8Q,train
ID_WYPQGO6E,train
ID_CXI8FD07,train
ID_IIFJ8OE7,train
ID_IX4625NU,train
ID_VTPS5DSN,train
ID_Z0DD0HU0,train
ID_5LHU2DS5,train
ID_IMXU5X7B,train
ID_Z1N5C003,train
ID_KIG24DZS,train
ID_T87LRY3N,train
ID_RQ25AQSB,train
ID_2IXMVP1A,train
ID_XMFF8TB7,train
ID_BL8ACKUN,train
ID_CNXU37RQ,train
ID_S06JZK7M,train
ID_RIPBEA48,train
ID_H5YYW8CV,train
ID_FHAAM850,train
ID_CQMCUP9D,train
ID_EAEVWFLJ,train
ID_W7URWUT0,train
ID_9TXPGXCU,train
ID_I5BPZI26,train
ID_LHFQLV36,train
ID_1CBPGC1R,train
ID_43RJSQUA,train
ID_KZPM2P96,train
ID_DEA3QIBX,train
ID_07RMDNW5,train
ID_XQPZCWW9,train
ID_FP627LOB,train
ID_KPVT0AVX,train
ID_SS8CJ5G4,train
ID_22D68E9T,train
ID_DY5KB9JP,train
ID_4N8U8SHY,train
ID_2P393DJW,train
ID_AI33B59G,train
ID_SJMHTQ3W,train
ID_4BQ7XL78,train
ID_KDEWJ8DF,train
ID_1FVEQ2XJ,train
ID_V2UK49YR,train
ID_YX7BMCN0,train
ID_7XP9BTQX,train
ID_4ALNJQO9,train
ID_WM0ENVQO,train
ID_JNIX5UTT,train
ID_JVFBXRG1,train
ID_Z7EC38HW,train
ID_8G3NRHAU,train
ID_14MGNS8T,train
ID_0X76NW9H,train
ID_IDLF1IE8,train
ID_FLOK9M8B,train
ID_MLWWWL35,train
ID_ZXPF86I3,train
ID_FHAPN9HT,train
ID_VEYR3NPV,train
ID_2L6V7UZA,train
ID_XU4WG3MK,train
ID_X8283DKR,train
ID_QWJZ45UM,train
ID_L86RGSI0,train
ID_IE36C5V3,train
ID_N9LLHERB,train
ID_9AGR0QJW,train
ID_ONQF2TD4,train
ID_50F7UWVS,train
ID_K3B2YLDI,train
ID_DTC3AHFW,train
ID_TZ37GEGT,train
ID_3F60I9JE,train
ID_2G2BV4KB,train
ID_FXWCUSU6,train
ID_H9JF89PQ,train
ID_HUKU82XO,train
ID_SL73WXES,train
ID_S9NPL7OL,train
ID_MTSE2F35,train
ID_67MZ6O9S,train
ID_PVB1OYDN,train
ID_0WVYULDD,train
ID_GBAFTRYN,train
ID_9WV502SZ,train
ID_JHL76H6X,train
ID_76N865QX,train
ID_HW62CYUR,train
ID_QXFS1189,train
ID_MHV1SMW6,train
ID_10VMQUVE,train
ID_FR40YJX5,train
ID_DMU3PCG1,train
ID_4YK7P2VT,train
ID_Q1U7RNMO,train
ID_21QLUD9L,train
ID_ST29DXQI,train
ID_QCLOHIL7,train
ID_8Y1BSWWU,train
ID_NKW5398Q,train
ID_Z2DAZKW5,train
ID_CFKVSE1O,train
ID_543GXN7Y,train
ID_Y4UU50Z4,train
ID_DKQDWMJ5,train
ID_QP7W8Z7H,train
ID_IM95470D,train
ID_H293CZUZ,train
ID_2UAN2F37,train
ID_WT6S0THG,train
ID_420AKEHR,train
ID_GFKN94K8,train
ID_10CT46CO,train
ID_YMA472NK,train
ID_YOAW07CI,train
ID_2EUD6NZZ,train
ID_PBFV6MIH,train
ID_S83XZ9N9,train
ID_U7J22QW4,train
ID_2SK1EXW3,train
ID_HQKEG389,train
ID_HF9SXHQQ,train
ID_AO7U2Z8I,train
ID_014OPH9O,train
ID_29GAPV23,train
ID_4282LQ1Q,train
ID_JEOB0GLU,train
ID_T4TU6DCC,train
ID_5XCS8V3O,train
ID_O75U4U9M,train
ID_V6VCZSCC,train
ID_0KT9UQPK,train
ID_A1XOIYON,train
ID_6ZFAPRJW,train
ID_D3GTA8JY,train
ID_IK5QAWSG,train
ID_1ZR8Q5ZC,train
ID_1DOSD4GL,train
ID_QU2DFB2G,train
ID_QBHE5WET,train
ID_LMFZCBNG,train
ID_SV7ZF8UB,train
ID_ZBAUB342,train
ID_KG3TYLAS,train
ID_E65ABO98,train
ID_3OTE4ZSX,train
ID_6U337FMC,train
ID_FZX0TNZO,train
ID_GXTWHQ65,train
ID_80LFX9A3,train
ID_47YOID1X,train
ID_358QFYJO,train
ID_WUH5429P,train
ID_K9GYHA5P,train
ID_R1GOMG4K,train
ID_J1646ZN9,train
ID_7U1QR4NP,train
ID_J1VDQMRU,train
ID_E15BOW0O,train
ID_OR0T4KN7,train
ID_4OKBAH9H,train
ID_T5SUVS2A,train
ID_TAU17ON0,train
ID_4VAGMILX,train
ID_FMO59M92,train
ID_CZ6GHW8T,train
ID_SL5MG6G6,train
ID_67GD2IWB,train
ID_LLTJ72M0,train
ID_X9J9GP6H,train
ID_N7E5SQ3R,train
ID_573CI6KH,train
ID_2K2B7W2R,train
ID_1ZII6OP8,train
ID_VRWL0A8Q,train
ID_0SVUNOPH,train
ID_691DABEC,train
ID_6135TOHL,train
ID_3BN3CH8M,train
ID_2N9YM5TO,train
ID_U3BW4HED,train
ID_SLXZ3P5A,train
ID_9GE7GYPN,train
ID_S4KIALG6,train
ID_PP9I20RY,train
ID_8AZRYI3M,train
ID_GE9F71M5,train
ID_H4M7ARHY,train
ID_16CIW8K4,train
ID_3DEBVG8D,train
ID_9HK6JO6B,train
ID_GXC50IID,train
ID_TLUTL2FM,train
ID_UV2W59CD,train
ID_JO284MOH,train
ID_OR7GQJOL,train
ID_PCC90XYG,train
ID_6MEHYS3L,train
ID_XA45RQ11,train
ID_LT6PZ8VJ,train
ID_QE4Y6VHY,train
ID_3SNC0S74,train
ID_B0CJEYO7,train
ID_CD0FWZSR,train
ID_FOY355MW,train
ID_FKFLUKL5,train
ID_KST7AC0P,train
ID_553A52R8,train
ID_GH46W2BH,train
ID_LQZLW48G,train
ID_CK2BET97,train
ID_67KMMZQT,train
ID_H9YEI7IM,train
ID_Z0YQ5G20,train
ID_35PUQZV7,train
ID_R2HUFQXK,train
ID_CF6N650E,train
ID_VTSQIUQX,train
ID_W4ZRXAJQ,train
ID_LF0GM1AE,train
ID_LBYL5ODA,train
ID_FVWB2X3B,train
ID_K80LTEG8,train
ID_GUG6K940,train
ID_CYXIQ4RA,train
ID_MRTYRUY5,train
ID_Y66TST9O,train
ID_ITXNF4IG,train
ID_A3OV8MVD,train
ID_HSJOM58Q,train
ID_QKG6Z4AS,train
ID_Q44JX1LZ,train
ID_MT1DU84V,train
ID_GRZFCCJ0,train
ID_J67008AT,train
ID_5R1XPHBV,train
ID_RR3TPUPX,train
ID_CQ0B3ZY8,train
ID_M60ZDKKZ,train
ID_US1EM7BL,train
ID_JDVLOAMY,train
ID_8QWWX6S4,train
ID_6LQHHOSU,train
ID_OKF7RRWA,train
ID_S0FEIR5N,train
ID_46ZZC7MQ,train
ID_XHWN8UPL,train
ID_KAYZPQUB,train
ID_HLZEFML1,train
ID_8F1OVRW2,train
ID_ND70Z7EM,train
ID_RXCPV2N8,train
ID_MMH3DFEK,train
ID_Q5O8E6BE,train
ID_NXSYV5T8,train
ID_AN7QZU4U,train
ID_Z6LS1RTT,train
ID_YG1PNGM7,train
ID_QTPRNIS2,train
ID_RZ99GOTP,train
ID_08RDJ0JH,train
ID_9YAIS7MM,train
ID_17VRTW4R,train
ID_0H63EIO7,train
ID_N8KTVOK7,train
ID_ZFHIUDSK,train
ID_VMR926X8,train
ID_5IZDXS2Y,train
ID_9E814TFS,train
ID_8CUL31MD,train
ID_8L3C311H,train
ID_C0KC8QKM,train
ID_4IZ4AQSA,train
ID_DACMV18R,train
ID_G4XO7CFJ,train
ID_SDN3WU0K,train
ID_QYKV7FOA,train
ID_MPA11H65,train
ID_O2R9ZEL4,train
ID_DT50EKYS,train
ID_K7JO4296,train
ID_E2X3K1I2,train
ID_OF24PXKM,train
ID_DX1IK35J,train
ID_XHN9U6LW,train
ID_7VECXWXL,train
ID_PH33ZF07,train
ID_MAOIR5MP,train
ID_A95DXIUY,train
ID_S8BXP7PH,train
ID_UBN3FB85,train
ID_OO61U9XV,train
ID_WSCXBJAZ,train
ID_OCCVSIMR,train
ID_1ATW49UF,train
ID_ME6RSF2O,train
ID_9ZW3EQ5W,train
ID_BCF0ZJAN,train
ID_I9H8A8LB,train
ID_5R7Z3KHA,train
ID_3S9VG400,train
ID_JS79JFXN,train
ID_MYA0H0SI,train
ID_5NDDBIV5,train
ID_XHF84ELL,train
ID_GBK0SOLR,train
ID_SRUI2WZ6,train
ID_DITYILDY,train
ID_MUEUA9GB,train
ID_PBYSBUAN,train
ID_I4CDINLJ,train
ID_JW49UBTK,train
ID_9208NSJR,train
ID_4J3FCPC8,train
ID_JICJ3N4C,train
ID_HKQ8NW1L,train
ID_B8UG19PP,train
ID_QG371HZ6,train
ID_GJ0B0GXS,train
ID_CF6903IB,train
ID_IRJ9DYW2,train
ID_WX05LK6O,train
ID_RZU3FX4Z,train
ID_2R3ZV7OW,train
ID_WUZRYWI0,train
ID_5S1NXQ2Y,train
ID_PJ9Z06JQ,train
ID_O8KNW1SU,train
ID_FBT5OK3G,train
ID_64FYY7FX,train
ID_K3XSKM90,train
ID_U8LBMD7J,train
ID_IUUJLSOP,train
ID_VNA2P6VH,train
ID_59UFH7F9,train
ID_1FRWJXW2,train
ID_T2SRRTU5,train
ID_14EPLU62,train
ID_GPH6YME3,train
ID_JZDA1GFW,train
ID_4ZANMS5X,train
ID_KNFFOYT9,train
ID_DD2T6OUX,train
ID_XOO6RD60,train
ID_DIVSYF5C,train
ID_BDK9TRYE,train
ID_9IQGR0SJ,train
ID_YVR0J80U,train
ID_46US2UYP,train
ID_7P7FRAG3,train
ID_FR26KIYT,train
ID_QFZUW44N,train
ID_ZJI22KBV,train
ID_1OW24Q39,train
ID_N5WCKHUD,train
ID_6NAGU5NW,train
ID_PJAFLXH3,train
ID_PATOQ263,train
ID_JESA7Q0R,train
ID_X3ES3JMK,train
ID_BHIB2Y5Y,train
ID_43OBYZMZ,train
ID_9OPXRPR0,train
ID_9KH2ADBI,train
ID_430EV0XZ,train
ID_9S7K2205,train
ID_PBPZ6OYJ,train
ID_X6OMGI3G,train
ID_KVAZ5LMI,train
ID_MWIKDNA9,train
ID_GTNDBDSM,train
ID_8BNO92RI,train
ID_1JHZ6RXA,train
ID_85HCQ482,train
ID_2NMXNXYX,train
ID_HKAZ5NVO,train
ID_4G647ARK,train
ID_UH9JJIUW,train
ID_FTLQUYHT,train
ID_Q1ZUL1OQ,train
ID_9KU6ZQYH,train
ID_WIYLXRKD,train
ID_T1E98862,train
ID_ZHZIGQ8N,train
ID_2HD8A084,train
ID_MD82A2T5,train
ID_5H1JUJWF,train
ID_XVC42849,train
ID_KT9DQ08A,train
ID_32AX5YTC,train
ID_9XWKPU37,train
ID_8TCHYDPL,train
ID_KGQRTWQJ,train
ID_B8Q6DMW4,train
ID_ISU6USBK,train
ID_NIG1NOS2,train
ID_1BDINC20,train
ID_KWIBMZUW,train
ID_MLKLW3NI,train
ID_I5MWOT8Y,train
ID_MD1SNPT3,train
ID_MEGP8H1C,train
ID_SUFK0LXJ,train
ID_CU7SV83D,train
ID_J27AU0YO,train
ID_5X1HLVYK,train
ID_BR3YQQA8,train
ID_PDBV1EHQ,train
ID_3SNMJ3Q1,train
ID_MDC9DXKC,train
ID_XYYEX5CE,train
ID_ZWYDRBSG,train
ID_79A40M57,train
ID_XLASTDLT,train
ID_1FUIAWLY,train
ID_QAN1XS54,train
ID_Y92TC1EV,train
ID_XHOO28M0,train
ID_JRFPF538,train
ID_F5ACMH5S,train
ID_EWN4EBOB,train
ID_4OAL8D4L,train
ID_ZGQXNGIJ,train
ID_HBA9L630,train
ID_SWA7VHRG,train
ID_7HQUN5XJ,train
ID_1ESDHT0R,train
ID_4OA826AG,train
ID_2AZZX5NA,train
ID_8X9IKFXE,train
ID_INCEQ46Z,train
ID_YOI0GD1R,train
ID_ZE887BCY,train
ID_SWF8NGPQ,train
ID_11TT4OR3,train
ID_GHH2EVTF,train
ID_I0I2E0TO,train
ID_694FI74R,train
ID_G72YWR20,train
ID_OCJ7565S,train
ID_LVQ6KJH6,train
ID_J6V9W9VS,train
ID_D8NWGF7O,train
ID_JBBXPDQL,train
ID_PNQF2FY2,train
ID_BNYOMUB8,train
ID_RBCGOUBG,train
ID_EM0OTRHW,train
ID_2M39WFWJ,train
ID_7RBOTH7R,train
ID_KOTMSI1O,train
ID_PFW92TKV,train
ID_75X1KV4K,train
ID_VZBOSET1,train
ID_FCLPV3ZT,train
ID_G1Y2UDKR,train
ID_UHMI4HAY,train
ID_KM25BG0Z,train
ID_0H9OYSP5,train
ID_2ZF4Y1EM,train
ID_O8G8LR0Y,train
ID_T4LX16DU,train
ID_QN72MYV0,train
ID_R91E107B,train
ID_L5299G0D,train
ID_SIXTP3B2,train
ID_VPXOQFK4,train
ID_X1BI74V4,train
ID_9WLWM228,train
ID_4N7EETJ3,train
ID_WFL1RXIE,train
ID_7LPIC735,train
ID_WZPVR6MH,train
ID_FJHRIN67,train
ID_754SXQLO,train
ID_VQ67S5JL,train
ID_QOBX8OGO,train
ID_UXCHHHUV,train
ID_TZIEXK28,train
ID_70PNZ094,train
ID_H8N1EEV6,train
ID_GM10BGH5,train
ID_ICLH7X4D,train
ID_58LDBFSY,train
ID_Q5TVQK58,train
ID_EPQZ3B8R,train
ID_RWJYRISD,train
ID_RDK5PAI2,train
ID_2QMY4I7N,train
ID_TTWDHCY1,train
ID_0YOL8YHC,train
ID_SYSF5IG0,train
ID_O1PALJTJ,train
ID_7W1989HT,train
ID_69YHDZE7,train
ID_NJKGDQVV,train
ID_1D319JXI,train
ID_I3AUCAYX,train
ID_61N9EGJ7,train
ID_VH8ZUJSG,train
ID_XB1Z0DPP,train
ID_8PNGF7PY,train
ID_KI10MQ7U,train
ID_QQG73R2M,train
ID_Q4JGWPVA,train
ID_3DYCB2VB,train
ID_U34V14C5,train
ID_OO9X6ZOX,train
ID_XHGOFSEE,train
ID_5QGLD4AR,train
ID_VD9ASBOZ,train
ID_8H4GRVI7,train
ID_2ZFFT56Y,train
ID_KHSRJ6LG,train
ID_RTYNKMO1,train
ID_FNZCIUQM,train
ID_Y2Y138L0,train
ID_C499P3FE,train
ID_HQC6TDLK,train
ID_EVEUMOCY,train
ID_O2YQ9LVT,train
ID_9UPN2H0G,train
ID_GD33PY9P,train
ID_0XOZJ0CZ,train
ID_EMUIG9OG,train
ID_CQV6BOWD,train
ID_0MWCTKGD,train
ID_C110X00I,train
ID_Q53E7EC6,train
ID_O0OX8CGT,train
ID_S2EHRATA,train
ID_5T2UVMT4,train
ID_07HGJOFB,train
ID_L5J8V81V,train
ID_BAJOTBS6,train
ID_0XXCAQ14,train
ID_KND9OA7U,train
ID_QH2Z9K3Y,train
ID_NEJQ2E88,train
ID_N8QCD5XW,train
ID_HNS8NANJ,train
ID_NN0KTUOU,train
ID_IN4CAC4E,train
ID_YHE40HYG,train
ID_SMLBTIKO,train
ID_QF0SBHGT,train
ID_1I8KV1BV,train
ID_QFG8O6G1,train
ID_2GVAWFOB,train
ID_95O898B9,train
ID_K849Y4Q5,train
ID_RQ9190QU,train
ID_3FNUQ385,train
ID_F4AJ2B2M,train
ID_1AO2MUK7,train
ID_60U9EX6Z,train
ID_2MYN7S6R,train
ID_NASAWW2I,train
ID_SI6XWF9A,train
ID_LCW612BQ,train
ID_MI8U0O9Q,train
ID_C8C83JTZ,train
ID_1AL7XYYH,train
ID_6JSB6DYX,train
ID_G23I120Q,train
ID_KKECIMI7,train
ID_D3RNO2SG,train
ID_CD62WPZN,train
ID_H2LWH80T,train
ID_105VAEGD,train
ID_30GMOMSP,train
ID_OAHV6K6S,train
ID_E5AD29HD,train
ID_OPZGGM61,train
ID_LPUAJ2QQ,train
ID_J8X8RCFA,train
ID_1FLOEKLO,train
ID_25KGUL7D,train
ID_IV20C03L,train
ID_PIMXVVB4,train
ID_LYOFLB6K,train
ID_EFO5ES58,train
ID_GPET9WN3,train
ID_XE23LQT8,train
ID_M0Y1ZF37,train
ID_OJG8B270,train
ID_14AJWTYP,train
ID_SP078PVR,train
ID_BE8LGZYV,train
ID_CP4I5M3X,train
ID_HZ9FEPCC,train
ID_DOM57K61,train
ID_JKEACHOK,train
ID_CRQYU14P,train
ID_BNQLQW9G,train
ID_4GN4RCW4,train
ID_DOF3I0P4,train
ID_HGGKN7KU,train
ID_DQTWL1XS,train
ID_DAS8KMY2,train
ID_ZNW8B7GN,train
ID_2V20FMD5,train
ID_ZZ1VX1AA,train
ID_OQSK5V54,train
ID_35WNP39I,train
ID_F6MTMNFY,train
ID_7C2W62VJ,train
ID_9VLBKNF4,train
ID_YDFCTKHX,train
ID_XISNQX0J,train
ID_6DHI7WB5,train
ID_2VYWY02J,train
ID_IEYL7DF4,train
ID_31JH1AQU,train
ID_PFWMSDNP,train
ID_NMX1KTP5,train
ID_3ZH62HHI,train
ID_IDVJCTP3,train
ID_OEMO0MWG,train
ID_3B70IHNO,train
ID_RJRB84L6,train
ID_LVYS1KV3,train
ID_WHAR0HYW,train
ID_NSFWBCYZ,train
ID_A49R528X,train
ID_JFCPP5ZE,train
ID_QCEEOVYL,train
ID_8YZ6SIIA,train
ID_X6X9L99T,train
ID_62AV2M07,train
ID_YLA7L2II,train
ID_A9J5JAFY,train
ID_JAZ58ZHL,train
ID_6DGZC1ZP,train
ID_7V1DQRJC,train
ID_N49587S5,train
ID_FPC27TJS,train
ID_FB2MPHYT,train
ID_OX2YGI1U,train
ID_IO45VN14,train
ID_R5RVKSKS,train
ID_S1VRNSSV,train
ID_8YXP0ZXR,train
ID_L07AW6VQ,train
ID_UQC2QXMI,train
ID_BF04XW1C,train
ID_IWIHRVN7,train
ID_A3EDREXV,train
ID_79O3KVAS,train
ID_I6LWNG6A,train
ID_F2F5K2VJ,train
ID_U5NSQW9O,train
ID_1CV1RVLQ,train
ID_MCCX7K55,train
ID_EZW3LVMQ,train
ID_C3CDL6BW,train
ID_A6WQZT9D,train
ID_U6UN67AF,train
ID_0MDK3T2R,train
ID_O8T5RDGG,train
ID_AA7JZ30V,train
ID_XI6DOBAQ,train
ID_NNAP79ID,train
ID_NRTF7SMM,train
ID_PUUWDJW1,train
ID_6HSVR6SP,train
ID_0TI1YWJ2,train
ID_4319Z75F,train
ID_DFJA3MNN,train
ID_YINN890W,train
ID_4MAFXK2K,train
ID_S5D6UDW5,train
ID_TKD623W3,train
ID_5AZC76ZG,train
ID_NNWLOQXY,train
ID_83D5ELJ1,train
ID_JTCPCXO6,train
ID_FVF8KLE3,train
ID_4V25AHY0,train
ID_RQVO0T8Y,train
ID_AXPQM3W5,train
ID_IX84E874,train
ID_40S8GOC2,train
ID_GS239SSU,train
ID_WTKXO8PY,train
ID_HHP6CV3G,train
ID_NQ071F9L,train
ID_MB671H05,train
ID_QYFANZUW,train
ID_RT4JOWKS,train
ID_4PPZYETK,train
ID_HFBDWQWO,train
ID_VXH8TSLF,train
ID_BQ3H3Z1I,train
ID_LNXCI3X1,train
ID_N989MB0Z,train
ID_RRQRKEFE,train
ID_DD3P1ZGM,train
ID_AK6HV4DG,train
ID_9P9NLD3Y,train
ID_RGH9GV4W,train
ID_WASNVIOX,train
ID_ZWTO0GSD,train
ID_899NUU9X,train
ID_P6KW30DQ,train
ID_R7PIU3O3,train
ID_O4P6EGUI,train
ID_SDU5MDSX,train
ID_YBXPNFCE,train
ID_I0NWQOCB,train
ID_DJAM8LP2,train
ID_GMQH78BN,train
ID_UGE6CL08,train
ID_65SP0TGY,train
ID_JM0UOBIV,train
ID_VE4B85U1,train
ID_BAGANNVC,train
ID_DIGA31BJ,train
ID_I7JCTK6X,train
ID_ETU90HEI,train
ID_FS51Z8S0,train
ID_K6W8P22F,train
ID_NTIEJVVQ,train
ID_4DTWX5XS,train
ID_B0F2OL06,train
ID_8ZCGV47M,train
ID_RGND0BTX,train
ID_0IQ86H7K,train
ID_F1ZANV7I,train
ID_OMJ70GJP,train
ID_SJIVEYFB,train
ID_DN4AI0ZZ,train
ID_84LIVZNN,train
ID_LW69E1ZF,train
ID_ZPWAZ64G,train
ID_74UV5XQG,train
ID_NBZHBA7T,train
ID_LWWEJJEA,train
ID_5TL41J68,train
ID_I1HQLF2Y,train
ID_U6KJ281L,train
ID_H6YXEY69,train
ID_4P6SMHYU,train
ID_EG0B5EH4,train
ID_FXLK0FHW,train
ID_B5KTQ7O9,train
ID_OFK9G0S4,train
ID_2GTMT0R9,train
ID_R2X5S24P,train
ID_R8I8TOPH,train
ID_XZX60YTV,train
ID_NNBZRA46,train
ID_6QFDMFYR,train
ID_NSLKP0PY,train
ID_YAB9JA0K,train
ID_9M38F3G1,train
ID_SY5LHODX,train
ID_11BKM01P,train
ID_7KWQG1XD,train
ID_AEA0PXA7,train
ID_ZKBQ13CM,train
ID_LW4KY0WC,train
ID_RLMGJINB,train
ID_JB6UM4B2,train
ID_FPWMA9FW,train
ID_UIT9OE3H,train
ID_UCDWBZW7,train
ID_6SITJID2,train
ID_8RBGFK42,train
ID_EAA0WX53,train
ID_NFBPXL4F,train
ID_79LGNEKP,train
ID_ZFCSDXJP,train
ID_95WY7C07,train
ID_Y9AVUEZO,train
ID_9IEMBSEU,train
ID_DHKMU2XM,train
ID_BM1CC2KA,train
ID_AWKSMH7R,train
ID_5ACKQPFA,train
ID_T2AILKSN,train
ID_5W9DDUXA,train
ID_UOMB9K7H,train
ID_3VA4239N,train
ID_Y5K2A90F,train
ID_XIQPF7AC,train
ID_HMBLYMFA,train
ID_EEEUYE2M,train
ID_752XANEE,train
ID_Z4XORJHK,train
ID_57VGSR6E,train
ID_CCNT3AH7,train
ID_ANIE56GY,train
ID_0CUSJ54B,train
ID_ZVLOV5RH,train
ID_O2XWLJI0,train
ID_PURRLTIY,train
ID_MV9Z9HYC,train
ID_4T6GE1DI,train
ID_7TWTMFO2,train
ID_U02Y0EZW,train
ID_FEIMMLXC,train
ID_FLU1VA0S,train
ID_OTT0KH1M,train
ID_SRSI27Q3,train
ID_KGHBA4W5,train
ID_10IVJ4CG,train
ID_3J65CUTD,train
ID_O97O8ZAE,train
ID_7MLIPJ5H,train
ID_LOHL7YSS,train
ID_DB2JD9C4,train
ID_9DD4ZKVY,train
ID_GQOU2JJ6,train
ID_AAH05CES,train
ID_4BQUM8XI,train
ID_2K5QGAPS,train
ID_GFIPVA7F,train
ID_C38EUJKX,train
ID_0G0FK1TS,train
ID_1JJXV376,train
ID_W0BXEHN2,train
ID_BSQBDUMX,train
ID_R3PEUPOG,train
ID_Y27IOQ78,train
ID_6A7LDUCD,train
ID_759ILAHT,train
ID_7TX7U72S,train
ID_86HTRUV5,train
ID_V2YY5X65,train
ID_405SZ3PP,train
ID_9Q5TEARS,train
ID_BNMRG7LR,train
ID_U4CKBXWV,train
ID_ZFF2LE7W,train
ID_AHQ3T4VN,train
ID_NRR0HC03,train
ID_BZM3TQAP,train
ID_RM55YNQQ,train
ID_IC8XELQW,train
ID_4U3MMX1D,train
ID_4FUP7ZZ2,train
ID_YNYFDK2E,train
ID_O7W89QCY,train
ID_TYAPKUW2,train
ID_NOY8G64U,train
ID_7Z16075R,train
ID_Y2IKBRFP,train
ID_RDTDW94P,train
ID_MQOAI2OD,train
ID_E47YK80U,train
ID_H38P0RJ6,train
ID_BH9P285C,train
ID_X7U52AFQ,train
ID_KKK1SJZI,train
ID_EILEO67M,train
ID_5NVOZH4A,train
ID_EP1FRHJ7,train
ID_JVEESU21,train
ID_SJBTNRZK,train
ID_NHH4JVNT,train
ID_QIYB5FOD,train
ID_O3WMUL76,train
ID_GP3CI9ZC,train
ID_S54URBKI,train
ID_EHCRPU7E,train
ID_XN5JT8O6,train
ID_PA7PFCJM,train
ID_VJ59S63G,train
ID_EFNM61B6,train
ID_3CUXQVRJ,train
ID_YMMMJVWM,train
ID_16HB80CV,train
ID_ZBD2VULI,train
ID_BL3Y88L7,train
ID_6QLRBWIM,train
ID_QB04HL2X,train
ID_R6LHZN5U,train
ID_BJJ6B0ZL,train
ID_77QLY5XD,train
ID_OCDNCKT3,train
ID_PRUQPBT5,train
ID_69NG9RMY,train
ID_WQZ0DCTN,train
ID_8F61LAZQ,train
ID_PZVOAHZ0,train
ID_GN48HR7O,train
ID_L5ZY4SGK,train
ID_GSW5RBWY,train
ID_3OSOU3HY,train
ID_OSFQKJ5F,train
ID_RFGPZBFN,train
ID_L9NZYT6F,train
ID_AOAFWW5W,train
ID_AT3NFCC0,train
ID_DDL9OLJU,train
ID_MR0KHAFT,train
ID_DBRCU5VV,train
ID_TYP1F1LU,train
ID_6NDNNFQ8,train
ID_XJ8R7J20,train
ID_H0TLAJGH,train
ID_IXEVAA5L,train
ID_WRCSA9N3,train
ID_M5CUUSLV,train
ID_S51UAOTR,train
ID_F3D73H7H,train
ID_CBGGAKX6,train
ID_27B3TKUG,train
ID_GODA4HVU,train
ID_REZ2F3PB,train
ID_TMBBUFQ8,train
ID_5HRM9FV0,train
ID_OQ581JIA,train
ID_FDMRF2KT,train
ID_XWCAARIR,train
ID_KX1K35VR,train
ID_A7N5GKBL,train
ID_K0VZHWDZ,train
ID_SNLZ5WMP,train
ID_BPFVE2XU,train
ID_7LLM6BR2,train
ID_WP70BH2U,train
ID_H1H1Q6T0,train
ID_T2YJXVS4,train
ID_I1LO4Z75,train
ID_4AE8LMEE,train
ID_0LR1L5ZW,train
ID_45YICVPJ,train
ID_T71KD9PB,train
ID_7W9HIF46,train
ID_9R1HJ4RJ,train
ID_OJ7SPSMN,train
ID_ZUUWD7IW,train
ID_JGTSTLQ2,train
ID_S0UKNRF5,train
ID_VMWM4ZVI,train
ID_OS0G613J,train
ID_UKJ4MK5V,train
ID_SMA9PJ68,train
ID_A50IVYK0,train
ID_XIL9KQIX,train
ID_392CQB4K,train
ID_YL0RWZXF,train
ID_FHZQFWVV,train
ID_K9BINO31,train
ID_T2UXHWFH,train
ID_V9XOAS0W,train
ID_KBYOBQF7,train
ID_M88ER3ES,train
ID_H8YPX49U,train
ID_4LPMENQA,train
ID_Z2C6E2SL,train
ID_ZP4M361M,train
ID_5XKNWRC2,train
ID_XGHL2YT6,train
ID_ZSH2NBIC,train
ID_25O59YHE,train
ID_40PMIOAU,train
ID_FUFUHIWK,train
ID_5FOAWJV1,train
ID_I5Z6ZWY2,train
ID_Z0OPBGZ5,train
ID_Y267DBOU,train
ID_DGZ020SU,train
ID_75HEVSZP,train
ID_Z9Z0I5TB,train
ID_FZZAMCTZ,train
ID_8B4N3FYX,train
ID_THCVHNB7,train
ID_H2KVGPJQ,train
ID_BR37EAU7,train
ID_54TX1ISD,train
ID_7Y0A5HHP,train
ID_H9PB0JF3,train
ID_DOJWL8EJ,train
ID_8RWPR45O,train
ID_5L7566K2,train
ID_P3VEUUFV,train
ID_WY970AEP,train
ID_64YYR5TM,train
ID_4ESHWXXY,train
ID_BE7BGJQ0,train
ID_LYOSS0CX,train
ID_FG0HPRQ1,train
ID_LCVL5J6A,train
ID_47Z88Q71,train
ID_E52YAZG9,train
ID_2B5LBO7V,train
ID_GY09R76N,train
ID_5CBIDAR4,train
ID_59OYEBDD,train
ID_B6UQQR2C,train
ID_91UW00EX,train
ID_S1W1J9XQ,train
ID_HBJ7K35O,train
ID_9DA945LU,train
ID_KFFFHORZ,train
ID_4UTP9QIP,train
ID_BXFZ2W2S,train
ID_FGGPZYNC,train
ID_2UKHN1N2,train
ID_NHA4OQI5,train
ID_E38SI6A0,train
ID_WY6VNBEA,train
ID_NMSKO02F,train
ID_OG6F4OFS,train
ID_MCFI1MIO,train
ID_W4Q5P3T2,train
ID_UCCYBZPB,train
ID_0X3WPN3W,train
ID_U8O3G1D4,train
ID_4PFZFPF3,train
ID_C1STFAD3,train
ID_PETP1ROL,train
ID_IEYUI43F,train
ID_RXAY8C7C,train
ID_NMOZ84DH,train
ID_LUFRNPQW,train
ID_EE4AHXSB,train
ID_S34YJIKQ,train
ID_M7XX4Q0R,train
ID_YGMXHBGQ,train
ID_27RFJXYQ,train
ID_1VSK9OGD,train
ID_ZUTJW58G,train
ID_DLCP7DDZ,train
ID_BQ34WP9E,train
ID_GEA4LUID,train
ID_XV9PO228,train
ID_66AH5L8K,train
ID_1PNRK1RI,train
ID_3QG7PIJR,train
ID_WOOQI4E7,train
ID_33RRFG29,train
ID_DBS0IQ07,train
ID_TMCPEO0D,train
ID_V3NU0THO,train
ID_NMFGZCZV,train
ID_BQ57C7OW,train
ID_3BDWFEIO,train
ID_SD78WH8P,train
ID_3HVKS9L9,train
ID_CU48GJRI,train
ID_OUJELZ3G,train
ID_3JAZX1M3,train
ID_6LZ5KV3B,train
ID_3G5SIHKO,train
ID_5HD3DUUU,train
ID_VE32PWLQ,train
ID_4GRBXMP5,train
ID_VBR49MCJ,train
ID_I77BG52E,train
ID_OER68313,train
ID_I8BTSQCC,train
ID_204T3ZDL,train
ID_KFDW00O3,train
ID_X4IRIZ4B,train
ID_VENULH0U,train
ID_AOROUS6R,train
ID_AW243C66,train
ID_NIE5B3A9,train
ID_GMVJ9LJF,train
ID_PRHVDKA9,train
ID_G1HWV4TT,train
ID_SUEVMJSR,train
ID_HI9EQTLE,train
ID_USE69M33,train
ID_RODILS9I,train
ID_SU9U34KI,train
ID_MC1KDD49,train
ID_SDBP5WFE,train
ID_XNA8JQ9O,train
ID_VHT94WO2,train
ID_O985D2AX,train
ID_T2K6543K,train
ID_WCMP1M1C,train
ID_XEU5F4XL,train
ID_3250AK21,train
ID_LXS6385O,train
ID_U31GGLHE,train
ID_UJAJ3YXY,train
ID_XGNLZL3E,train
ID_XF3JV0V0,train
ID_K40ZK1NH,train
ID_OOG5PH2S,train
ID_YSRYVOPW,train
ID_SLAJU5DT,train
ID_V9COHXFE,train
ID_1SPOG3V1,train
ID_PO4CTYC6,train
ID_QOICQYTE,train
ID_340CJ7WT,train
ID_NIMHQXBV,train
ID_J99GW8TV,train
ID_NEUHGC53,train
ID_W1QJ16R0,train
ID_GDY132VF,train
ID_WAVXSJS3,train
ID_1IVLRMND,train
ID_ZGJQVBXE,train
ID_CYP1MJS5,train
ID_TH8RJPE9,train
ID_M8Z3DD4U,train
ID_JWT9HAZP,train
ID_Q2EXKMEZ,train
ID_OEWV85Y2,train
ID_B4IZUZUY,train
ID_A40WHSBF,train
ID_5NWB611P,train
ID_7XIWO99Q,train
ID_S63TIILA,train
ID_RVO1HK6Y,train
ID_NLTQOE7V,train
ID_E6IGC270,train
ID_7ZYDZ3N8,train
ID_82OZZGUJ,train
ID_1UX8SEET,train
ID_IBQ7COX0,train
ID_OXEEL0H5,train
ID_MN7JPMCB,train
ID_V8J1967I,train
ID_11ECHL6D,train
ID_QK1ZSJ8H,train
ID_ZG5C5PA8,train
ID_EQ6DKGZK,train
ID_8FNEZAQG,train
ID_DL6XWV37,train
ID_ZWRDZW0K,train
ID_1SNGD5AJ,train
ID_QF7KOFTT,train
ID_EHLVMSSN,train
ID_8DOWX2U8,train
ID_J7KREINC,train
ID_3LVOKBZ3,train
ID_0SILCUCT,train
ID_SPXI42IN,train
ID_1QZFOLAV,train
ID_MEDIJB7P,train
ID_H2SNHZRY,train
ID_7LQ5TP53,train
ID_LKJM21Y4,train
ID_JU018GDL,train
ID_8K7LPL0L,train
ID_15A21I57,train
ID_AZE39RGD,train
ID_ZT843TPV,train
ID_SLCLF9A9,train
ID_UMSO5WZR,train
ID_PLQJPMVM,train
ID_FT2IPPF7,train
ID_WRHB31UJ,train
ID_18CP8HZL,train
ID_2JNI68SW,train
ID_FV73OJV4,train
ID_AS9I2PXX,train
ID_3VWOAK3S,train
ID_2RMLZSVO,train
ID_E41G7Y77,train
ID_OMFQJIW9,train
ID_C847EFR2,train
ID_X96KO6WJ,train
ID_P1AGTG66,train
ID_NYRXO8JD,train
ID_V7QP7MWC,train
ID_78CEI6TI,train
ID_W7F972Q1,train
ID_9ESXBB63,train
ID_CDOAFOPA,train
ID_389X8N7S,train
ID_PNSY25QI,train
ID_C0UN1F6I,train
ID_BBFD3Q71,train
ID_2WS4WL6B,train
ID_ZUU9MOVV,train
ID_7EHE7W0O,train
ID_E0QJ4H4G,train
ID_UAK3R2QD,train
ID_KF5KHDLA,train
ID_AMJJXAOR,train
ID_KT6U2N08,train
ID_O4HXPR3I,train
ID_RPAHK32E,train
ID_9MOTB22V,train
ID_HX74GNLK,train
ID_7R6P9LQZ,train
ID_RC4HN2W2,train
ID_O7Z6Q3DL,train
ID_EFZR5AEF,train
ID_ZFC41FEM,train
ID_M9CHDZM2,train
ID_9KCYNCCM,train
ID_Z41GWRN7,train
ID_Y5QMTJT5,train
ID_J6G0YE2D,train
ID_2IJSZPO2,train
ID_2E1S9ULX,train
ID_0TP76UY8,train
ID_BXAB4XQG,train
ID_018FTDXZ,train
ID_1155N7VG,train
ID_S1SVBAC5,train
ID_QVMM2OQY,train
ID_ASFBE0SA,train
ID_NPXVB37E,train
ID_WFDNWG4A,train
ID_7PGAWXM1,train
ID_OIMX4JUD,train
ID_TIVJ6ZD8,train
ID_JEMQXH6N,train
ID_KWCQ1ITC,train
ID_LTFPBZD4,train
ID_VEAUY4JQ,train
ID_95VQ77AS,train
ID_HJZ2ZCO4,train
ID_GH3QLEEJ,train
ID_U9IDR646,train
ID_ZS1VAR0N,train
ID_WC147UOD,train
ID_ABE5P5QF,train
ID_NRANRYZ8,train
ID_4YOOTBYE,train
ID_PVBA4SM9,train
ID_CRNRU0IW,train
ID_IJN2M4F0,train
ID_4JOK6AYV,train
ID_5Y1FJF3Z,train
ID_QFVZYRDM,train
ID_8J21CX96,train
ID_RPV6X9S3,train
ID_Y98UMLU6,train
ID_A9CYZCHP,train
ID_7XLV6F7C,train
ID_J0KZRVCF,train
ID_QO21A08V,train
ID_BH2RNNQY,train
ID_RY9GRKSA,train
ID_SPZ3SWUU,train
ID_246ASLYM,train
ID_CX1N69AF,train
ID_MQZOPCE0,train
ID_IQKNEKUZ,train
ID_TQ8QXF83,train
ID_H4H0LQWK,train
ID_VXRB0Y6U,train
ID_RLABER07,train
ID_MRDEO3LH,train
ID_D2OY24DU,train
ID_QCWZ4329,train
ID_5NKTTVW1,train
ID_U4998IZJ,train
ID_B902QC03,train
ID_UJM417NK,train
ID_RJQSEU4I,train
ID_OJ0LXS4X,train
ID_WXW6WF0I,train
ID_58INI1HJ,train
ID_LHPZQ6SL,train
ID_MAXZRUUX,train
ID_BT601B9Y,train
ID_BK31HE18,train
ID_E4UOAQBB,train
ID_T8L6N20Z,train
ID_E27ZGJ2K,train
ID_FBUXH50Y,train
ID_TKJ54LKZ,train
ID_6C1PJZCL,train
ID_QVRPIGL7,train
ID_8KHNAZQC,train
ID_GGXHQ9VL,train
ID_X8UYIYPQ,train
ID_Z6V5KJIX,train
ID_0O5EI2EU,train
ID_WHIZIS8E,train
ID_CDOJXAU6,train
ID_JYL9G6FK,train
ID_SUI6L8XP,train
ID_GCRPXGLR,train
ID_JPJC7RWQ,train
ID_V5GUA8WD,train
ID_FK120F22,train
ID_4U62M5JO,train
ID_2XZNIBOP,train
ID_784L01WF,train
ID_79QIRW3Z,train
ID_F177U3UO,train
ID_JH1K5LE8,train
ID_F4J3VWK6,train
ID_CQ63K6QK,train
ID_YP3YDN55,train
ID_JUF2KD4K,train
ID_L9HS62QB,train
ID_07WJ9ZB1,train
ID_JLBA9KJ4,train
ID_J90KAK2F,train
ID_4YWWJKRV,train
ID_V4I7G3QH,train
ID_QEVS9W3O,train
ID_5U89PGWN,train
ID_G0U5EEW1,train
ID_2M676KKU,train
ID_F5XB4BWW,train
ID_GYXD8X3B,train
ID_75TENN4A,train
ID_YJPFPS80,train
ID_EPMR5UVF,train
ID_A6MZJ758,train
ID_YS1Z8H44,train
ID_0GT009UB,train
ID_6UWLL93C,train
ID_3MNFK0AD,train
ID_BMKJS7CP,train
ID_MZVY9X8R,train
ID_7XSM99BV,train
ID_L1JOD046,train
ID_HVO93NVS,train
ID_TAKOCT46,train
ID_YBDTHJ9N,train
ID_IP3KNTA3,train
ID_OJ1KJFVX,train
ID_B0EYDEFW,train
ID_EJJ70NNK,train
ID_35QZJDXZ,train
ID_ABA2XQH3,train
ID_1QP8IRTW,train
ID_RU63BM8W,train
ID_1EXDU5HU,train
ID_N5X2MWEL,train
ID_GU34RHSV,train
ID_4U9HDHQ3,train
ID_8E3DIG4R,train
ID_B8WMRZHN,train
ID_KH901LZ8,train
ID_7MY576ON,train
ID_0H9EK6ZR,train
ID_UGYNZYUD,train
ID_U0KMPKEI,train
ID_IFGJWD9P,train
ID_ZT9NJYGQ,train
ID_913CI17K,train
ID_7QEZT2L2,train
ID_7BBVBTPK,train
ID_AQU6B9VE,train
ID_YXDXNAUP,train
ID_ZJQ3BR3J,train
ID_XZFXI9MB,train
ID_7M2Z3V08,train
ID_1CPCRI59,train
ID_GVZ6MC13,train
ID_737BEYW4,train
ID_SCN2JX7C,train
ID_GTYSNPZP,train
ID_7C1PUCDC,train
ID_MJS8DKA1,train
ID_CGCQYIQD,train
ID_FT5AB41D,train
ID_4ORD3WYY,train
ID_YET4HO9E,train
ID_6XSJEZ9E,train
ID_QDNDBXIX,train
ID_D86LTDYB,train
ID_PRFLBPFA,train
ID_F0WL8KAT,train
ID_UIRYII7U,train
ID_SCM0PZDB,train
ID_PVO15IQY,train
ID_E8W6XE63,train
ID_ZKASMDOQ,train
ID_PAGQM5RQ,train
ID_EEL6Q22Y,train
ID_9CYCQUNS,train
ID_VVM7U3F8,train
ID_K30VTZYW,train
ID_209W33VR,train
ID_AHN15N7N,train
ID_13S0X1B7,train
ID_URF676D6,train
ID_WDALEC93,train
ID_VJOBQNZ0,train
ID_TXODKZQK,train
ID_NSFI9AJO,train
ID_4JAZZQ4K,train
ID_EVFOSSIQ,train
ID_Y211PN0S,train
ID_92RI9E3K,train
ID_H3SHIFII,train
ID_73E8CPVR,train
ID_CELI7YQY,train
ID_UEI232W5,train
ID_OD22CNMO,train
ID_OVIWBGAL,train
ID_XX5UR4S0,train
ID_OSB5LWS3,train
ID_7RMSDLDV,train
ID_CBWKFB2R,train
ID_ZGLEQB2M,train
ID_8IO1M8TM,train
ID_WP59B31J,train
ID_2BCP16F1,train
ID_WOKUHQX4,train
ID_V2LBJHJL,train
ID_57GDJAHJ,train
ID_JTEYTL6P,train
ID_HUAHSTS1,train
ID_9W2IIXSR,train
ID_A9U8XJ2H,train
ID_CN64S38M,train
ID_2LXVIAFA,train
ID_68TMTH0K,train
ID_8E9IFPGC,train
ID_KBDZ2T21,train
ID_U4NZFN8O,train
ID_PESZ4WX7,train
ID_CW1ZUEEY,train
ID_P5SLZ8WC,train
ID_LYC3WUPD,train
ID_YJGK2JWM,train
ID_NUAXNUQP,train
ID_2BCQEX2K,train
ID_I3GQZ17H,train
ID_1NLPDEDZ,train
ID_GRLPM00A,train
ID_EVMDZCL6,train
ID_XBC00X96,train
ID_BKUSJS0O,train
ID_NNWYDHTP,train
ID_0P0YA8UW,train
ID_V4FC6000,train
ID_U5LB46MQ,train
ID_ETKUX953,train
ID_QULPYDGC,train
ID_1XA2LAB1,train
ID_JXKC06B6,train
ID_G4ZEGIC3,train
ID_ILOSBGWX,train
ID_ZQJXZDUD,train
ID_ZUR6ZPR1,train
ID_PORAEVV1,train
ID_TOLF3IPX,train
ID_UGSTKFAA,train
ID_WBV05L8Y,train
ID_34KA3OXW,train
ID_IU2O71W1,train
ID_YH529I55,train
ID_NZFECJKQ,train
ID_T89B21IB,train
ID_NAEU5UZW,train
ID_B5J2K84Z,train
ID_K604J2Z8,train
ID_9D6KW6FL,train
ID_Q5XQ1I76,train
ID_NPI3SDQV,train
ID_7VDI6EJ7,train
ID_SY8MHDK0,train
ID_0ZIFGODG,train
ID_3W5OEQ3X,train
ID_7ZG6WY4Z,train
ID_EUDB9WY9,train
ID_VIM3O0B7,train
ID_V9U81GCH,train
ID_3L20XJN2,train
ID_9TTTRK65,train
ID_PVFWSH5T,train
ID_MIM886M2,train
ID_XBGRK8O2,train
ID_IUQPEIQN,train
ID_HYF6KJFU,train
ID_N6NM5YO1,train
ID_1NTQAI3I,train
ID_BG2TXWYG,train
ID_FLNK9EBD,train
ID_2V0MU5EV,train
ID_DS3NE02M,train
ID_R1XQ4HEP,train
ID_2HEZ5TY5,train
ID_0F8V8TSE,train
ID_P4Z22IA6,train
ID_UUZ0VXKS,train
ID_G0C4B72U,train
ID_6MH06QXV,train
ID_XQO0WJC4,train
ID_MGCU0SV5,train
ID_2VVXM817,train
ID_Q178YY1P,train
ID_WUMJMB8Y,train
ID_8F3EGU44,train
ID_0PK0TFWZ,train
ID_4MQTTZHG,train
ID_Z3K42Y3D,train
ID_EY4A2H80,train
ID_ANY3LATY,train
ID_XG0A3XIE,train
ID_0YKIWHIQ,train
ID_TOYZ6195,train
ID_157HZDR3,train
ID_7HSM9N6V,train
ID_JT3LJ7UX,train
ID_MWCD3MC6,train
ID_ZWLX1QB0,train
ID_ZXOOAWFU,train
ID_GCQEQHZJ,train
ID_YCTBFU8P,train
ID_FY99363X,train
ID_TK3CLK2K,train
ID_ZJRUT3R1,train
ID_PA1W9827,train
ID_0K2C240N,train
ID_C614M6A9,train
ID_CIBG8WZZ,train
ID_AZTZLIJR,train
ID_ENMIFKEW,train
ID_E4KC3462,train
ID_JQLNJ2GS,train
ID_ZQ5GKCLP,train
ID_OUN5KHSH,train
ID_N10XX546,train
ID_9VQB3WJT,train
ID_NXSMPNJP,train
ID_OX73VVRR,train
ID_NFSG40V0,train
ID_5IASGWYD,train
ID_KEVG6BGF,train
ID_I393GHZZ,train
ID_MRW91I87,train
ID_BMLZSODR,train
ID_IZ5Z6Z16,train
ID_275AO22O,train
ID_ZMQL9WN2,train
ID_VAATIRVQ,train
ID_E2ZQ9ARK,train
ID_9DHMXS32,train
ID_CAW6EODA,train
ID_1I8VJV3K,train
ID_1VR9484Y,train
ID_XMHV4QDP,train
ID_4N5D3ETZ,train
ID_VOBR9866,train
ID_XF8ICBOL,train
ID_ABC8T3Y1,train
ID_Q1MAMFFQ,train
ID_OB7KBPYQ,train
ID_Y0WP5VIP,train
ID_Q888DUWS,train
ID_ZP9731CD,train
ID_PF3DJ7WA,train
ID_M270DN36,train
ID_BDMAMU5M,train
ID_355ZMSJ7,train
ID_2H7308AB,train
ID_ZLXDT3LD,train
ID_MN5QZA64,train
ID_0MB4Q0VE,train
ID_TTS5B11F,train
ID_F51ZLX9Z,train
ID_VUR69LQ9,train
ID_CYAC2QE2,train
ID_0SA9WHCE,train
ID_YTJ8GLB0,train
ID_YH4KCW1O,train
ID_MF80D3PX,train
ID_I2YJW3NO,train
ID_B2QLOIX2,train
ID_LPDJFGLS,train
ID_Q3P10Z5O,train
ID_BLOWA90A,train
ID_VOZ8Z3G7,train
ID_T38VWOT5,train
ID_4UAHEQV8,train
ID_4Q08R8WQ,train
ID_SKHGNBI5,train
ID_XB4YZRMA,train
ID_BEI1LXXZ,train
ID_9X0XKJXC,train
ID_5V3B45K4,train
ID_FMAFMQKJ,train
ID_XKFMXXPT,train
ID_RSZ03DGK,train
ID_TX5GV4E7,train
ID_UH6XGWU6,train
ID_IPOUUADM,train
ID_3Q8ZAIGX,train
ID_LKXF6A4I,train
ID_E87MKXTI,train
ID_M35CWFX1,train
ID_G2EAEQRR,train
ID_M2LTYBMG,train
ID_STMGKH5H,train
ID_53K7TDIM,train
ID_Z9UNHGA8,train
ID_JQTFIRW6,train
ID_9Y1R7X9I,train
ID_Q564SHRN,train
ID_S14JET7D,train
ID_JKR7C4SY,train
ID_WJLQC49P,train
ID_11Y76N50,train
ID_39ORLQXV,train
ID_EHHDY098,train
ID_7HX9GWX4,train
ID_F8LVC4A8,train
ID_92AIH1RI,train
ID_FJ5OCCHP,train
ID_2FVQG7WH,train
ID_8C9W16RI,train
ID_TGAGBTAS,train
ID_YOEYBLE1,train
ID_6OT9FPG7,train
ID_F72JC549,train
ID_GLFUMQV4,train
ID_Q1FLEJ4U,train
ID_P1PTXADW,train
ID_QYHC5TGU,train
ID_OE9PIZTI,train
ID_AUR54KLP,train
ID_00FBBFAB,train
ID_4OOQDXV3,train
ID_Y0KDAQDS,train
ID_L83G1WSL,train
ID_BYSY4CMS,train
ID_4E9G0WT5,train
ID_3HQIX81E,train
ID_25AQOR8I,train
ID_3R502516,train
ID_WFZDZG7U,train
ID_IEZD8M8J,train
ID_QLSYR8N2,train
ID_20X7X6RI,train
ID_S9P37FO8,train
ID_V99JJ0M9,train
ID_SAI2ORRX,train
ID_LTP1KS18,train
ID_JARYNHCY,train
ID_XBH7E1M9,train
ID_589QJNS8,train
ID_N50UDR59,train
ID_ERZ3TBWV,train
ID_EC2BPKVH,train
ID_GJPHAYEJ,train
ID_M3MACPQ5,train
ID_SMQXCSH4,train
ID_5S3UGJDR,train
ID_1VZH4D3B,train
ID_6CXGX670,train
ID_1UP01E6O,train
ID_7OYQJABS,train
ID_R3K4T9X0,train
ID_I29TFLHJ,train
ID_R8CW4PIK,train
ID_7RAC8S3L,train
ID_7DJ6R7D1,train
ID_1MGH3GUJ,train
ID_0B0X1WSH,train
ID_R5OCYAD5,train
ID_LRZ0EX72,train
ID_FLJODEO9,train
ID_KC7B27K2,train
ID_PUL6WR8G,train
ID_UMPFQZQI,train
ID_OMMLUOLQ,train
ID_9FG67A16,train
ID_AJNJQ171,train
ID_EPPYTYZQ,train
ID_8ZEJRNAZ,train
ID_CES3488V,train
ID_979XQIB1,train
ID_6Y0DJFGP,train
ID_155F7V9D,train
ID_S5S6TZ7B,train
ID_8WMJ6Z7P,train
ID_7QIGD2TS,train
ID_JJ4QIAAO,train
ID_TRAOOHHW,train
ID_N59F8WHZ,train
ID_7KMF6HFR,train
ID_NDRUD8O6,train
ID_Q1Z0769H,train
ID_XK4G4G69,train
ID_9GMSQEKT,train
ID_LKFFNYU3,train
ID_6ND8USQ6,train
ID_8MULKCYN,train
ID_HJUF1B78,train
ID_YNQD4CHU,train
ID_7NZYXFTN,train
ID_P73DE785,train
ID_YLCECHHS,train
ID_XS8ENA7Q,train
ID_HJC65DJ0,train
ID_BN3CNDDT,train
ID_29E7RZ5H,train
ID_ANKJR2KU,train
ID_PIYBD810,train
ID_7C1NQU9E,train
ID_4DZTTMAE,train
ID_2D7OEG5Z,train
ID_WT7Y9B00,train
ID_QMV71YFF,train
ID_TU3G78HT,train
ID_ZIXT1NFA,train
ID_VT2RIP3Z,train
ID_O9ME2ZJ7,train
ID_E8YF72QJ,train
ID_F2CVIJ7R,train
ID_YF7J863O,train
ID_3S6KTN0D,train
ID_MLS51A6M,train
ID_KU4WUEYQ,train
ID_0A8XMEJR,train
ID_K101BSQL,train
ID_BYSIT57Q,train
ID_NIRJ0X3M,train
ID_B3MURIER,train
ID_YDPJJH32,train
ID_6YAM567A,train
ID_Z8V6JCJ9,train
ID_SP8DG3R4,train
ID_YQMKKK9J,train
ID_9XEZD5TU,train
ID_8GIWVE2C,train
ID_EIANG5AN,train
ID_ZY11QH2M,train
ID_4U9B7J7N,train
ID_QKZD555H,train
ID_HKN26OQG,train
ID_5L16FHOZ,train
ID_L8FBZ9TH,train
ID_ORI6XCAC,train
ID_G0MHA4TD,train
ID_E29EPIQP,train
ID_8AJKMLCD,train
ID_RCVJLX0K,train
ID_03DXP0S4,train
ID_DSCY778W,train
ID_Q47FTMEC,train
ID_YQ2CCEM4,train
ID_YNVRWNXL,train
ID_OVZ6873J,train
ID_1O6W5GDK,train
ID_26DIVH87,train
ID_LUDC75IN,train
ID_JD63WGTI,train
ID_Y08MYC29,train
ID_BI8LL6K3,train
ID_POHMF1K3,train
ID_QUQSYN6O,train
ID_H6KYRBR8,train
ID_T6EB9TFC,train
ID_VX89ROC4,train
ID_YJEO9AI9,train
ID_9PL5C9NL,train
ID_2NRW2WSQ,train
ID_HGYL8G4W,train
ID_KERUFZF8,train
ID_DUIUK3CJ,train
ID_7TQLHPTQ,train
ID_DSUNR4IL,train
ID_CNNT91DR,train
ID_KTYL5X36,train
ID_37IE8OHI,train
ID_1Q1RLCQP,train
ID_0FTGYZIN,train
ID_Z2U3DE3U,train
ID_YVA42MJC,train
ID_TZSSDDWY,train
ID_H33U2BLD,train
ID_L7OIKBG7,train
ID_OBVQIK7H,train
ID_LYVZN6M0,train
ID_TES71BZ1,train
ID_Z1B32UDS,train
ID_89WG4245,train
ID_2WB08384,train
ID_J3IC6PNX,train
ID_BVJWFFCA,train
ID_QWNFKR7U,train
ID_9E808FV9,train
ID_DS271F88,train
ID_NGBB6TKU,train
ID_PXZGADTT,train
ID_TVUKGH6D,train
ID_U9ZJZ6RM,train
ID_AMHK637U,train
ID_TXIAKMLA,train
ID_XQKGHBMQ,train
ID_U4H18OYB,train
ID_3JUMKHKS,train
ID_6UP3424C,train
ID_XA87HC6F,train
ID_A292SBHG,train
ID_B9NEWP9L,train
ID_NI2U4OSL,train
ID_ED7KGGIR,train
ID_BTPM4P2N,train
ID_X447QPLO,train
ID_WW04H0B3,train
ID_K3TUFQ7P,train
ID_ANR0JJVV,train
ID_6HNUTOZB,train
ID_O83PWZA9,train
ID_IKUJCE7R,train
ID_FLD44DNI,train
ID_CEQ5BWLF,train
ID_DGLY7D50,train
ID_BH6999VQ,train
ID_GV9I78CV,train
ID_L2P7KQZH,train
ID_KRL5J4XZ,train
ID_W4APLXX0,train
ID_FHRKAN54,train
ID_4R35QR51,train
ID_6JZDCMD1,train
ID_4ZQ4WHAL,train
ID_RJ4DN9U2,train
ID_XON892UF,train
ID_ZIA0ZXXB,train
ID_NO6BSH7L,train
ID_EM664CQ8,train
ID_8LPF985M,train
ID_N12VIR21,train
ID_L9Y8AWH9,train
ID_LJ9Q6MZ6,train
ID_F5SZQEAG,train
ID_XS52UOHJ,train
ID_P3F3ZZ1C,train
ID_TJF25U06,train
ID_9M8H8R10,train
ID_65HP2ZTZ,train
ID_I2V4F0PE,train
ID_7L4NLJ1S,train
ID_DFKAA14V,train
ID_7Y7UW9UD,train
ID_JTNDTRXK,train
ID_HV0R6U2H,train
ID_JOPP204H,train
ID_8I5ABW2X,train
ID_FYBF3AQY,train
ID_R45TQ18B,train
ID_ZX58LZ4R,train
ID_ZWF8Y2R8,train
ID_4HGQSSX3,train
ID_0T6CII0D,train
ID_9KQIKGS4,train
ID_PNDV18ES,train
ID_8L0URD1L,train
ID_Y0HDUIWP,train
ID_E3D6BV0C,train
ID_UWWAVFWI,train
ID_9SSZHU9F,train
ID_M0KMBSA5,train
ID_Q2ONVF18,train
ID_FQ9SG44G,train
ID_XOIWNC5X,train
ID_WN7T5BX1,train
ID_DO909U0I,train
ID_BA8ZRNB9,train
ID_F1I3S88X,train
ID_IY64VUYH,train
ID_UNQ3WS2U,train
ID_SQBJJZI4,train
ID_ZBJSEUNJ,train
ID_G1QW2GE8,train
ID_N7JHN51D,train
ID_BA6Z0GA1,train
ID_JOIF5V0J,train
ID_8CCERH8P,train
ID_0B1YBR3I,train
ID_87406YYA,train
ID_BYED1718,train
ID_N2VMHA5U,train
ID_TT0OJOAC,train
ID_P6RXAHX3,train
ID_L9USSFO0,train
ID_KG2H7DAR,train
ID_GKOX68X5,train
ID_44NJBFTX,train
ID_4RWUVTC2,train
ID_TWPVBZX3,train
ID_6Z8JVNV4,train
ID_DE5S4ANS,train
ID_YYQMV2TL,train
ID_4Y5FWNI1,train
ID_BTO01032,train
ID_FMV7SQ1U,train
ID_RWQS46F1,train
ID_MTHLEOJU,train
ID_FVB7OS7K,train
ID_HZH6SBUZ,train
ID_U5T3W2BI,train
ID_ZW1Q0LP6,train
ID_HI5RZX48,train
ID_15YLG600,train
ID_LB4RWWTJ,train
ID_2JPQ9CT1,train
ID_2E4FMGRO,train
ID_7ZMAHL50,train
ID_J9CNF1D6,train
ID_3WM6V98I,train
ID_ZFQJYTXI,train
ID_PR8CEAL3,train
ID_OWV2DYDL,train
ID_NL9Y5F67,train
ID_09MJWEYB,train
ID_T9BYCDQD,train
ID_MH5XMUWA,train
ID_YQJFZW69,train
ID_IVGGKTMR,train
ID_VWV7L4HB,train
ID_A1IS9CIG,train
ID_OCRK87XD,train
ID_340RFBBY,train
ID_1J2STBW5,train
ID_CJRP2MTU,train
ID_SE6O5BQ1,train
ID_90AM61ID,train
ID_W1Y2Y758,train
ID_TF9VP081,train
ID_DX38PEKY,train
ID_QSO3AVG8,train
ID_N9ZW8R13,train
ID_LZASQMTW,train
ID_C7LHRX0A,train
ID_EPRLJEM7,train
ID_2GQZ78QK,train
ID_QJN40M5H,train
ID_Y3PHPBD4,train
ID_5MT9M87C,train
ID_3C2CTZJC,train
ID_DZAUXBPQ,train
ID_7U7TW6DS,train
ID_QUJGRFGW,train
ID_VDYQMDNI,train
ID_MJ56L7WS,train
ID_94VY4PDR,train
ID_S4A25EDD,train
ID_P076W54C,train
ID_UO4AFAQG,train
ID_VS3KBW60,train
ID_75RN7ORL,train
ID_2T7WNGWP,train
ID_IDO4JQYV,train
ID_RFC5EQSY,train
ID_ASUA6GOY,train
ID_GO9TSBAC,train
ID_4PUD2ZFI,train
ID_JU4BCDWC,train
ID_2GXDMXN6,train
ID_UMFEWOTN,train
ID_SD82G2KZ,train
ID_K4NWJ1OL,train
ID_4EABFWMD,train
ID_EMU7OUW0,train
ID_AMBSJ7XY,train
ID_B837M6YK,train
ID_X194WPGC,train
ID_FRYXVP0V,train
ID_S2AJZ0BX,train
ID_XJ3PECTS,train
ID_NWKKH3BX,train
ID_8SMS32YD,train
ID_VACLZ29T,train
ID_BCU648R2,train
ID_CDUZB0CP,train
ID_3P63ZTI0,train
ID_0NLBKHK2,train
ID_05E0FHPH,train
ID_OUZCE9F0,train
ID_G3MZODCU,train
ID_VXPVP0Y1,train
ID_P33U6BOE,train
ID_W8W5656L,train
ID_J6WRPKO8,train
ID_NPO4QE3Y,train
ID_0I3OLLEK,train
ID_LCDVA9RU,train
ID_O34Z2GM5,train
ID_JB5T7V1C,train
ID_SLKZ8982,train
ID_MPHITP3Z,train
ID_UEFPI9TS,train
ID_G9BEM7WO,train
ID_Y1ITF485,train
ID_LB379SZ1,train
ID_PIQ2QV29,train
ID_56BP7V3I,train
ID_M8UBPRP8,train
ID_Y4266YNI,train
ID_8XK9080O,train
ID_4JUNRE1E,train
ID_GSMY0AIO,train
ID_GYHSA5RS,train
ID_J5TQJ1RM,train
ID_MFYSOPSV,train
ID_U23PJX18,train
ID_ALESU2WJ,train
ID_XTJHYNFX,train
ID_41FYYMXL,train
ID_EKHBLZFF,train
ID_2134TYVU,train
ID_P8JSR29P,train
ID_F60MPAKP,train
ID_84G91HX0,train
ID_2UHCCQVZ,train
ID_67KOK52X,train
ID_BKWJ7XUZ,train
ID_7QC2LPQ8,train
ID_ZFSRPWAL,train
ID_DD3H07TK,train
ID_DRYPPU0D,train
ID_6TIZPIIC,train
ID_JKAK7R6V,train
ID_TXX3685Q,train
ID_USIWU3IX,train
ID_NG3I81YM,train
ID_79X4V1ZM,train
ID_R4K9PKE4,train
ID_8SL6JXUT,train
ID_UV5W7B53,train
ID_9CLT3BBY,train
ID_LQ5DEQ6G,train
ID_GP8F8ESI,train
ID_AWFZMMP6,train
ID_4W6TRMJ6,train
ID_WUBL77PV,train
ID_VM30FUE5,train
ID_GXVCFFUB,train
ID_3IWE5CUL,train
ID_2E7VMQK1,train
ID_TZZX54VV,train
ID_XLNT9HV4,train
ID_88G2YUSV,train
ID_O3RFUD1K,train
ID_Q2U9J42E,train
ID_1WDWCF2J,train
ID_UOKW1WRH,train
ID_0L81ZQRO,train
ID_AYB8GNHD,train
ID_QVMD7UIB,train
ID_MI06P4DM,train
ID_6ONW0ZN8,train
ID_3AW4RQ0L,train
ID_EPBXAXLD,train
ID_IG6IH25N,train
ID_C5VQV1JQ,train
ID_K2FX49DQ,train
ID_KK2YAH1H,train
ID_Q76ZAVWY,train
ID_3IM8RW3J,train
ID_AMCRYTYM,train
ID_E28J3CG2,train
ID_XU7Q3PJN,train
ID_RTWEP755,train
ID_4O3NNY9G,train
ID_IRECQ532,train
ID_83MCYD5T,train
ID_2Y459PW9,train
ID_6P7LRVBB,train
ID_W73YUJCC,train
ID_7LPVLDS9,train
ID_SOMLUEDY,train
ID_8EPJV9D0,train
ID_U8DLIH63,train
ID_B8GTX1VP,train
ID_2V6075YP,train
ID_7QBW550P,train
ID_ZBJUMLXX,train
ID_Z3SOHACS,train
ID_Q5ZTA7N0,train
ID_7DY1BM7F,train
ID_XE7VZXMP,train
ID_LHXF84YO,train
ID_I158LBRD,train
ID_3KSWQSE6,train
ID_HSYUZWR6,train
ID_71GECNPT,train
ID_AYESFQTT,train
ID_E55QH1VA,train
ID_ENB2C68I,train
ID_TT3WC1FU,train
ID_WQFIUHGP,train
ID_OIX59W2V,train
ID_IN2791GU,train
ID_R8SHBQGV,train
ID_UPHMHYUV,train
ID_2GNOUK2X,train
ID_WMC98SGG,train
ID_LU2IKQ12,train
ID_45ZUKUBU,train
ID_4HFLHIAU,train
ID_H5IGEQCQ,train
ID_FS94ZXL8,train
ID_ZT0VO0R0,train
ID_JLYXKT08,train
ID_PKU9UM6J,train
ID_AMKFOWOO,train
ID_VF5H6MC7,train
ID_C7DROI78,train
ID_SO722HN4,train
ID_DBGHGWG9,train
ID_BA1X7IPM,train
ID_MWUA17WG,train
ID_J6SVD1QI,train
ID_AZ5C6357,train
ID_CK8MP1CX,train
ID_SNCQZCL0,train
ID_2PPQMJ2T,train
ID_3H82TLWP,train
ID_W1DIBBQQ,train
ID_FWJUFMJE,train
ID_DAPB7IQQ,train
ID_UTCBQIAQ,train
ID_ZKY9DR09,train
ID_3374BUOL,train
ID_NUYU8PAE,train
ID_JFRZQDM2,train
ID_Q8DSA0OI,train
ID_XIP8RKME,train
ID_RXH2D1KP,train
ID_55JQL0J0,train
ID_3M6NDN7V,train
ID_XSKGQURH,train
ID_W0HW7AXS,train
ID_NKV4IISP,train
ID_GGP0Z51R,train
ID_DK0NOIY7,train
ID_1PVZ71MU,train
ID_X0YCO7Q2,train
ID_QS9KT2CA,train
ID_XDIX54QQ,train
ID_07FN9DDI,train
ID_KTK5A65X,train
ID_M3QDRRHO,train
ID_SEGNJPHZ,train
ID_9WMUOU2M,train
ID_YILJS18Q,train
ID_VCG47PX0,train
ID_UJ8WZ0DS,train
ID_FYJL806L,train
ID_ZN2DAR7G,train
ID_0AUGO1D5,train
ID_T3T1Y3YT,train
ID_FMMZRA7Q,train
ID_7C1WS39P,train
ID_OLNIC392,train
ID_B5RNQAFX,train
ID_WIP2GD74,train
ID_402IWQNF,train
ID_IYRDV2I5,train
ID_3OTYB2MG,train
ID_5S7HZ779,train
ID_H7QBJVEW,train
ID_DMNGEYSN,train
ID_ZQWSX2QT,train
ID_D5VS87ZL,train
ID_L0OP2HQG,train
ID_RSBDQNAF,train
ID_F38JIRUA,train
ID_RKFCCQRZ,train
ID_ZYQFRA85,train
ID_V81V88ZJ,train
ID_1Q85CGJS,train
ID_WSR6BXVJ,train
ID_ZATS87RN,train
ID_LGNZTGS6,train
ID_8XF9BTXF,train
ID_QUW8EQC7,train
ID_7ZLSG4JX,train
ID_UN02TT43,train
ID_N8VRKLQX,train
ID_UNBUU03L,train
ID_GZG9J761,train
ID_8XVU41PQ,train
ID_JONWIJLK,train
ID_3Q9KG8IH,train
ID_BIUV0W2Y,train
ID_SGPEDY63,train
ID_OB6DRKAI,train
ID_9XIEP7QK,train
ID_FVFBRFPM,train
ID_F0KPR5LX,train
ID_WUBQLMP8,train
ID_JI7I5FCL,train
ID_U97M0RA2,train
ID_LHX03BUO,train
ID_H66FN2FN,train
ID_MSMNMFPL,train
ID_T6ZAEIW2,train
ID_AZ30NQKJ,train
ID_41OOBW4D,train
ID_T24EX6G5,train
ID_BTQ4U7EN,train
ID_PFXA3XLF,train
ID_BUTDK0OO,train
ID_CNGBTTVT,train
ID_4XIAEZ4J,train
ID_UF265PQ9,train
ID_J47S3OZX,train
ID_FEF3G58G,train
ID_VQ5NBGOD,train
ID_MMS2EKIF,train
ID_A6UULXMT,train
ID_FQF75V27,train
ID_0OBWI9IH,train
ID_NAXPVUEV,train
ID_AFQLOLXB,train
ID_5FVRRT6I,train
ID_JPT247HN,train
ID_W044YCLO,train
ID_DTVLVDWI,train
ID_UM3VMVWZ,train
ID_26I78Q2J,train
ID_ESECI8EB,train
ID_B6ITANKG,train
ID_2HHGOH7E,train
ID_W5I2ANO0,train
ID_NC3DHLM2,train
ID_OCVS1ZW1,train
ID_69R3NR2L,train
ID_LMXJAXF8,train
ID_KPU8DT3Y,train
ID_X53N2MM7,train
ID_TDZNVLUY,train
ID_WKHC1UL5,train
ID_KGXYQU1K,train
ID_HZVCMHWM,train
ID_5BS801CH,train
ID_LTPXOGN2,train
ID_DEE0K7WO,train
ID_ZYP7TTKG,train
ID_BD5OYZRR,train
ID_FQSUVJ5K,train
ID_EKMLG2AI,train
ID_XU8MM07C,train
ID_XZXQJ59F,train
ID_IXNDXG8W,train
ID_FU2ORDZ6,train
ID_TL9OGHJS,train
ID_SJG5BDMF,train
ID_MY5OB3PQ,train
ID_S41U2920,train
ID_P17YP0LN,train
ID_7KXI5Y90,train
ID_NFDL6SE8,train
ID_I9V3LHKJ,train
ID_ZCRCQ8TS,train
ID_FJQORQ5P,train
ID_ROEYCOEO,train
ID_M8IOQ48N,train
ID_EWE8VMCQ,train
ID_5KXVK3M2,train
ID_5ZX9D7OC,train
ID_8XKU9WMS,train
ID_U49M6PCL,train
ID_1QBCJ45T,train
ID_ZVBR3OK7,train
ID_8U0DLC8I,train
ID_45KWRW3S,train
ID_36YUS3CN,train
ID_PBGNO6O2,train
ID_F321G14L,train
ID_59GPULU3,train
ID_4N4GR8DK,train
ID_V9C71NPE,train
ID_0WMKVKD0,train
ID_LG61TUZ7,train
ID_G58ZO9DU,train
ID_CEFCPRY9,train
ID_AK0RLH8H,train
ID_H85ZENIM,train
ID_NXX8FKSE,train
ID_D5IU7OO6,train
ID_DB1SDYRW,train
ID_L5LSNFUJ,train
ID_6J2WWZOY,train
ID_L6DQ3J7W,train
ID_09WS71T3,train
ID_CS5QE2IP,train
ID_FWFH62RD,train
ID_TBF9SUHA,train
ID_LMPA9F2T,train
ID_70RMBN2J,train
ID_36OBBP96,train
ID_9TGNZZWJ,train
ID_IL9TJG33,train
ID_AKRUZ0WX,train
ID_HDL9BEBG,train
ID_GGDQVVTZ,train
ID_ESOP8PCV,train
ID_98L19VFC,train
ID_F0DPN0KS,train
ID_Z9IBTU9Z,train
ID_1YWN69AK,train
ID_4WJUWHCQ,train
ID_4KTNUE7A,train
ID_HFB4XTT5,train
ID_ANLAPV7X,train
ID_HK5GXKZS,train
ID_J8ZC92M1,train
ID_OQVIQDJ1,train
ID_O0T8OX13,train
ID_QE92MQVV,train
ID_WQP3D5MM,train
ID_BW8S80I2,train
ID_ULHWI8FH,train
ID_Z1CT3M9X,train
ID_AQTEGISP,train
ID_GSMR5Z6W,train
ID_634C0UCR,train
ID_PPT8CAUU,train
ID_18QSKPY8,train
ID_DFL07G5V,train
ID_7F9BV6PJ,train
ID_QJDXJRI9,train
ID_YGQE5GEU,train
ID_4JKKF6RD,train
ID_0YUJ5ALW,train
ID_0GLFONHB,train
ID_91KGNKQ6,train
ID_X4MG0DEM,train
ID_IGO9WHDV,train
ID_VXYGY955,train
ID_91QT3TF2,train
ID_NAN3IJ9G,train
ID_52WEL1EY,train
ID_61OL0P9H,train
ID_2CXYG3X4,train
ID_RQK4ZNDQ,train
ID_H6IGNBJP,train
ID_LWCMGE8X,train
ID_N5DUPWNO,train
ID_TGDTY387,train
ID_DKFAODRI,train
ID_7EFU3J8T,train
ID_9YZYNYP9,train
ID_LHPT20IV,train
ID_UQDD2UA6,train
ID_59PWW1RZ,train
ID_Q276WDD6,train
ID_HZ4J9PZM,train
ID_2X1FIBBZ,train
ID_4GWIG3KR,train
ID_4XK0G0DS,train
ID_JCQDWCRU,train
ID_J3WW3745,train
ID_DFJZ9Z60,train
ID_TX5336N3,train
ID_ZWD2DT1L,train
ID_J7MZKSAP,train
ID_KD4Q0WYL,train
ID_AYTUTNJF,train
ID_3RQVVD00,train
ID_G4GVEI49,train
ID_4U44RS7Y,train
ID_K5LGM8V9,train
ID_YPGHYJHT,train
ID_Q46FS921,train
ID_I1YHIZPL,train
ID_BMHDWDG5,train
ID_Y3BA8O4O,train
ID_WVO5361T,train
ID_QZN2JXNH,train
ID_JXQSWKM2,train
ID_GPO5I5VO,train
ID_L2LYVRZ2,train
ID_UZJQQ10Z,train
ID_WVXZ5KM4,train
ID_K5PXVM23,train
ID_YVT4G2V9,train
ID_6R5QPORO,train
ID_074BKCYQ,train
ID_6T65YE62,train
ID_ILSTU4D8,train
ID_PS3K2TK3,train
ID_YCYKLIWM,train
ID_M5D04VIE,train
ID_7H6SSDIR,train
ID_HTDSRNUI,train
ID_E4IYRBVM,train
ID_TTK0HANN,train
ID_U0BORBC3,train
ID_ZJ18DLBN,train
ID_BV5PPWL6,train
ID_OAPXTPKS,train
ID_MRDP6TPO,train
ID_JX8ELFLU,train
ID_CKL9SJPH,train
ID_4RRH7NAS,train
ID_XRNWNF3A,train
ID_A63REXLZ,train
ID_OQJKQ55N,train
ID_B726Q666,train
ID_KHP9390W,train
ID_UWZL1B1U,train
ID_SC6F2V4N,train
ID_DV0835P1,train
ID_N1BB22QE,train
ID_O16GEGMZ,train
ID_N0PTB19R,train
ID_0CFA59WJ,train
ID_BW8NEULH,train
ID_ROV1URKN,train
ID_SDK6XCHK,train
ID_XZHK0JKR,train
ID_H1JYT17N,train
ID_2S1KCVMV,train
ID_0VWM4W9V,train
ID_S22XNUN4,train
ID_GT10Y5VY,train
ID_LKRZEGMG,train
ID_4K9OWMEH,train
ID_TK4FQAQV,train
ID_MOZLBZ1D,train
ID_TDW46SV8,train
ID_TRTUYPZG,train
ID_6DN9U7LQ,train
ID_LRQ9RETA,train
ID_QAYIGQAN,train
ID_LNLNI8VE,train
ID_M8QP3K7V,train
ID_KZUZZX3K,train
ID_KSWM8DOP,train
ID_GOH1LLB4,train
ID_PXACXU16,train
ID_Y6OTGCL0,train
ID_BZ0R33L0,train
ID_2LWGMRU7,train
ID_LRT6DO8X,train
ID_6L79976Y,train
ID_KOMY8KPL,train
ID_JE8NQX68,train
ID_AT8QMM9S,train
ID_3IEFWJNX,train
ID_M01Q7OFC,train
ID_G5QMN0MU,train
ID_TZ98FQKO,train
ID_ZLMIUX2N,train
ID_IC6VA538,train
ID_FLJWJHKS,train
ID_QSEKPDH8,train
ID_4U6SM7P8,train
ID_GPJ1GFLF,train
ID_AL10B5RI,train
ID_QACNAS8B,train
ID_W3B818RF,train
ID_DUDDVJUU,train
ID_GM6XFJW5,train
ID_JGXOQ1YS,train
ID_QLNVQ8PH,train
ID_FTQDA8S7,train
ID_R0UEKTT1,train
ID_64NC1W1T,train
ID_U0E186XT,train
ID_V2JLXW23,train
ID_F100V8GD,train
ID_FVXUHXJO,train
ID_1WXWYOTP,train
ID_SPTJURNN,train
ID_AHY029Y2,train
ID_48LPHOKM,train
ID_PMUIVLT8,train
ID_PRQEL1QP,train
ID_52IY7QLF,train
ID_1RCZYMWD,train
ID_EG9HKOG2,train
ID_9IV3ES7R,train
ID_BC8TMBTT,train
ID_PTAKLGCY,train
ID_7DSJ4G72,train
ID_MGTHYX7P,train
ID_L99ZSQ1N,train
ID_OHZAYID3,train
ID_Q5GWH40J,train
ID_8U9GZ5FE,train
ID_BB3O76T5,train
ID_9XD29GN7,train
ID_N1KM63QP,train
ID_803XQQ4Z,train
ID_8E6410DQ,train
ID_QQHGQ694,train
ID_XWGJBA50,train
ID_DN2KROV0,train
ID_VQLXK021,train
ID_DNC5R9VY,train
ID_8IQXK28A,train
ID_5GUDXD4Z,train
ID_L5M6UGDL,train
ID_CD044D9O,train
ID_08T17WNM,train
ID_T4CNTK7R,train
ID_W31THQSR,train
ID_KDGQIIBH,train
ID_47IUSLS9,train
ID_0918QXS0,train
ID_K2MHRF4V,train
ID_V78LHQ34,train
ID_Q6SNRAR5,train
ID_ZMROL9V5,train
ID_BFIGOVOT,train
ID_JB1EQJ0G,train
ID_45IS920O,train
ID_AUM2E2CP,train
ID_L3Q1MLVT,train
ID_9WBVFIG8,train
ID_WTM7X4KD,train
ID_QVW8K4LO,train
ID_RI0Y85BP,train
ID_90W90EF6,train
ID_950MI95Y,train
ID_R2K5HMUV,train
ID_3TMV3Y31,train
ID_WJP0C8WM,train
ID_MK6B8DL6,train
ID_WV335VX1,train
ID_LYERD2TZ,train
ID_TXIFJP21,train
ID_2PSQRJXD,train
ID_1QAV8LY5,train
ID_T55Y5KCY,train
ID_XRIHHS3J,train
ID_PZ2DJVR8,train
ID_2KIQWVHU,train
ID_9PKRDLGL,train
ID_VIQCY5H1,train
ID_OPI2SPV2,train
ID_Z5BCEFIP,train
ID_PJLDVCQZ,train
ID_RUR1QIF4,train
ID_U5YW67AU,train
ID_AE5AA7XY,train
ID_YVM73BPX,train
ID_J4MH0XX2,train
ID_23LSA8S2,train
ID_C0FHN4D4,train
ID_MPDVNMOT,train
ID_K1YPPNCT,train
ID_4TUAO4PN,train
ID_Q71Q0G2V,train
ID_MUPS4RHQ,train
ID_E9PDZLRS,train
ID_A5T7HOGX,train
ID_UAI0AKRS,train
ID_5JEWGJ5Z,train
ID_5Y82O2TT,train
ID_46W7URDE,train
ID_HDV2H9CX,train
ID_2BJ0LI5V,train
ID_62OG69IQ,train
ID_A1VZ0X1J,train
ID_SDIZQMV1,train
ID_34ENW9AP,train
ID_7BZI2NGD,train
ID_22G4EZQ4,train
ID_8ZGAVWEZ,train
ID_UD65BFPZ,train
ID_6MYZHT1Y,train
ID_04XJZGUM,train
ID_KVM83STT,train
ID_0E5LDW9N,train
ID_Y7ICVSES,train
ID_Y0YH2MOB,train
ID_KIPRX17W,train
ID_LQJ09S5V,train
ID_0JNROH8Q,train
ID_MRTY92N0,train
ID_S7F0MLTP,train
ID_PBLHN7BP,train
ID_YOHRAZME,train
ID_WKPV9AFO,train
ID_GLOZ0NYN,train
ID_P6S1E3GT,train
ID_0NZ9PKC0,train
ID_8SLQAEPT,train
ID_W0YKVV8L,train
ID_QGCMIGKC,train
ID_50RL8M4L,train
ID_P943M2V2,train
ID_W0FMHHXO,train
ID_N1HN92AK,train
ID_89R9MAW1,train
ID_HX8A7A4R,train
ID_3RT9LRFQ,train
ID_KPNSTA4X,train
ID_VWGFQP9U,train
ID_NSS0M7QD,train
ID_1L33EY84,train
ID_TPUUBKD4,train
ID_3R7G761T,train
ID_LF2VWZUM,train
ID_RJDRT5LX,train
ID_0CXLC2N5,train
ID_SP5699DW,train
ID_PXHWR1DQ,train
ID_TJJ0JNWT,train
ID_IXMX7T4J,train
ID_U5FOOMJE,train
ID_N5QO3GDH,train
ID_HWZB7BZL,train
ID_IUYMKQVQ,train
ID_5WUBX533,train
ID_B6SJ6REE,train
ID_6424S09Q,train
ID_KCXLI39J,train
ID_W4PBKHI9,train
ID_5F28PRDU,train
ID_LL5ZGSH1,train
ID_9ZLGWSIJ,train
ID_KC00J1D1,train
ID_5IXRWI90,train
ID_OTJ3XQHE,train
ID_PDC6OZFV,train
ID_CE58IJY6,train
ID_OVAD4FU3,train
ID_4L2XYNII,train
ID_4R2KYH4B,train
ID_X5V49AZX,train
ID_ENKC3XBF,train
ID_4RT35QY4,train
ID_VN6NVAUQ,train
ID_5JTAKVR3,train
ID_8EA7FULT,train
ID_QTOK2CGA,train
ID_QLWK15Y2,train
ID_55Q9187B,train
ID_OMKU69RF,train
ID_6PJLRDC8,train
ID_4771CS65,train
ID_BJAJODI8,train
ID_Q8D1K7MB,train
ID_HJA96XOX,train
ID_L94WFTM0,train
ID_FA7AY88O,train
ID_9CYSJP71,train
ID_79VO45GS,train
ID_ZD6F6EPD,train
ID_7DJMZ6BJ,train
ID_6GWADCO9,train
ID_O5DVWBP9,train
ID_D36FMYC0,train
ID_3T7CUJPS,train
ID_KQNPY8IJ,train
ID_YMFVD6O5,train
ID_E279V5M5,train
ID_VNZ7VCGT,train
ID_H13LP1YO,train
ID_8AW6EBW6,train
ID_SWSF71J1,train
ID_PMV2RZHH,train
ID_AN539N1U,train
ID_GCNKHAE4,train
ID_SCSZHMG8,train
ID_GN9C7TF1,train
ID_2MIJDGSQ,train
ID_CICQL1EU,train
ID_M4U6N7AA,train
ID_BKE0HL05,train
ID_KH4CQXBO,train
ID_AXUDP6NU,train
ID_ZTOSNVMT,train
ID_UKA3B77G,train
ID_N8DJUKR8,train
ID_FBHY91OF,train
ID_3EMI5JK5,train
ID_DC8HTQE4,train
ID_ZELEQ37B,train
ID_B41YRBX0,train
ID_MUR2KNXD,train
ID_7ZSTGFCV,train
ID_ET3Y70WT,train
ID_JWYWAC5P,train
ID_4H21UPXO,train
ID_DTL20K2H,train
ID_U5OCA5Q4,train
ID_OYQOFYSN,train
ID_7UOJX1UV,train
ID_4B0IHP2P,train
ID_41IY1PIT,train
ID_TOPY64G0,train
ID_QX50LFG1,train
ID_BKV7CH43,train
ID_H3ZDCX5F,train
ID_OEGK6J7R,train
ID_RYSQ0KAK,train
ID_KDTY2730,train
ID_SHSQ918S,train
ID_D5STQ6QK,train
ID_E145EUUP,train
ID_1SO1R9U4,train
ID_Z378NZAX,train
ID_OCI3HIFV,train
ID_VKTLTJLT,train
ID_DTZH47ZD,train
ID_0WVRUTI1,train
ID_SDXVZW93,train
ID_BH6M1N6Q,train
ID_XWV6TOTK,train
ID_3NHYP9CK,train
ID_KVHC2ONZ,train
ID_8CXHA49Z,train
ID_8QWF7WE8,train
ID_KR8WLZ7T,train
ID_GTMKRXWF,train
ID_9KX8GQIW,train
ID_TEBYPPF4,train
ID_0114JMSN,train
ID_7AY8F5TY,train
ID_IIUZR9XE,train
ID_W9L7DNZ7,train
ID_VCGBIK7S,train
ID_JEKX4NTT,train
ID_ISODW8LW,train
ID_KYX5Z2HH,train
ID_V0HNPT5N,train
ID_6B97GQSL,train
ID_HFF4YIRS,train
ID_DXGTOIP5,train
ID_CJUFYFWF,train
ID_T5HS9P42,train
ID_1Z1J962U,train
ID_KV60OX2V,train
ID_C8YDMIJR,train
ID_DF1FJ0PV,train
ID_N4ZCBV9U,train
ID_266NXCZG,train
ID_Q2ZAYODA,train
ID_NAQFRK4Q,train
ID_76DHAJ34,train
ID_3PF9VQR9,train
ID_F2C1RE54,train
ID_0O86ZOU5,train
ID_XUOV4TOR,train
ID_KQQBNKK9,train
ID_VFRGIP8L,train
ID_46FLHO5G,train
ID_1A3M5B3O,train
ID_7FMNE73E,train
ID_C2U823UV,train
ID_ERKONXFS,train
ID_NNV14IF3,train
ID_9ETH6XP6,train
ID_YQR4Y5AS,train
ID_MPNTAMGH,train
ID_TOK8CZK7,train
ID_UMALHODY,train
ID_RORSCKVT,train
ID_CSP5E6N0,train
ID_GRGPPH79,train
ID_EQE7ACGV,train
ID_BPA864WL,train
ID_VBU87EAB,train
ID_MLMGOGKV,train
ID_JTGDL5H4,train
ID_TFNIZIPF,train
ID_9PPIPS67,train
ID_H5O5WYYI,train
ID_ZYQNK1DF,train
ID_O2MCPU42,train
ID_XQM90PBQ,train
ID_1SG43P7F,train
ID_4AB4EY4Y,train
ID_ARX7L5JK,train
ID_M7K6692Q,train
ID_TBEORI4Y,train
ID_GCLTW03R,train
ID_AN20ILFY,train
ID_Z7EGT701,train
ID_6YKB5WAA,train
ID_IKWTDGBL,train
ID_98IMFDYS,train
ID_XPEN5LCY,train
ID_AIKS1X2Y,train
ID_CGUYD4OT,train
ID_ZDPH0T9X,train
ID_ABIA1TP6,train
ID_8EK4SEQ2,train
ID_3BVVFY41,train
ID_LN96KNGJ,train
ID_3EEZRECY,train
ID_SU5D6OBJ,train
ID_L95LFAZ6,train
ID_6HAVUF1J,train
ID_2M9VMY3H,train
ID_4FS04JVE,train
ID_WFDYUYRG,train
ID_B32HKLEW,train
ID_JREK26NN,train
ID_E0KA9UXD,train
ID_H69DFFNN,train
ID_8SO1OX8V,train
ID_D3DE3FPV,train
ID_R5RG3CAO,train
ID_E66KNNRP,train
ID_JL3H3WI2,train
ID_UH6KA3OT,train
ID_NNOHPABK,train
ID_9SHXGTYN,train
ID_0MEA1QXX,train
ID_OW60IQE0,train
ID_25SJZDES,train
ID_3ENRE6Q4,train
ID_98DIB1XN,train
ID_3U9C3NFP,train
ID_8CX2CLLE,train
ID_AVPNWGAF,train
ID_JCBSZ480,train
ID_B77D73R4,train
ID_EI13OP21,train
ID_AASXWXBY,train
ID_Z0YJR1EM,train
ID_I0DDAZXF,train
ID_QNU5YIO4,train
ID_ZLIO1UE9,train
ID_KHD26BID,train
ID_9SR21731,train
ID_T2LLWUHE,train
ID_H4CHFQUL,train
ID_DUS9FCXO,train
ID_G7BI0TC3,train
ID_L2XH7SF0,train
ID_X4ZADYIY,train
ID_2QN9MQE9,train
ID_Y2A5ZOX0,train
ID_BYDNHT2S,train
ID_HO7HGL85,train
ID_4DMFPTAX,train
ID_OQFMDGVU,train
ID_I2XQ5DFQ,train
ID_1IJ2LTFA,train
ID_ZGJIK2II,train
ID_G4BQ01FO,train
ID_7PFLT1OO,train
ID_XDOX1QY5,train
ID_YQ8N6G08,train
ID_VX91LRBB,train
ID_ZUBGVM7Z,train
ID_YPJ4HD5B,train
ID_517O3952,train
ID_NDVAHR09,train
ID_J5PKYUF3,train
ID_RKE669ZH,train
ID_KUPYK80H,train
ID_YGSWWAAI,train
ID_QDLUHBY1,train
ID_F21IHG8Y,train
ID_PSUE6GNS,train
ID_9UFIKC09,train
ID_TVF6HQ6B,train
ID_3WQWQP1L,train
ID_2EWZVDVR,train
ID_HHIML117,train
ID_5PWO359P,train
ID_RBM24PWO,train
ID_3SZ8VYOT,train
ID_YQTWCQNT,train
ID_OZXY6NYI,train
ID_PD8FB9LP,train
ID_U986NWO5,train
ID_2ASHMNFE,train
ID_FHMROMXK,train
ID_BOV8LD17,train
ID_0C7EVRLT,train
ID_432LLWXW,train
ID_7V28X8IH,train
ID_BAO9D7MG,train
ID_MBENQ3PR,train
ID_SLCAZV6O,train
ID_T366GX28,train
ID_9DULWPK4,train
ID_MHV715XN,train
ID_YVLXJBUB,train
ID_YEWKIHBY,train
ID_04QVJZ4F,train
ID_JZK4K7W2,train
ID_14PD0GG3,train
ID_Y6L5GLWQ,train
ID_SO6R5AHP,train
ID_2IT6JZJC,train
ID_J2YOBYL9,train
ID_9UYXZF4C,train
ID_ZGAI6S6Z,train
ID_YH2MUA71,train
ID_EC1E27NN,train
ID_F3OTXX66,train
ID_USTH7ZM3,train
ID_G9HQ7GD5,train
ID_NBRR7H6P,train
ID_ZBPOQQIJ,train
ID_OCI2IAAH,train
ID_3CCQM3X1,train
ID_CBM51XSL,train
ID_JP9NLOZX,train
ID_NUCDUWAC,train
ID_MHZAL9AD,train
ID_4NEPJRXT,train
ID_0HX8TOSL,train
ID_74PX2R89,train
ID_R0AQI7U8,train
ID_N5LS9ZPU,train
ID_YIBFTE4L,train
ID_LFS83LNH,train
ID_SPIGBOFZ,train
ID_W9D4IDWD,train
ID_2F6Z0BXT,train
ID_THIG2GRK,train
ID_6G1U2MLH,train
ID_IV4GY310,train
ID_4KV1SHMK,train
ID_J733V89T,train
ID_XA60ALI0,train
ID_O4DUO562,train
ID_MZHC6X39,train
ID_ZV034L34,train
ID_CPL5H14I,train
ID_R9DMT61F,train
ID_JM8U0Y65,train
ID_XODY8CFX,train
ID_0PAVP28I,train
ID_O6SWKDAI,train
ID_CGQ4ST28,train
ID_GAAPE0KH,train
ID_TJR3X8HS,train
ID_XSM00NVU,train
ID_VK7OSM58,train
ID_GI4G3ALS,train
ID_2GUKZ9NI,train
ID_IZW2U5VZ,train
ID_PTB5L2W1,train
ID_09PBSKS8,train
ID_EP9O29N4,train
ID_9WD2Q4DT,train
ID_KAUCPK77,train
ID_KDGRAMJS,train
ID_D14P50SO,train
ID_J67WCT1I,train
ID_CGUYT4C9,train
ID_XD8K1X5T,train
ID_10HAVS9I,train
ID_9T7EAHKK,train
ID_OIWQQY1C,train
ID_71JEP3IH,train
ID_TK8SAXTU,train
ID_YZJPQQBG,train
ID_VLYPMU3J,train
ID_0F5SP0T8,train
ID_PA2Q565G,train
ID_CWRBD6TV,train
ID_NEPLA0QE,train
ID_JEPLW0DG,train
ID_HERWKJNR,train
ID_KC2ADWZ2,train
ID_8DN8BTTX,train
ID_1JPTZCMC,train
ID_27T3OEW0,train
ID_NK09UYOO,train
ID_Q3M257J0,train
ID_08PJL99X,train
ID_UXB81YPT,train
ID_FTZMPZYE,train
ID_FOLT5KCT,train
ID_2UQ6NJX6,train
ID_94JGJ50I,train
ID_ZY7VJ81M,train
ID_AT0ZC9ZJ,train
ID_ICO2J92A,train
ID_9A13VXFO,train
ID_C5NRB3MM,train
ID_CSZS310R,train
ID_00W0SZIH,train
ID_JC33VIZE,train
ID_WMIYS3MR,train
ID_PPRYFYWT,train
ID_PY9SD0S2,train
ID_4CYS3BCA,train
ID_KXDA6CVI,train
ID_H6C8CF6L,train
ID_6Y26ZJ7E,train
ID_5TUHKRDV,train
ID_Y9LOP5GU,train
ID_8BJDTNQK,train
ID_5FDI4AA5,train
ID_INCTFPLG,train
ID_P00RACE3,train
ID_VVM6QUPQ,train
ID_LIHZ9B7M,train
ID_HZDD4XOP,train
ID_CSFGUXW0,train
ID_VBJLFA0X,train
ID_ITMLXQD5,train
ID_MP5TK8IN,train
ID_ZBJE8FM0,train
ID_JKG7NDM2,train
ID_VE582SV2,train
ID_5S7L08ZS,train
ID_4LUR8NQ2,train
ID_5FZSYS0K,train
ID_LZZAIKT9,train
ID_03OLJQKV,train
ID_ONFHROOY,train
ID_MBP6AWET,train
ID_FXFBSOSL,train
ID_33Y67GSY,train
ID_5MMCJXPI,train
ID_JSBINOP1,train
ID_TBH6NXZJ,train
ID_RY7VRCUC,train
ID_BLUHCTFC,train
ID_APQ9IQPI,train
ID_QG0R8G19,train
ID_V1YRBBTX,train
ID_JJCBSASV,train
ID_YDFQKB6B,train
ID_2YCQM955,train
ID_T4RJQ1BD,train
ID_5EDUVFVR,train
ID_CA4EXVLJ,train
ID_QPO6HQCL,train
ID_ZK3H96D4,train
ID_9DGY0HDB,train
ID_BBEXBORO,train
ID_RQPMCHUC,train
ID_XBM7AC2D,train
ID_POFKRT46,train
ID_M9YDZGL5,train
ID_4N3KTG42,train
ID_48ZVIBOV,train
ID_DG1C51J0,train
ID_HV0YKUTY,train
ID_N8BSGAIQ,train
ID_XUOAEIPG,train
ID_O3Q1P140,train
ID_OL1UKK2P,train
ID_P4E9UTG8,train
ID_6U263308,train
ID_0AB88JQR,train
ID_UGE930NW,train
ID_X93N6MVO,train
ID_N1Y9GNH8,train
ID_T062EIVQ,train
ID_3EBD0745,train
ID_BRVBJJ7Q,train
ID_IGWRYPTI,train
ID_6RTXDOQV,train
ID_7G1A7XBT,train
ID_5DBKIIP0,train
ID_P342L69P,train
ID_28PT58DL,train
ID_VB4WTT62,train
ID_IVAF4T5M,train
ID_EP7RO1TN,train
ID_OXT7ZHX6,train
ID_GHWIRM9I,train
ID_NDWAEPL5,train
ID_7L3H4CPH,train
ID_UZRRDOWK,train
ID_1BJD2HQI,train
ID_XVZPTM05,train
ID_PIWUL8DP,train
ID_4FW8Q3QK,train
ID_LGKXBOFX,train
ID_99WYZVOH,train
ID_XZ27ORFM,train
ID_L2UXVQZO,train
ID_XHX78S47,train
ID_W28ZPDFS,train
ID_62AJQVUU,train
ID_0OCVBBI6,train
ID_UHQRP56E,train
ID_ZF1SBAVA,train
ID_RA0VROEZ,train
ID_V3IRCS9L,train
ID_PTRGKREA,train
ID_I9SMFEYW,train
ID_U1JR9I9D,train
ID_JIBYD0SC,train
ID_L2IR5VLL,train
ID_J624LUEU,train
ID_CLIFVD2J,train
ID_JO50S2GV,train
ID_4288VRAT,train
ID_O4PWZ6IL,train
ID_GBYWW6I9,train
ID_GHEUC613,train
ID_RD908UU5,train
ID_A3YETIM2,train
ID_TETKTC5X,train
ID_M4578BLN,train
ID_JQGJEJTS,train
ID_DE2EGXFJ,train
ID_6NOMPAJ2,train
ID_D90SY7P8,train
ID_NTCE8ALE,train
ID_879LVN5R,train
ID_URY1H0TA,train
ID_WWEQE2IF,train
ID_VCQN29JE,train
ID_15NA5PT4,train
ID_9HUYVRHS,train
ID_73XMCIC5,train
ID_712BG9FR,train
ID_O3ZA9R7D,train
ID_1PEW89JY,train
ID_7X0EP3W7,train
ID_MWOEM0NL,train
ID_YOMAAKTL,train
ID_XSE8SA37,train
ID_3XFZ46UW,train
ID_GTPO0BNV,train
ID_VWQR5IHS,train
ID_4WQRPLY0,train
ID_MZZCZF7Q,train
ID_MWVYBNMZ,train
ID_9H6FNIT7,train
ID_LZ0FOZ6T,train
ID_NTWEFXV6,train
ID_2THT8AX1,train
ID_F2V62ECZ,train
ID_JBX9B76S,train
ID_VYHDS0PX,train
ID_80IHUSIT,train
ID_4L6VNF39,train
ID_W79Q6DQC,train
ID_HKVBWK77,train
ID_8062AY2W,train
ID_F06Z5KC7,train
ID_5QR4VJK9,train
ID_KFBQEM6T,train
ID_446NU3WF,train
ID_1TRGVSOQ,train
ID_Z9ITHOIO,train
ID_MQFGPT7A,train
ID_QNUYEVEL,train
ID_ZAITKXUT,train
ID_NT97OK57,train
ID_LLPFDE56,train
ID_PIT1SIU9,train
ID_DLXFP96T,train
ID_S913E9IJ,train
ID_CF7AM7VG,train
ID_C6Q8MK9S,train
ID_0M9FE3HO,train
ID_480JFD13,train
ID_G2W59Y4B,train
ID_SFRSS5CP,train
ID_F8I5KLFP,train
ID_5UXJZ3IC,train
ID_P6VENZ8C,train
ID_XH20LEKK,train
ID_FF8P9T8F,train
ID_PCTJ87FD,train
ID_9MN6AJYX,train
ID_EXCD50LB,train
ID_CVEVDDLM,train
ID_QOQ8TOHR,train
ID_O1BPJLLP,train
ID_TYWD1TRO,train
ID_GOS5XBCE,train
ID_U106ECMR,train
ID_R13MC6KT,train
ID_P8A58G3Q,train
ID_7US37WQE,train
ID_HFJ8WO1E,train
ID_XBA1EMP5,train
ID_3Q3G8GVT,train
ID_AI2K4HP2,train
ID_2KTTK7PF,train
ID_M5SEW998,train
ID_HDADDRAN,train
ID_C4BRZZSE,train
ID_H1BJEDVU,train
ID_R311IB65,train
ID_M76A8YBQ,train
ID_0O28N63G,train
ID_W7P7S0MR,train
ID_TAE1TOY4,train
ID_I9JZE9V7,train
ID_HSGUKYF8,train
ID_0OL163RK,train
ID_OTUW0UI0,train
ID_CAVJLEEO,train
ID_O2VYQNCG,train
ID_FP2O2OGR,train
ID_4P9HGM1S,train
ID_TX571U2W,train
ID_HRE1HXR8,train
ID_RCSJR7VZ,train
ID_XKY6XF8K,train
ID_AABRPK8O,train
ID_INLQ45UV,train
ID_1W6F13Z8,train
ID_76GZV0IT,train
ID_CFN3QPEZ,train
ID_UZR3H52T,train
ID_9XTDTTY1,train
ID_G68O46MC,train
ID_5MVIRMAO,train
ID_9FNM6Y7G,train
ID_44ZAX7U4,train
ID_QC056YKK,train
ID_58LNK1NJ,train
ID_B71IHS1V,train
ID_K8BF7ND9,train
ID_SV0TOCHW,train
ID_GECWKDPY,train
ID_28T4V92X,train
ID_8F1YGS71,train
ID_01DF0C5S,train
ID_L2IATEG3,train
ID_2PU9CR0Z,train
ID_BZZKB2ID,train
ID_MIXXCTAB,train
ID_ZE9Z6YPB,train
ID_1QRD06ZI,train
ID_74N641UW,train
ID_EEV8D7ZI,train
ID_R3WFEORX,train
ID_9NFO4M6G,train
ID_8KZ4BOIN,train
ID_SJYZC2CP,train
ID_8ANJD411,train
ID_WUOXSJIR,train
ID_X4S64AD9,train
ID_8H1X61OO,train
ID_96PX3C3A,train
ID_S2SG60EF,train
ID_ZWPR7POS,train
ID_PEJT6W1F,train
ID_XMIJS0AR,train
ID_YG3XDJVD,train
ID_EVKKPKW5,train
ID_JVRRDHB1,train
ID_CSE1KSJV,train
ID_CN7JKE3M,train
ID_KGMNO387,train
ID_D4G4C8TC,train
ID_7BNM0MXT,train
ID_CFQFPK1K,train
ID_D5VWTE4C,train
ID_OLPDBOUG,train
ID_P2MA3BAA,train
ID_2L31WVUS,train
ID_NPASY3QE,train
ID_XCI2IJ5D,train
ID_7Q7PKM17,train
ID_IT0DUYW0,train
ID_9U90ZL21,train
ID_J7TQHBJ9,train
ID_4T5QNJ7Q,train
ID_S45OVCYY,train
ID_XY6N2GZR,train
ID_V3YBDZI8,train
ID_YRZ0XY9B,train
ID_76HT3RKP,train
ID_HZGNMQ88,train
ID_C67ZEQAE,train
ID_8LLC6OR4,train
ID_MFVKK4FO,train
ID_BJSMVVCW,train
ID_5ZUO8COB,train
ID_WH9DKWOZ,train
ID_E3SKA7K8,train
ID_5ENL5BWI,train
ID_8SW188WD,train
ID_9EC6AVIO,train
ID_OP2UXGT7,train
ID_X8TUH8P9,train
ID_QWY6X99I,train
ID_K7WOJEHO,train
ID_1UWMN9BZ,train
ID_2FSKLZ4U,train
ID_PPRGJNBW,train
ID_7JMSTCSV,train
ID_18V0XMBI,train
ID_AI5491Z7,train
ID_XK5MNXJC,train
ID_ETRI8MZH,train
ID_E7NB6D5C,train
ID_M8195LRB,train
ID_QOSJK5QY,train
ID_THTFC8GC,train
ID_UEVQR9FH,train
ID_KQVLLUM1,train
ID_2PYUG503,train
ID_0Q174WEI,train
ID_DYWKSCFQ,train
ID_DP6RDBPB,train
ID_9FETRV8Q,train
ID_21U47027,train
ID_189XEI1M,train
ID_D79X9GBJ,train
ID_0D8QU1EO,train
ID_00APGSBM,train
ID_X0DNHVPH,train
ID_K360HCSH,train
ID_PBYQZYBK,train
ID_MCZEAPKH,train
ID_Z590S6QB,train
ID_EK12RLFO,train
ID_OT4JU2WN,train
ID_VNL44KED,train
ID_JJ3LU6WO,train
ID_TKLY10T9,train
ID_SHCTIHXO,train
ID_MDI1AGJK,train
ID_HEHDUAGH,train
ID_8EL1JPFU,train
ID_8RRCPXR2,train
ID_Q1DNIPEM,train
ID_2GGWRKEN,train
ID_5AVZDNTL,train
ID_NPTPRC43,train
ID_FQIBXRHE,train
ID_95ONOET6,train
ID_GX9255YW,train
ID_QDLLNNUS,train
ID_G58487QL,train
ID_5K9NEJJG,train
ID_2VRXW0VO,train
ID_GXHVJ4JJ,train
ID_1DVRG0V1,train
ID_6KGHMHJ9,train
ID_0NJZTSMZ,train
ID_OHKLS36W,train
ID_3SKEBKVA,train
ID_K574UUC3,train
ID_2BZT6X2C,train
ID_AW5SI8TX,train
ID_BV1BZMGN,train
ID_RLYQ2Y7P,train
ID_6O1CRCGK,train
ID_TSSKM2H5,train
ID_GHTA5AVX,train
ID_20VR8V5U,train
ID_A0YDNAOW,train
ID_NDUX1F15,train
ID_NFU7IBEC,train
ID_RFL0P5LL,train
ID_Y9YSZK9V,train
ID_R51M86YV,train
ID_32XR82XM,train
ID_ZOLW6761,train
ID_TG8W9Q8R,train
ID_TCYXA9UW,train
ID_O6Z0Y3T1,train
ID_JYINNGGP,train
ID_R40P5WDJ,train
ID_7SPR2YIH,train
ID_J2QSRGXN,train
ID_E3I5IEC0,train
ID_ZO6P3WCA,train
ID_ATIEV7EY,train
ID_I65JYX83,train
ID_59UK9L5P,train
ID_1JA4EE71,train
ID_9B6P6PGA,train
ID_9WOM7EG8,train
ID_BCWIZ463,train
ID_CJ9RB2NO,train
ID_1D0IOK5R,train
ID_G1AF6N4D,train
ID_40UANRQZ,train
ID_7WX7NURV,train
ID_B1CM5IYR,train
ID_YCVZZIDB,train
ID_RJEX8XBB,train
ID_I6UQ7RLX,train
ID_MBHVSGN2,train
ID_N0Q147S9,train
ID_GJFYO029,train
ID_94NR9M9X,train
ID_TZG2H5V7,train
ID_9SPT3RXI,train
ID_95FG852J,train
ID_88GFLMXZ,train
ID_NSZOZDC7,train
ID_DBXPHLUN,train
ID_CVO122I5,train
ID_S8MPC9AX,train
ID_CVVIP6CD,train
ID_ZH2SU7QJ,train
ID_5GO4BZIF,train
ID_NBTH4AWC,train
ID_RG24604K,train
ID_OLVTVHE8,train
ID_JKUBFZHN,train
ID_2U8C3MNF,train
ID_ZSDVPUUJ,train
ID_VJOUYXC2,train
ID_QGS94M76,train
ID_OYTIWUZU,train
ID_VUI6F1JX,train
ID_2IZBB53W,train
ID_ZXJWBYNY,train
ID_F65OTOCE,train
ID_IYCO08OT,train
ID_NCSYER5P,train
ID_2AVRHIGF,train
ID_4TK6U23T,train
ID_43T8H8B8,train
ID_J9QA7EJO,train
ID_NRYHMG8S,train
ID_2UBV78D9,train
ID_ZIOSIHTJ,train
ID_HUEK4JLH,train
ID_R9FN3VR7,train
ID_800HNEI4,train
ID_5SG4B3BV,train
ID_QYEFZUOY,train
ID_NJ8DZQ9A,train
ID_H92RTHKV,train
ID_TONYSZAD,train
ID_CNNAOQU5,train
ID_3NU9FAHZ,train
ID_PCCVXLCQ,train
ID_6V43FC39,train
ID_Z3CMX174,train
ID_JXXK9GGQ,train
ID_291QS54Q,train
ID_NAX7V4AX,train
ID_36M5P2R5,train
ID_H6BK0SW3,train
ID_7TXPJN5U,train
ID_J5VUNR3M,train
ID_EPN7ECBR,train
ID_L98V2000,train
ID_PZIFVP51,train
ID_0BTQ0PFE,train
ID_O1H6ZVLS,train
ID_UVEA5QXE,train
ID_JCRW7VWB,train
ID_JL5DBM3I,train
ID_G1M7IAN7,train
ID_JZKVH28Z,train
ID_M0DATL8S,train
ID_HQIA6KNW,train
ID_SKEAG6MT,train
ID_ZF8WA3J3,train
ID_HGRVHSUV,train
ID_B6B1VL40,train
ID_ZTOJKBFN,train
ID_SAODXRD3,train
ID_63W5Q4XP,train
ID_SWDDWID1,train
ID_LK35ITF5,train
ID_SML2KECD,train
ID_4GIGCA98,train
ID_QEVVXSQV,train
ID_E0W7J1JX,train
ID_8C8K0DTY,train
ID_1EMQMLZK,train
ID_47QOP0LR,train
ID_5XMY8CXW,train
ID_MR3P5PH0,train
ID_HHVV01EK,train
ID_765M514S,train
ID_N1V9XLUZ,train
ID_NHOTXO6H,train
ID_4QA0P3PV,train
ID_EW87BP6D,train
ID_75CGJG41,train
ID_AFDLGLW6,train
ID_ZMPC1SHK,train
ID_NNKP5DOA,train
ID_39BY8W94,train
ID_JSS47J9M,train
ID_2CJWFYTT,train
ID_208BKLVV,train
ID_MHTHYVKR,train
ID_XSG6NS0S,train
ID_518XXZUQ,train
ID_W7HWUA15,train
ID_ANV9AKDT,train
ID_33HUJ5AN,train
ID_BT1JPQYP,train
ID_EPHOGB0F,train
ID_W0W2XZ20,train
ID_QT7E2EL5,train
ID_1Q5MT66O,train
ID_UEUPTTX0,train
ID_F6VQ08N4,train
ID_7P9MTYVH,train
ID_UBYZWNIG,train
ID_OPMHFGQJ,train
ID_KL91WLKW,train
ID_CYBGNT3N,train
ID_0YAKP8K0,train
ID_L5TH24CH,train
ID_950K1ZMR,train
ID_O84OGTVV,train
ID_SZS5I0VG,train
ID_8QQ80X29,train
ID_ABAHLB1M,train
ID_I1S1BKMZ,train
ID_CW9CSHOO,train
ID_JYJY8E3N,train
ID_PKTLCRRH,train
ID_UDF9JLFI,train
ID_DD6JZ6K9,train
ID_8O5S767S,train
ID_YI66KEWZ,train
ID_9FDD61VE,train
ID_7IQA5IHF,train
ID_A5KFW215,train
ID_3N9PSB26,train
ID_5TR7A3VC,train
ID_I78HI1WM,train
ID_WDTPCCEE,train
ID_X0M5YK3Y,train
ID_0E72RKRY,train
ID_YWK8G8Y2,train
ID_MGH5VBLV,train
ID_5BTGE0FQ,train
ID_UVQRMGZ6,train
ID_23QGTT6S,train
ID_TP3Z2PXJ,train
ID_XEOPHDED,train
ID_PYZ1E1IK,train
ID_ITND8XWT,train
ID_EDM5SXM0,train
ID_CH1NXUI9,train
ID_AXHWKX9Y,train
ID_BA0NVO9J,train
ID_W0KC59T2,train
ID_01ITGSCN,train
ID_W4D040KC,train
ID_N840SRH5,train
ID_G7UG8MJE,train
ID_YG69TG6P,train
ID_GQ7RVYYS,train
ID_4T5A4Z1E,train
ID_G17QYE11,train
ID_3BCDXCTG,train
ID_1Q9YBUNS,train
ID_T96HJPTB,train
ID_AKFUWLPS,train
ID_4AHDBMQ3,train
ID_XAHMLZ05,train
ID_QCGEPIDJ,train
ID_QR9AMP0Z,train
ID_4PQQ9EYF,train
ID_YMZJX64V,train
ID_EEYO9NNA,train
ID_YH8JJ3WD,train
ID_VI61FRM3,train
ID_YY7PGYV4,train
ID_I9JFK9LZ,train
ID_ZNL7IFMD,train
ID_Q25ZLECN,train
ID_J0RCUNRN,train
ID_STQRTT39,train
ID_9INI41YX,train
ID_M34YFAR2,train
ID_GFXKBY6C,train
ID_QVALFJ2O,train
ID_QSLLIEIQ,train
ID_0XWCQ752,train
ID_0XUBFS0E,train
ID_1ULWE72G,train
ID_N0P8IWTZ,train
ID_QMYQ8GMF,train
ID_BW4L09PZ,train
ID_B0QXXKQO,train
ID_S1WFLNMD,train
ID_X4OC6JYD,train
ID_EVXXGLAQ,train
ID_QZ90H81Z,train
ID_68PREN0U,train
ID_8SQ47CFP,train
ID_H101M8VG,train
ID_7AZZNC3Z,train
ID_CCX4PRX3,train
ID_MF76HCS1,train
ID_OTI6LDZW,train
ID_O11GE1QU,train
ID_HJ5253OT,train
ID_1C3O86XD,train
ID_0OKQ3VWN,train
ID_N96RIXDY,train
ID_1HUXD9R4,train
ID_J5ZY8GDI,train
ID_JYRBV7WC,train
ID_CTFRUMJ8,train
ID_EQMDETLR,train
ID_O6KDFTHL,train
ID_EITQNNS9,train
ID_MOTS9289,train
ID_3AEGUN98,train
ID_1HTFY0PN,train
ID_4FE9S7O4,train
ID_VSYZZUAR,train
ID_Z9EZTUT7,train
ID_01M0TJ0G,train
ID_D9PKMPC3,train
ID_4H1ZVCID,train
ID_29QIZ9YH,train
ID_9MUCUNF1,train
ID_IWQZEFGH,train
ID_A0LLXG7F,train
ID_IJE9EYKZ,train
ID_DNDW1MIY,train
ID_7UNOYWYM,train
ID_7AN1DI92,train
ID_RPGCS8KW,train
ID_GQ72LZFK,train
ID_3I123I2V,train
ID_EHPEL7K4,train
ID_VOLCYJM4,train
ID_2X16KBXI,train
ID_6DC2J3MU,train
ID_3DSOVLR1,train
ID_Q0YJG3BY,train
ID_YV9X3U1H,train
ID_SOO0YPQJ,train
ID_87CA6HHN,train
ID_68NQHT3A,train
ID_MTIP3PG5,train
ID_JMZB7MRW,train
ID_PJV8PUUC,train
ID_6M9EKPN4,train
ID_1TIEBGF0,train
ID_ESTFS9WU,train
ID_HV3M01ZV,train
ID_S5ZM0F3W,train
ID_GOAX51RH,train
ID_TJJ1XMPH,train
ID_BG60K7MS,train
ID_529XR2NS,train
ID_F72C2DA8,train
ID_RH0HW8S2,train
ID_VEU14HZX,train
ID_XK5YOBZL,train
ID_WXLGUTTE,train
ID_J06933NF,train
ID_MYK7L1LU,train
ID_WEYPL76S,train
ID_XPJFJC5J,train
ID_PJCY3VV6,train
ID_KXQO68EA,train
ID_PT4M6LL2,train
ID_J3K9XYPS,train
ID_4Y3JGUWC,train
ID_V6OJ606C,train
ID_VZV6YB34,train
ID_I24GSEIS,train
ID_4MCSSNUD,train
ID_QMRQ8CQT,train
ID_GMSVSK2O,train
ID_1AJRQH6O,train
ID_OJJOR4RH,train
ID_W80JD9UE,train
ID_6KD9C25W,train
ID_TY6ZOXWX,train
ID_D69VT74N,train
ID_XXJ3538V,train
ID_VYYHGB1P,train
ID_RK5MI3O6,train
ID_RZ17M6N8,train
ID_3CER6WBZ,train
ID_8E9GC1F0,train
ID_99KVDDG1,train
ID_VROL6NU6,train
ID_JXE0BUDS,train
ID_LPM4FO8P,train
ID_IA0Z3BWF,train
ID_EFZU7JRW,train
ID_HAZ5YBSY,train
ID_HU6PDJY6,train
ID_NDE0AZR6,train
ID_T0C1V2DK,train
ID_YUOT2JZW,train
ID_QFKVGVMK,train
ID_QD9K1XG1,train
ID_VO00GVHK,train
ID_P0C9WPYX,train
ID_3NG0NZ64,train
ID_R7LRQQIE,train
ID_Y2MMYEWN,train
ID_91NSRUS0,train
ID_DXUOAIR9,train
ID_DHTQR35A,train
ID_WK5DKD6O,train
ID_LKQ4V0IV,train
ID_UPLPGPEQ,train
ID_V3GU41XP,train
ID_J2ZXSYXV,train
ID_0OIP8K3X,train
ID_L3HQH3ZB,train
ID_ZFDH1RGJ,train
ID_GPCLK1KS,train
ID_84YYBA1Z,train
ID_EJ013A6E,train
ID_2G9M4Q56,train
ID_EMLIJ6I1,train
ID_QWT52IRY,train
ID_IFAX4TXP,train
ID_UQ7HHTOD,train
ID_WLH4AJSI,train
ID_C2U5B6R2,train
ID_5PWZCWYC,train
ID_VSRASCMF,train
ID_Z0U37IBW,train
ID_RO84SOHX,train
ID_LZDFA9KI,train
ID_02ITC2MU,train
ID_REN0R4Y6,train
ID_B9RTO777,train
ID_JXS427IC,train
ID_3DSEU51E,train
ID_E4LAJ8EP,train
ID_08S8OU7I,train
ID_1KCC649G,train
ID_WLCAEJGX,train
ID_WSTOPUKS,train
ID_UJCV5HD4,train
ID_JG4J53GN,train
ID_8B5ZV86D,train
ID_XLGQ46FQ,train
ID_GZQ0MEYF,train
ID_6RZAJ1OA,train
ID_QRN8YL4O,train
ID_ZHRLXOE7,train
ID_1T5A7AG1,train
ID_GK19N40V,train
ID_36HBRUGK,train
ID_3OWLK8AA,train
ID_AB0OTRJZ,train
ID_IZSJ6M77,train
ID_I16E6F2H,train
ID_EGSV3K7T,train
ID_Q6O5Q3XD,train
ID_FRX9XIHP,train
ID_OB4FZC0J,train
ID_GGTOW499,train
ID_ZL6J3OQR,train
ID_NZ39F4VX,train
ID_ZI6BOMOF,train
ID_1LH4P772,train
ID_EK1C8L6X,train
ID_TSQU7Z3W,train
ID_UNLLGA6Z,train
ID_PACXV5UB,train
ID_BUFAZVK5,train
ID_ABW7BP5F,train
ID_CNHSBFDL,train
ID_RIDM1ZVF,train
ID_PSRR9P3F,train
ID_EHF79RTQ,train
ID_SYRH5W9V,train
ID_TTEHPVWV,train
ID_PL7YSIBU,train
ID_UFKFK8NH,train
ID_XE668P4S,train
ID_GKCHVD5M,train
ID_42TDK9ZF,train
ID_70YPID4J,train
ID_U8YNS4VD,train
ID_9QG28TDU,train
ID_ZH249E9D,train
ID_REUH3UVC,train
ID_381ZJ3WZ,train
ID_O6AI1WCI,train
ID_ZS5JYI0Q,train
ID_59T4A3HJ,train
ID_AMRY7DDW,train
ID_MQ1WWXF3,train
ID_08W3GW55,train
ID_F98L8LDA,train
ID_FA8S7OCS,train
ID_JN8IUN65,train
ID_Z74LBU4N,train
ID_R9ZS3J6B,train
ID_ETHFFNDS,train
ID_EK1NJFD2,train
ID_PSD5FCON,train
ID_XPG2M74A,train
ID_BYKKWUXE,train
ID_29M061TA,train
ID_3TOEO4KI,train
ID_48SY1A4R,train
ID_41NCQRZU,train
ID_6ZRQV5BP,train
ID_ZO6GXDNY,train
ID_HQO48XW5,train
ID_EQ5YPYXM,train
ID_OBTQ70PW,train
ID_Q3ERB3PI,train
ID_VID1OG5K,train
ID_SKVOTW3G,train
ID_I68MY79X,train
ID_52YKP56V,train
ID_DJA90HCS,train
ID_JO7R2O5Z,train
ID_STBNBVIN,train
ID_WKTYWOYV,train
ID_51YO4X1E,train
ID_IRGGTNBE,train
ID_NNDCVMLO,train
ID_FPBWC1XA,train
ID_D4MZ5KQQ,train
ID_SET5VK4B,train
ID_HM1EBY74,train
ID_X5JY352R,train
ID_1IQVELLI,train
ID_Z5JE0UVJ,train
ID_3O4406TX,train
ID_Y9M5RNA3,train
ID_MXQ9U8PM,train
ID_WPWKUTEI,train
ID_DTE1E5G3,train
ID_DAL1A2RD,train
ID_X0E6AGBW,train
ID_6Z669F62,train
ID_TVAPRS6Z,train
ID_SFIFX1HM,train
ID_QK5S746Q,train
ID_B6JYQUQ1,train
ID_RD8DD0GV,train
ID_RIDPP6UZ,train
ID_R9N6V0SR,train
ID_B844KSVU,train
ID_25OKQ05J,train
ID_O42126L3,train
ID_VOECOHIM,train
ID_2NF3HM11,train
ID_Q30SF934,train
ID_8P82EFFS,train
ID_J5HY1EKW,train
ID_23ETAO0C,train
ID_TI9TC627,train
ID_NYXHUBWU,train
ID_BJFT644W,train
ID_WC13MTLA,train
ID_EK4887J3,train
ID_M62CFUT7,train
ID_WFYDQBNM,train
ID_DNS7WAI0,train
ID_395UDLLC,train
ID_WUTAQL8G,train
ID_65CTGWNV,train
ID_12VB4J9G,train
ID_0RCKB5ZC,train
ID_DLF2YXIP,train
ID_KRONDSOM,train
ID_P63SFY1K,train
ID_TVMUF9HJ,train
ID_IZ7L1XDJ,train
ID_BJRKHVK4,train
ID_18QXXTD3,train
ID_ZEUKQ089,train
ID_VAVI3G5D,train
ID_MMCU0528,train
ID_5Y9HUE2H,train
ID_BR8GY1SL,train
ID_Z802O6NJ,train
ID_2XGMJX26,train
ID_T2EFUQDO,train
ID_UFLBVICF,train
ID_7FWO5A5Y,train
ID_YBIBV511,train
ID_GKDWY3B3,train
ID_A15O3T4D,train
ID_XEHSC094,train
ID_BQ08RWYP,train
ID_6PBOLLS3,train
ID_T2G1WAI0,train
ID_R9Q91KKY,train
ID_S4LLNIEU,train
ID_52GM6YUY,train
ID_CKNK9OOC,train
ID_LKSPX4BC,train
ID_1IDD7H18,train
ID_VPGCEGTT,train
ID_QB2MFTHV,train
ID_KDCO55R4,train
ID_OZWZZ1T1,train
ID_EC5U6J26,train
ID_RU3S3ZBC,train
ID_FGHXSIU7,train
ID_1ZSY0IDM,train
ID_986LKZDD,train
ID_451T7QM4,train
ID_O2BG1TRB,train
ID_BMWL4DHV,train
ID_406TQSR5,train
ID_KXWS3716,train
ID_8J1OTUNB,train
ID_WU2X22QD,train
ID_MLPID79M,train
ID_031X75CU,train
ID_N7MPB8WS,train
ID_BHTMT505,train
ID_D57JH5LI,train
ID_1G8ZG63X,train
ID_EY4H2HJH,train
ID_OZNHSRT8,train
ID_9FXQCRHX,train
ID_PI1JVPYR,train
ID_Z5S7N9D5,train
ID_N08JAKHQ,train
ID_3SLKFP7W,train
ID_S6B9MY1Q,train
ID_1TNGHE4T,train
ID_3DNNG9IW,train
ID_07IEJ8BR,train
ID_BHACH0NJ,train
ID_VAT02UDB,train
ID_6GMMT6UE,train
ID_CZJS1XH9,train
ID_4YJF9IVG,train
ID_SFMIXMEN,train
ID_PIK8KROY,train
ID_5TAGAWE3,train
ID_8UJ6SKU3,train
ID_YM1BWAGM,train
ID_8DENFFZD,train
ID_UEJ51LYV,train
ID_7H1YFOZJ,train
ID_LA9CNFHJ,train
ID_ASF0V68T,train
ID_SX2XXQP4,train
ID_5UOV13FZ,train
ID_VQBXXXBE,train
ID_RDP4WIZK,train
ID_65F7M19E,train
ID_B5YKH74L,train
ID_UNVHNYBA,train
ID_H7FNNZEW,train
ID_LYKZ8I8K,train
ID_Q0M2UAPD,train
ID_WWMIGR9Q,train
ID_2GK8WEAT,train
ID_IBKRBR2T,train
ID_F47HJL7Z,train
ID_V1OV3ZF9,train
ID_E41OGPF6,train
ID_UMGVH4YR,train
ID_U32C47G7,train
ID_VNN33KH7,train
ID_W64UF8RD,train
ID_G8GVIJ9W,train
ID_7PRFED9A,train
ID_DO18ZMZJ,train
ID_2QVQ68ZF,train
ID_CX8LYG1T,train
ID_3KQHYXGM,train
ID_55D6ZVW7,train
ID_2PW6QXJ6,train
ID_CCXCJUVY,train
ID_L9Y6HXQB,train
ID_EKE2ZESO,train
ID_XQT2FXTS,train
ID_GWOSCX1A,train
ID_GXAY5SEM,train
ID_KFR2IJVZ,train
ID_1GICIL9C,train
ID_NQWG6F4H,train
ID_10WE7XZ9,train
ID_PY7D7C82,train
ID_HF1Q9DGS,train
ID_SD1W7M0I,train
ID_FIGLDD76,train
ID_G9IPYKJH,train
ID_WSCHT3M4,train
ID_RBRZQ34S,train
ID_P58KMOOR,train
ID_WDOYX0WX,train
ID_B70RHBXZ,train
ID_QSRF6I4E,train
ID_2V0CNA2H,train
ID_HC6WULKQ,train
ID_6F0V4XY7,train
ID_VT7FFUW0,train
ID_8PSPRNEJ,train
ID_BJD4USYO,train
ID_EBXN1WCP,train
ID_0L8Y1QAQ,train
ID_VYDSS8LH,train
ID_9KDEALRS,train
ID_2W17OMAH,train
ID_V22B16HD,train
ID_1MXT3OWD,train
ID_84Z5I8Z8,train
ID_SQEL4DZW,train
ID_CERP1WFW,train
ID_LG4BLEN9,train
ID_R31BT5VX,train
ID_QFEHUFGP,train
ID_ZEILIG1D,train
ID_9H3ZWITT,train
ID_QGH40RXS,train
ID_LZR7PESR,train
ID_OSY4IQVP,train
ID_IW5ALAUD,train
ID_A3Q6WFHD,train
ID_HYPWOYT2,train
ID_KCK6CHDB,train
ID_JDCUYE2J,train
ID_K52KD0NF,train
ID_8ASXK2RS,train
ID_XPJRZ85B,train
ID_PFSBJOUX,train
ID_PXOWH2HT,train
ID_AVYW403X,train
ID_M21K71A5,train
ID_2YHG2OWA,train
ID_Z8F64WBO,train
ID_UV8ZZ60K,train
ID_SC54WH0T,train
ID_6CWKOO0K,train
ID_8BOXHBPB,train
ID_LFQTS2MR,train
ID_4IUGB6X5,train
ID_VI7F2K1Y,train
ID_W2L3YWSL,train
ID_YUK41D28,train
ID_BIWL4L50,train
ID_6E5VW6DC,train
ID_U9YM6OBI,train
ID_RUTUHQSO,train
ID_7EDTGK7U,train
ID_0M2FRMXT,train
ID_EWS5NTBD,train
ID_2D38E99F,train
ID_K2JSEW03,train
ID_H13TET6A,train
ID_NBJQKC8I,train
ID_NBY7RMBQ,train
ID_0LEBDNBW,train
ID_HAWJF7B3,train
ID_G7P76335,train
ID_E8OXPJ5I,train
ID_USTGMI15,train
ID_MYELITQO,train
ID_5ZJ1JZOB,train
ID_QUQDSEJR,train
ID_NJ9GHTLI,train
ID_5H7GBNCR,train
ID_6QF8W7DZ,train
ID_WMWG3A06,train
ID_LGSAP9ZV,train
ID_G7KN8LWM,train
ID_5KO7QWVZ,train
ID_W9UXJJIT,train
ID_MYQ2D59L,train
ID_Y9JUPN2M,train
ID_MHNX0CAT,train
ID_64T4X617,train
ID_FI0CQ8HR,train
ID_OR5OAJZK,train
ID_HRQVO2RI,train
ID_D50LOJBR,train
ID_LOZRCPQA,train
ID_3WPNLNLO,train
ID_D7UEKN7I,train
ID_KTBS1LIT,train
ID_KP2ISOVN,train
ID_1WBFM8VT,train
ID_AN63MW3D,train
ID_8XDDDHT4,train
ID_DYEDBCME,train
ID_UV8O4X5J,train
ID_ONP49TSR,train
ID_DEATAVE7,train
ID_5YSVRRQ7,train
ID_C8P9O8FJ,train
ID_FYLMZXBM,train
ID_77T1TFBK,train
ID_IV8B23EV,train
ID_Z5XHSK9U,train
ID_1CRI6MLR,train
ID_F6JZ7XJQ,train
ID_CFRG0BL9,train
ID_3706T6XQ,train
ID_KPQZRNYB,train
ID_SBK4SJKT,train
ID_TBNW597I,train
ID_GHH411DG,train
ID_PZ3PPD3Q,train
ID_W0BT1816,train
ID_PNB01TPB,train
ID_388YWIFK,train
ID_XJR4HP8S,train
ID_ZSE5ACLJ,train
ID_DL1HOGRF,train
ID_SF91AMOQ,train
ID_SPZL7X9C,train
ID_KUQ2DVIQ,train
ID_IT20U9TO,train
ID_QQM70421,train
ID_S4VM94PW,train
ID_DZQTLG7C,train
ID_T2PPBP6W,train
ID_0FP6JEZQ,train
ID_VV274S91,train
ID_U01PNPFE,train
ID_JG3DZ9G5,train
ID_CYUFZWJM,train
ID_WZWV9TA2,train
ID_OAJ1ZM59,train
ID_06GLI7SR,train
ID_E5S84J6C,train
ID_772DVWBN,train
ID_DZ5L2XAE,train
ID_W8HQG599,train
ID_2V2PTL1B,train
ID_MUB8LGZR,train
ID_Z3BPZDAG,train
ID_QT5KU145,train
ID_90VCB9OJ,train
ID_WH1HY5NM,train
ID_VKZN1PCN,train
ID_VSMWTRHA,train
ID_RL968WFE,train
ID_6V3CO84S,train
ID_WQJIKJFC,train
ID_KFQYHLZ9,train
ID_DTEDK6DF,train
ID_TMSAT6AD,train
ID_2C613584,train
ID_H6ZVGHX5,train
ID_63ZB20ZO,train
ID_Y9X5Z8N8,train
ID_YCV9FIQB,train
ID_BNBSBCAD,train
ID_CLMWKKF2,train
ID_UP1SD442,train
ID_YYI6FYKN,train
ID_KQ9L0KWB,train
ID_3V8IWAP4,train
ID_WN19B2P9,train
ID_6V3H82B4,train
ID_7TRAXWTO,train
ID_6SVP3KQU,train
ID_I8G3EQ1N,train
ID_C6ZX2R4V,train
ID_AUDG3RFT,train
ID_EJMDC1EA,train
ID_VGAJ3DYE,train
ID_O7CAZRHA,train
ID_ED9KNBRF,train
ID_RBJV3C2W,train
ID_CX2XRA3O,train
ID_IL96Y8WK,train
ID_M7C2H5KW,train
ID_OYAM4T76,train
ID_2AEECWW3,train
ID_H53I1P7T,train
ID_43U8VE9E,train
ID_C96TQEW5,train
ID_VF4TD4C6,train
ID_1VC1NNDU,train
ID_BFJ33ZIR,train
ID_YOEF3F3Y,train
ID_N98DQKJE,train
ID_EFMOV9VC,train
ID_Z02EAMZM,train
ID_2VQB3L12,train
ID_ZRCXBHRW,train
ID_LRRNOXV5,train
ID_YCS4WT68,train
ID_G5PID7AI,train
ID_GYAH9K5S,train
ID_FW9LVUZI,train
ID_IXV02TZS,train
ID_2PSISQG7,train
ID_ABJ55IQO,train
ID_O4JRK9O5,train
ID_GWW1R299,train
ID_SLV89HQ2,train
ID_TQG6ZYAK,train
ID_VLDG2Y4G,train
ID_C1WEZTYC,train
ID_4AGCE4IR,train
ID_NNW69J8U,train
ID_PVYN9TFA,train
ID_CGN93BM5,train
ID_MLVE0NB6,train
ID_JM1KKBCJ,train
ID_ZZFTH0OX,train
ID_W27A4Y58,train
ID_M953ZT78,train
ID_JCD2LLYS,train
ID_UAS9MPK4,train
ID_YC89FK80,train
ID_E2R4K1IJ,train
ID_WKKX93CU,train
ID_4Q10ECL9,train
ID_DYSX9ZRN,train
ID_WKTS0Q0G,train
ID_1KU1FDFI,train
ID_2QC282NH,train
ID_NUQMI3MR,train
ID_JUQZCO3D,train
ID_X4HQQKXW,train
ID_WOM0ZUOU,train
ID_UQUHHS7M,train
ID_56UAWNNM,train
ID_0QI5M8TJ,train
ID_5NZRZPBE,train
ID_HJMCFIXK,train
ID_4ETXTMCX,train
ID_FBGVHCBO,train
ID_LO5HKX5Q,train
ID_VMG7PBTF,train
ID_2C4X9W5Y,train
ID_OVNAIH2L,train
ID_Z6DQ6N1C,train
ID_MSEX9FR6,train
ID_XX9P1B1K,train
ID_KBYRQQFX,train
ID_F5MTG0QG,train
ID_RDXQ49AN,train
ID_MCIDM8O0,train
ID_9PY2B0B0,train
ID_S1WUJPUJ,train
ID_GL4MEAMZ,train
ID_WEDN14X3,train
ID_8ECESOJ6,train
ID_KAPT81IS,train
ID_0FL19MGB,train
ID_ZXEX31W6,train
ID_53TMOOAT,train
ID_GDX7N84U,train
ID_KMLX4M9C,train
ID_VUQ6QPTH,train
ID_K9T0L0EX,train
ID_68AK1ARJ,train
ID_Z3L5H51H,train
ID_ZD4VHH7T,train
ID_EOCLY5RV,train
ID_70VMCQ1B,train
ID_ZLDZI611,train
ID_9MKO9PG3,train
ID_UBYPOX0K,train
ID_QF7AWOJX,train
ID_SZZXAN8Q,train
ID_U4PBFTQK,train
ID_1GRLKTVN,train
ID_CC3CTKQK,train
ID_6AN3FJG5,train
ID_OP7E325W,train
ID_JACZQ903,train
ID_NRKEGWS2,train
ID_Y55GMDSB,train
ID_PT0SDD4E,train
ID_JV7QZGAB,train
ID_81C47UF8,train
ID_3IB0FNFD,train
ID_LZIXK6LI,train
ID_363SP60B,train
ID_U7FT8NCQ,train
ID_LC2XZWKA,train
ID_BZERFFA6,train
ID_CYCY9UA7,train
ID_GLR23F3V,train
ID_WDSAO7AZ,train
ID_MQQCCZ24,train
ID_5WBYYZQN,train
ID_O9QJ0YKP,train
ID_1S8JTLP7,train
ID_5UM5RHQV,train
ID_VA1AQ8AC,train
ID_VZN351T3,train
ID_XAJQSKMY,train
ID_SPZRR470,train
ID_6DAAU58L,train
ID_3V093303,train
ID_Q9LZE37Y,train
ID_JC1WFBSF,train
ID_89433A2K,train
ID_MH6WVBVO,train
ID_IR70TK8A,train
ID_JJH4UZGW,train
ID_ESDVSDN1,train
ID_1P1VPMW1,train
ID_9HIMXUD0,train
ID_5PTSH34C,train
ID_XTQIULPT,train
ID_T7YXQK3D,train
ID_BP05HENI,train
ID_MF2IY3UX,train
ID_EW8U3VWP,train
ID_W2978FAY,train
ID_JDDU8L4O,train
ID_XZPLNMHT,train
ID_NPW0RY19,train
ID_YU7A0S28,train
ID_FZIQYCLP,train
ID_Y4HG24T9,train
ID_OSGY1S7D,train
ID_GF9G13IA,train
ID_PY5WE0Z4,train
ID_6G6ZAYP5,train
ID_G6K97PQ5,train
ID_5XSPDTSU,train
ID_JUMLTV4U,train
ID_1O7ET6DW,train
ID_UXE8XOX4,train
ID_OAO7P9BK,train
ID_AH2M4XBN,train
ID_EW1OS5D9,train
ID_2OQVS6ZM,train
ID_40QP52Z4,train
ID_LZA62KLJ,train
ID_QJGA0DCB,train
ID_S4GDNW11,train
ID_FWEIYAVX,train
ID_9FSEPDMC,train
ID_VJRZSGZR,train
ID_LEQ79R8Y,train
ID_JSXU1M4I,train
ID_4TOWYX55,train
ID_SRWZ8S9T,train
ID_3VJP52ZX,train
ID_776DA8VF,train
ID_FHW289FW,train
ID_73H7MDN3,train
ID_OB1HL0FN,train
ID_USM3AM6S,train
ID_NOY7O99H,train
ID_O2ZAU6DR,train
ID_QY2FDPB7,train
ID_I9MT3R6S,train
ID_PHCGWEJL,train
ID_LB7KY8IC,train
ID_3V3W5UEK,train
ID_JCQ7DYXU,train
ID_5M2XZVF9,train
ID_LGJ7W5ZB,train
ID_Q3XO87SU,train
ID_FTDXBSQZ,train
ID_GW1N9CA1,train
ID_N2IKUVXF,train
ID_423FXHRK,train
ID_5GYJ12MB,train
ID_QC7CM3QV,train
ID_3EJN1FEF,train
ID_NECGJL9M,train
ID_0JR7GPHZ,train
ID_26XYMIWM,train
ID_H40HKB4V,train
ID_H3LYURZW,train
ID_UW6X6NTY,train
ID_4WXNLHLM,train
ID_DTG10SUZ,train
ID_88KZ6HJC,train
ID_Y7X2OAJW,train
ID_27T7MAJE,train
ID_P2C4OQNN,train
ID_OEDP8FAA,train
ID_GVFJY9TV,train
ID_2SVFUY0W,train
ID_UFCPB18W,train
ID_XIVQGVMR,train
ID_EU9KMY29,train
ID_VSLWR9ZE,train
ID_GWQ1ERSE,train
ID_OCCF3HZC,train
ID_MG7FR93W,train
ID_E16A1RHJ,train
ID_LPJO2XWS,train
ID_XKGPGED5,train
ID_K2BJJ0AW,train
ID_2WE1LRP6,train
ID_E6ZO6AK2,train
ID_K7HJI9AC,train
ID_9JAWWCY4,train
ID_7AI7IATS,train
ID_UY8IDOO5,train
ID_WR0YE8OH,train
ID_WWTVUPZF,train
ID_LX94GMI3,train
ID_UFIFVGCT,train
ID_A87DB03J,train
ID_FUVS3KZ3,train
ID_7JUG2PEU,train
ID_MC4776AF,train
ID_S6Y7EMOD,train
ID_NUMYMRJC,train
ID_XZEMDSVB,train
ID_IL8O3OGM,train
ID_7W9ENU6S,train
ID_F3AQ8N5J,train
ID_T3ATJ1RJ,train
ID_F3WFPBRS,train
ID_6OUVTG04,train
ID_5A5CIU2Z,train
ID_NQ9GH1UT,train
ID_Q0YZFMRN,train
ID_A66CY4UQ,train
ID_WOXJQOPG,train
ID_U01Y4DVO,train
ID_KD57DZH8,train
ID_O41Y03SA,train
ID_7CQT98XW,train
ID_CBIPNZAL,train
ID_SLZJQ7OH,train
ID_4E2ZE8UE,train
ID_UI3KHZ5Z,train
ID_JFONK7O1,train
ID_JLX2KU8L,train
ID_Z7N0AX9N,train
ID_NYPYYRSI,train
ID_14ZLMXQ7,train
ID_S2V80UBB,train
ID_8Q7UA593,train
ID_7MOUFVGL,train
ID_TVBH8JWJ,train
ID_FXWID9VW,train
ID_PSGILRCJ,train
ID_LXOF57RW,train
ID_XSVKBILV,train
ID_36YBKYGR,train
ID_3TV46HZX,train
ID_N3CPEEII,train
ID_GCRC2Q12,train
ID_HM1XJNCP,train
ID_7KQSNBDS,train
ID_1IKP5CZX,train
ID_Q6JRZOVG,train
ID_ZVN5L1I8,train
ID_CTNW7BK4,train
ID_Y8HTEHND,train
ID_3YNVOS4Z,train
ID_N9JBP7LV,train
ID_FJDBIGGK,train
ID_KPIA74CQ,train
ID_HNV0HNI3,train
ID_NKEN3CI2,train
ID_Q3SORFHT,train
ID_ENXC5KM1,train
ID_8ZCRE13S,train
ID_0KI1QJ5Q,train
ID_BIK3KF4M,train
ID_Y5P72RZR,train
ID_S6PZATN7,train
ID_PMIC5O39,train
ID_M4JLAM11,train
ID_W2T93XYD,train
ID_CR2IFTAB,train
ID_RYPJ8OPF,train
ID_86HGC7PP,train
ID_VF2WPCJX,train
ID_S2Z3Y6XG,train
ID_QCKRAXFQ,train
ID_F0503GQU,train
ID_NDM16HYM,train
ID_0FVNOTDT,train
ID_XI1NX4EW,train
ID_K2G1HKSZ,train
ID_CO16GUPQ,train
ID_FOQREOSD,train
ID_XWL3RWPA,train
ID_005VM1DJ,train
ID_MK1U671S,train
ID_8OWLIV98,train
ID_BEZ8DT5G,train
ID_K45CZMUF,train
ID_RBUMHM7M,train
ID_DHVX5AMX,train
ID_3DSPYILO,train
ID_SVI8RDOV,train
ID_CI1SU72S,train
ID_CA3MAI1P,train
ID_6IJBGEI2,train
ID_2BXRA8EP,train
ID_I17KFNXG,train
ID_0F94B926,train
ID_T7H6B0M4,train
ID_OBPAIX8K,train
ID_5W38UQ20,train
ID_TR58CV5A,train
ID_B4V13K02,train
ID_F0WHN33I,train
ID_JETZMVN2,train
ID_LIUIKKP2,train
ID_Y6MVMV0Z,train
ID_TYXXCAML,train
ID_STF06PSI,train
ID_MZLY5ZD6,train
ID_SNAE80RQ,train
ID_87KV803Z,train
ID_AS211DBL,train
ID_W6U9M9AA,train
ID_2KYO3KR4,train
ID_4LXK374H,train
ID_BLQPI2G2,train
ID_GW4VPCC8,train
ID_TOP9GA1F,train
ID_VMPFN04W,train
ID_N8N5SPX4,train
ID_0PISGMN3,train
ID_6SMFYYN0,train
ID_N8F6N1JT,train
ID_4TNLN52E,train
ID_TLZMWG8B,train
ID_9J8BPLCJ,train
ID_30B6VUOR,train
ID_RJ1RNW6T,train
ID_1556EWHZ,train
ID_EZ7CW99T,train
ID_XQ55TMCC,train
ID_4DPZQYHZ,train
ID_1A53J8EZ,train
ID_RSZY498G,train
ID_2D05R6TE,train
ID_G3TXL7KH,train
ID_KATHG0Q5,train
ID_ZZO9KIH9,train
ID_JKQ75W07,train
ID_9PB1FWP0,train
ID_X9MQ2FH9,train
ID_7A66VE63,train
ID_I5X8RR18,train
ID_H18S4MD2,train
ID_B5R3WGUH,train
ID_P7SGOK3N,train
ID_ATMDABOY,train
ID_6AAPNWCT,train
ID_IXF0IV69,train
ID_1SWYVWPU,train
ID_YVIGQYV8,train
ID_STIMZBRV,train
ID_44M0LYJ6,train
ID_G8F7MDUW,train
ID_6TVDSPRO,train
ID_BM6E3BL0,train
ID_654FPF1H,train
ID_UKV24DWT,train
ID_R0L320WH,train
ID_38IH1R85,train
ID_B2WM3GUB,train
ID_JBHANH13,train
ID_7H8URDAS,train
ID_THYVYI9N,train
ID_8YV9S3JI,train
ID_QUR18FGC,train
ID_BH0H4RSC,train
ID_Y3B2XHU4,train
ID_Y9227KLK,train
ID_DZ2T99QC,train
ID_0LZDC8Z8,train
ID_DLFIHKY6,train
ID_7B35Q95K,train
ID_9BNAAQ3B,train
ID_8U7V8W5Y,train
ID_K1EBI3TC,train
ID_K4I7FICR,train
ID_6GO09URX,train
ID_L0VTVGAI,train
ID_8TCOMPRQ,train
ID_8BEUF5GZ,train
ID_LLG182PO,train
ID_SZ5ZVUP4,train
ID_XFIKR71Q,train
ID_D05PH8X5,train
ID_7L1XORY5,train
ID_MMLX5XPT,train
ID_LX2BPMH3,train
ID_J7XEPJUJ,train
ID_BV3KR0JR,train
ID_OUGZ3VLL,train
ID_NG3KZ6V1,train
ID_FMUYGLNW,train
ID_H43M22NR,train
ID_9P84WSZE,train
ID_7CU1BTB1,train
ID_O40G6WH8,train
ID_EUPRA6U8,train
ID_OE3U0A4R,train
ID_1BY8K9RC,train
ID_P6EKD6JT,train
ID_PSYLGBJG,train
ID_JWQMP5J5,train
ID_D860KPKU,train
ID_OYOJS1J5,train
ID_65AOPM9F,train
ID_YS2UGRKK,train
ID_9M8UJM0I,train
ID_OPFQUDVX,train
ID_39BWCZHT,train
ID_UNC4YSP0,train
ID_7OJ6GU2Z,train
ID_AR8N2DPW,train
ID_BO80D8HU,train
ID_O0H9C962,train
ID_I4DB8YQ8,train
ID_K4YWU9F9,train
ID_ZBAW2O2L,train
ID_VATYCHCC,train
ID_BH325REJ,train
ID_H4Q2LP9V,train
ID_LBGD8UC6,train
ID_CY4E0HYI,train
ID_CC5AMIB1,train
ID_YDAI1N28,train
ID_1WTEXCVN,train
ID_J9G2VMFU,train
ID_VZW5YXIX,train
ID_YERI6P8S,train
ID_XIVXZE5Z,train
ID_WYNZE7CJ,train
ID_HO1KK6HG,train
ID_ZAUV85BC,train
ID_7JKQPP3S,train
ID_HET7XEH6,train
ID_30S2KH86,train
ID_JY3DT58L,train
ID_ZYYHPKJJ,train
ID_FDEIPADY,train
ID_SC2XF51B,train
ID_7KKZIS1S,train
ID_PL1S8B2J,train
ID_D0HGZUTR,train
ID_YMX20EOM,train
ID_JYYWEYQC,train
ID_0U8ER7A2,train
ID_IXJ4TRZZ,train
ID_GU6A1374,train
ID_VESD17ZF,train
ID_KH0D4K9M,train
ID_0YG2P4GS,train
ID_OTC1S7MY,train
ID_B30R0T53,train
ID_BM8ONNZ4,train
ID_FTRKX9R2,train
ID_TPFMCMIT,train
ID_XW41425R,train
ID_FH38TDIU,train
ID_836QX21C,train
ID_X04KAVNS,train
ID_K08NYKPL,train
ID_ZOEXFTFL,train
ID_5S5MGYSY,train
ID_NPK3XT20,train
ID_B2MDMESA,train
ID_0DLM2UDB,train
ID_KUWGYQ4R,train
ID_NMWQ18VM,train
ID_I403XTHK,train
ID_59A3ELGL,train
ID_S6ETNUPU,train
ID_ORXGFLNM,train
ID_5NC681KD,train
ID_S9WTHV3R,train
ID_9XHNQ86H,train
ID_BH9DWLEV,train
ID_ZRBLANZ1,train
ID_92U51M8U,train
ID_AUYJLF7F,train
ID_GD5XYCBW,train
ID_F98Z730F,train
ID_DDHBWZSM,train
ID_GGOZHJBL,train
ID_XWPNF4L3,train
ID_3QZN1NNM,train
ID_LP77AVJN,train
ID_P353X0US,train
ID_8D8NBUE1,train
ID_JUJZIHON,train
ID_9AP6W79L,train
ID_QHU852WR,train
ID_6Z3SHL53,train
ID_9N4H8SK2,train
ID_COEYVCQ9,train
ID_YCY9NA98,train
ID_U62YYLL9,train
ID_ILEEOZ1B,train
ID_4XMZKD3T,train
ID_9Q0055E9,train
ID_1WWBCNHZ,train
ID_VG53BTWK,train
ID_SAFT7JM0,train
ID_TAJGE937,train
ID_ZPQX2VMI,train
ID_TEUAOMLM,train
ID_3HYW4MO5,train
ID_I1TCH3JX,train
ID_D1IGAD99,train
ID_LS895MAI,train
ID_7JQ8YNOD,train
ID_G9XM2FMW,train
ID_O87Y7QE1,train
ID_KERTUFYP,train
ID_76S2TTIG,train
ID_FQ1TTXK0,train
ID_CAWUGDKX,train
ID_MCIVSN38,train
ID_OKIOT00C,train
ID_NLRL000I,train
ID_XUBRJ8YY,train
ID_A0EF2AES,train
ID_1WMRMCN1,train
ID_L1J5479K,train
ID_31Q2N7MM,train
ID_LWJQS4JX,train
ID_ASCGPAFI,train
ID_4UW1QTMN,train
ID_6N612CL6,train
ID_F10PZ2YU,train
ID_PLALIZNZ,train
ID_HPEKBLD3,train
ID_130JZZ0A,train
ID_DL7JKUUA,train
ID_DC28F1ZK,train
ID_SPFT25L4,train
ID_ZYBRJIHY,train
ID_QNPK70OW,train
ID_VJVPR1QQ,train
ID_G2TB9I8N,train
ID_JHQTA0X5,train
ID_XQGSYEDM,train
ID_8PUV8L9A,train
ID_TDSBBT4X,train
ID_IJ43JWWF,train
ID_OSUFHBVG,train
ID_OLG0B1L0,train
ID_12AH8IO6,train
ID_3QNMYR6S,train
ID_YOJ8H47N,train
ID_1YKK2UIA,train
ID_HKTF9RP5,train
ID_5NCM1G1I,train
ID_SDNJM42V,train
ID_MYY9FT4C,train
ID_O25D40W4,train
ID_RKBXDM5C,train
ID_T1WHLZ4U,train
ID_MLF3XD04,train
ID_LCYQARGB,train
ID_0Z99EUB8,train
ID_AHOOTRNI,train
ID_94CH5TLI,train
ID_XMXI5ZTV,train
ID_4MSI30KQ,train
ID_B2ZYQMR0,train
ID_O1MF22X7,train
ID_YSW3KZ2D,train
ID_I5FT7NTJ,train
ID_KFOZQKVX,train
ID_P63MI857,train
ID_VCRF9ZXN,train
ID_XRJ37KLO,train
ID_B4XBT9PD,train
ID_V2NQ11MM,train
ID_DLSHP6FW,train
ID_YO5R4OJO,train
ID_54U70KQY,train
ID_E3CGVFTP,train
ID_HSE833OY,train
ID_NAWJ72DZ,train
ID_FR1D8JWS,train
ID_BUH1C8UZ,train
ID_KM5XYGXK,train
ID_2MORV8FK,train
ID_LEW538E9,train
ID_HFRFU3A1,train
ID_DICGJ8Y8,train
ID_2JN825PL,train
ID_QX3CXP31,train
ID_9H35LI28,train
ID_QB1I9A95,train
ID_R9UOJD64,train
ID_I9E7FOVE,train
ID_Y0ETT9KU,train
ID_KBAWNWOO,train
ID_XZJ57YSK,train
ID_H9O3QIDK,train
ID_AC80F4F1,train
ID_9Q8RB8PX,train
ID_WB34O4RE,train
ID_UDN0QK1O,train
ID_UMP92XPT,train
ID_NTS5P0XO,train
ID_D3FYXWY2,train
ID_Q3GSDRE1,train
ID_BJQCAO02,train
ID_6DPBW7HV,train
ID_1PSKRU18,train
ID_TM35MLE5,train
ID_Y8EWQWAE,train
ID_VWXWW94U,train
ID_5ZE87Q4J,train
ID_ESS21EUQ,train
ID_UE5QOIY6,train
ID_CJFA6ZIF,train
ID_2NKPKTA2,train
ID_XJVVW1WL,train
ID_3VJERS2V,train
ID_AS66QVY7,train
ID_0CHWN9QN,train
ID_0810SHMC,train
ID_XMR6XBIS,train
ID_8TYJ5H12,train
ID_H0LD3QW1,train
ID_73T9GRDC,train
ID_QAS023VI,train
ID_RT5SFNT6,train
ID_PEFT53J7,train
ID_UAUJL63C,train
ID_R41AT67X,train
ID_AJ6S0QN1,train
ID_HSEXCFOF,train
ID_8XBUWWHA,train
ID_8SLT6OH5,train
ID_XW7W0WRF,train
ID_A2ZFPL3A,train
ID_PSN5SLVP,train
ID_Q9CE2JFO,train
ID_ODO75A3L,train
ID_3RSLYBPF,train
ID_LS5H5VB9,train
ID_UB938BFK,train
ID_3UCXMVHF,train
ID_KSPZU8LA,train
ID_Y9UVMSYF,train
ID_YDYCVJ7A,train
ID_5A1PKCZ2,train
ID_I0RBV2ES,train
ID_Z0U3LW5R,train
ID_UMYRV72V,train
ID_4TRRTTPA,train
ID_YGTWOUYE,train
ID_SII1MJR5,train
ID_U9FV77F6,train
ID_LJQIDIPP,train
ID_I222539E,train
ID_5NXF6DP5,train
ID_4WA6P1JJ,train
ID_N2BW3V91,train
ID_Y4A679SQ,train
ID_V7CCAXBD,train
ID_6T0W6C3E,train
ID_A4LL74QX,train
ID_G5I8L17B,train
ID_5QTP8HRF,train
ID_37LYROF9,train
ID_Q7YLQQTA,train
ID_IPP9RLWU,train
ID_Q8XWNS30,train
ID_MXEURTEU,train
ID_BYI2R82P,train
ID_0S4QDO9Y,train
ID_0FJZHF7Z,train
ID_KXFQZH2R,train
ID_RZU8NPPV,train
ID_W8AL238K,train
ID_TLKK3NRS,train
ID_16YA1RTZ,train
ID_TPE2BGT8,train
ID_UEJCEURL,train
ID_EJ18G7G5,train
ID_YFBYU57H,train
ID_S3JCA5Y2,train
ID_567DZFBY,train
ID_K65HEGYW,train
ID_MBCDIIKG,train
ID_MYIJ2X01,train
ID_OIFZOTSC,train
ID_M0WYZTQP,train
ID_UTZ9X8WS,train
ID_OMLB0HX7,train
ID_ZO3YNVQ5,train
ID_J66NOJ32,train
ID_RA2U8JQQ,train
ID_BPNPYIPT,train
ID_YKM4F26Z,train
ID_QAH3QMUH,train
ID_4FY7Z5SR,train
ID_HBWEOTK2,train
ID_A4KIH8JG,train
ID_ASMIK17K,train
ID_P3ZYBNGN,train
ID_J0U5TUP1,train
ID_UEDN71NB,train
ID_8AGYNP4H,train
ID_BT32UDLL,train
ID_IBLJ34PW,train
ID_QO0FAYGX,train
ID_0PZGC62M,train
ID_I10KKEB6,train
ID_PF199QA7,train
ID_DTD1PHZO,train
ID_EM7HKZO6,train
ID_60FPR6MA,train
ID_U8MA8WGS,train
ID_MNZ5U8BI,train
ID_4MP0H9ET,train
ID_2KZGSMQT,train
ID_SAJ1WRIU,train
ID_GJV99QR4,train
ID_J8J9WZ9R,train
ID_5G9MOQ0N,train
ID_FCU1MGGO,train
ID_LSZO2QA3,train
ID_E9I8BPPW,train
ID_EHV5BGHW,train
ID_LYS9856L,train
ID_A5NIUTEN,train
ID_68DVOZM3,train
ID_BA4HQ6OC,train
ID_81OGRUCX,train
ID_0UK3FKQG,train
ID_AX8KKKDZ,train
ID_250OVN7T,train
ID_T3LL3DK2,train
ID_CFJTCIZ3,train
ID_VA1YXYNB,train
ID_VU7A3WZP,train
ID_DREIV2OU,train
ID_DQTJ7L15,train
ID_6ZVWPBSK,train
ID_1Q7CNGNK,train
ID_R4WRFLT9,train
ID_JMAKX1PO,train
ID_FYUM5QQX,train
ID_LXAITBAG,train
ID_IU188HDZ,train
ID_BMQADDE2,train
ID_9MTMZ4C1,train
ID_RITPC9I7,train
ID_WD800O5X,train
ID_ZY6IBXOB,train
ID_K8D9S876,train
ID_CT73UK9Q,train
ID_2ZO4RDIW,train
ID_I5JTHKQA,train
ID_5DT0K8AF,train
ID_D2ANMA87,train
ID_7YPG85UG,train
ID_8NBYWS2K,train
ID_STECWJ8B,train
ID_H183CYA5,train
ID_BBRJ5QL4,train
ID_H2V8CMRK,train
ID_I20ADQGA,train
ID_AECTUM7T,train
ID_NWHEEFNL,train
ID_XIPA9H3S,train
ID_OWO4IJXL,train
ID_4DOEXAA1,train
ID_4DVWO27R,train
ID_4F6VW8VB,train
ID_7M4K0TA3,train
ID_SK48DGXU,train
ID_2RQE8VAW,train
ID_58Y6B8IR,train
ID_TMWCTWP7,train
ID_XQI7G50Z,train
ID_KOQRNSY7,train
ID_LNZR9FFX,train
ID_NR2K1N3E,train
ID_XD1Y9RRF,train
ID_AOFFWP2Z,train
ID_1ZUF1N7M,train
ID_XKLBOOV9,train
ID_3WMNU4YB,train
ID_8XJ030ZE,train
ID_IGCIBCTD,train
ID_40OUL4ZP,train
ID_F844RT4N,train
ID_7J4JESW2,train
ID_DM458BYY,train
ID_9KKI6EFX,train
ID_G9EUYF5G,train
ID_5NYFSR8Q,train
ID_HLT9ZZER,train
ID_87XQTCUZ,train
ID_DMW1JUFX,train
ID_PMWN2CUD,train
ID_QPNYGCNZ,train
ID_YAA4RK0B,train
ID_64XN0QG1,train
ID_CPIO7UA3,train
ID_D7GDBL3G,train
ID_I5YX4DSC,train
ID_ETDDV129,train
ID_8ICHCY0T,train
ID_OVM9WTXM,train
ID_JNDMQVPH,train
ID_WJFXI1AE,train
ID_49O4R77C,train
ID_O9U3ZJOT,train
ID_926W7DBB,train
ID_UN8788ZB,train
ID_OCTZ6AXV,train
ID_97QHJNM3,train
ID_FJYTU87G,train
ID_JWQ52RHO,train
ID_0C5YL9K0,train
ID_F18W3AY5,train
ID_A8T7BHL8,train
ID_5Z0AOBYR,train
ID_E63OYGCA,train
ID_YWRLEU8X,train
ID_1CBRYDJY,train
ID_T6RLCD02,train
ID_R0ELCYAN,train
ID_M8RD48QF,train
ID_NACUBC7L,train
ID_ECKGUJFV,train
ID_7XQQ3DOQ,train
ID_LO0G5BJM,train
ID_G4DIILKM,train
ID_SFRNV1UO,train
ID_L9A3152O,train
ID_E0H0UKK3,train
ID_LAOMCC9K,train
ID_MMWP3Y4W,train
ID_R3NF4SNA,train
ID_E0XMCJN8,train
ID_C8OBC9NO,train
ID_Z0BYTTY1,train
ID_004BBHOD,train
ID_W73OFZKK,train
ID_9RX0QVO5,train
ID_E0ULV5HX,train
ID_GIOUAODQ,train
ID_GXW3NSLJ,train
ID_3HQFJE5C,train
ID_D82I40M4,train
ID_YDZDJKR3,train
ID_9BWVUGOR,train
ID_MFC27OFJ,train
ID_3PNNX35U,train
ID_7PECCPH0,train
ID_35RMY1B5,train
ID_2UIR3MMQ,train
ID_HFHLRNHO,train
ID_K0930TJG,train
ID_CKNH80C0,train
ID_GCPFA3UN,train
ID_JVWPGK11,train
ID_E2D21U8A,train
ID_1FARVPWO,train
ID_CRLD1M68,train
ID_9Y7VAHZM,train
ID_VYYP4T0B,train
ID_6AUKOJ5F,train
ID_17WWBPQO,train
ID_8IXBNN84,train
ID_XQRSSG96,train
ID_Z7IK39ZI,train
ID_J8L4XO8N,train
ID_JC09VMI7,train
ID_13V2F1SM,train
ID_3ZHSKUPG,train
ID_T5WL7OJT,train
ID_KL8Y2WLP,train
ID_SN8MTQJS,train
ID_Q3CIURBA,train
ID_09QRFDBP,train
ID_SSA95M3Y,train
ID_H06Q9Z7S,train
ID_9YA76UVU,train
ID_QLHZUKRN,train
ID_JGZ9CVMJ,train
ID_F4N7E193,train
ID_9AVM0H2I,train
ID_7IMMNNH2,train
ID_UH68DODF,train
ID_607A9FK9,train
ID_7CED2J7A,train
ID_7D7UNNTJ,train
ID_73YJ4HFQ,train
ID_V774P3VD,train
ID_3LB0NF7X,train
ID_7HNVU0KS,train
ID_NY509RZI,train
ID_YGJ6VGKQ,train
ID_HVRT63UV,train
ID_Y9FRY8H5,train
ID_GH0KOT6A,train
ID_BP9SYC8W,train
ID_7SJ15KZ4,train
ID_W80D8I96,train
ID_ESWR5ZZC,train
ID_LIC92Q86,train
ID_NSU1HA0R,train
ID_3038JDSF,train
ID_BR1A9KWV,train
ID_3884RDWZ,train
ID_XJ2ODKWN,train
ID_74Y9ZTV3,train
ID_ZE2TWO1U,train
ID_UAR6K6SD,train
ID_1R2D3G3I,train
ID_AZF4UNAD,train
ID_MYTQVVRK,train
ID_0FFQNX8V,train
ID_INPRQH66,train
ID_5KUF18YI,train
ID_XV9U1CEJ,train
ID_YJQDHWXU,train
ID_4NI31KZ2,train
ID_997UG008,train
ID_EUWE2LMU,train
ID_UWLOAQXI,train
ID_258UHF7S,train
ID_K88UG3YE,train
ID_56M4AX84,train
ID_783VN5F9,train
ID_UMKHB20H,train
ID_GOJKJNM5,train
ID_NP0AHU97,train
ID_9GTRUT7C,train
ID_H4PGM8IO,train
ID_XX4WVBGH,train
ID_YBJSF8EY,train
ID_A6BAEMHL,train
ID_YA5SOXJQ,train
ID_SSAJCEIY,train
ID_YBRDTZKV,train
ID_V7Y85HVA,train
ID_JD4JTS76,train
ID_EY5QRJE5,train
ID_RA23DCT8,train
ID_A5EC6A5C,train
ID_SR748AOA,train
ID_ZOXDPUSQ,train
ID_XVIIPFXY,train
ID_2Y3T24CP,train
ID_I3BXCV82,train
ID_RKJR5COP,train
ID_HGOOUOMO,train
ID_8QYGV1R0,train
ID_5DXCI9QG,train
ID_2MQU0MWX,train
ID_HGQ681GG,train
ID_W0YC9IH2,train
ID_LVNP6L0M,train
ID_IW6FJUJE,train
ID_HPAWUMCJ,train
ID_RDE5E8TW,train
ID_Y5UEDMSB,train
ID_NWQGTDOX,train
ID_I1BRC75Y,train
ID_IWCEBM6X,train
ID_29K9U2NW,train
ID_UGXKTVCG,train
ID_XPJDRKUF,train
ID_E71JKA0R,train
ID_S658K681,train
ID_DHJ8PUNN,train
ID_TJ6DOV4Q,train
ID_LFWZTS8M,train
ID_UD4DWQOV,train
ID_KT258YPX,train
ID_VICUWVMF,train
ID_TLB6V4DV,train
ID_9RBHRCUG,train
ID_PKZAFJHY,train
ID_B6L29YMK,train
ID_IST1IHN4,train
ID_JKHHSVGY,train
ID_E5ZPIYOP,train
ID_PV9TVX46,train
ID_I5EIUBMM,train
ID_MJ3JCHFQ,train
ID_PNJS2PUS,train
ID_OUBVRK9W,train
ID_FNBKDOHJ,train
ID_46MP8DUX,train
ID_HGL75V93,train
ID_VR7EO1GH,train
ID_8YWOK3RA,train
ID_JU0L27H5,train
ID_MFKCAMVV,train
ID_4PKEIWMF,train
ID_736HY5TM,train
ID_1U8N83J0,train
ID_VX24K86N,train
ID_BHKEU30P,train
ID_0H68C2ZJ,train
ID_VIQL29EG,train
ID_9MFEQUAO,train
ID_OGP2U566,train
ID_FUZE5G2T,train
ID_A7RDRTIW,train
ID_8LY63GHM,train
ID_TOE5R2AH,train
ID_WBVJ54WW,train
ID_D9H4C40Z,train
ID_78OZCREV,train
ID_BDXN5R8D,train
ID_GM2OOTOM,train
ID_TJCJXOTV,train
ID_G12FB684,train
ID_4SH21NL1,train
ID_U428TUCP,train
ID_LMZZJZMA,train
ID_5S7UJ36X,train
ID_WKIJ9Z6U,train
ID_JYP3I3K3,train
ID_80AMNQ2F,train
ID_WFHITSX4,train
ID_EFFMLGM6,train
ID_2VKC3AM9,train
ID_1ZUOXFKD,train
ID_DZICPMOD,train
ID_5AAG3ESE,train
ID_KVFDJZOS,train
ID_PD6BZ7ND,train
ID_U84Z7548,train
ID_8FUVVTLK,train
ID_SOS7NEFQ,train
ID_HA5ZFU0S,train
ID_MS643UZ0,train
ID_BIKOQFJR,train
ID_9PCH9D2E,train
ID_NN57XF5D,train
ID_ATL53UGG,train
ID_DC7AVDZL,train
ID_BVEHP1IS,train
ID_FZXPMS2X,train
ID_3G8BLS14,train
ID_XICMVU7L,train
ID_A2QNYT8U,train
ID_IRS1QHEA,train
ID_ZBU1K8TN,train
ID_YK76ND6D,train
ID_JFJXTNS3,train
ID_S51QF086,train
ID_KSSWN05O,train
ID_F60UI3PN,train
ID_F9MUJ87H,train
ID_0XK03MJ7,train
ID_APVX5LO1,train
ID_FYF5SHIM,train
ID_90HOJJUS,train
ID_S1MBIR2A,train
ID_35D5ALQ0,train
ID_DPQ253FZ,train
ID_OIUUO9V8,train
ID_NXTCI0I7,train
ID_9QNRP98W,train
ID_3SDRNVWL,train
ID_SEMD9VF4,train
ID_TEK34KP8,train
ID_DJA4KIIW,train
ID_OADNAHLS,train
ID_6UEWWJEH,train
ID_9J901O9V,train
ID_Z0651A84,train
ID_90QSYBGM,train
ID_OXFXEXSO,train
ID_DS14TGTN,train
ID_YZ9PSQI2,train
ID_ENFRZNA9,train
ID_TCKO70WP,train
ID_FDZFK3CK,train
ID_4MIPXXVY,train
ID_4ZSG6H75,train
ID_LSRYB5P9,train
ID_R031G7HQ,train
ID_5DCZDKZ0,train
ID_6PHCTTJA,train
ID_H1Q9M63R,train
ID_N8C34L0H,train
ID_Z1LBK110,train
ID_TD7S86YA,train
ID_2HMWJFOF,train
ID_CZZAJIVN,train
ID_KJIMWSG3,train
ID_OG7BSE1U,train
ID_475P5DPL,train
ID_LUFC7ZO8,train
ID_FJS6CH9S,train
ID_BSXJ2U5P,train
ID_D2L2FFE9,train
ID_2O53BXGI,train
ID_3WMO1DGY,train
ID_KGPSE74O,train
ID_DID6UA9M,train
ID_R1A718QZ,train
ID_D2DMGO9R,train
ID_AO7Z4GC1,train
ID_AXS5TKD1,train
ID_5B95727R,train
ID_7EIGE25R,train
ID_BE9U435M,train
ID_IMRMHELA,train
ID_0V3P8VZS,train
ID_4Q8JAGLE,train
ID_7NB5MCD2,train
ID_R1K2TZCT,train
ID_6FIWO1ZP,train
ID_R03C9WX6,train
ID_YV0AOUDS,train
ID_DH4DDES0,train
ID_2VDHMENL,train
ID_OMOCR2IO,train
ID_DRAX1K0C,train
ID_DGZ6LS51,train
ID_T1FJSQJT,train
ID_7U2KQVYR,train
ID_87IH0975,train
ID_K4JQ272R,train
ID_ZN1BHULB,train
ID_5QVOB4SP,train
ID_RRCM5UI2,train
ID_MHEMED69,train
ID_HTWS1GUH,train
ID_Y53VC8DD,train
ID_A28ZN7PG,train
ID_QNBMN6OA,train
ID_EAD4MNLW,train
ID_HURVXJPA,train
ID_RMOOA5Z0,train
ID_E4NJSKZO,train
ID_7HP5MJ4P,train
ID_PLIY4GEB,train
ID_OS8FAZIR,train
ID_Y2C1MIMJ,train
ID_DTC3X7TI,train
ID_5UGUZ345,train
ID_T1ZESE3I,train
ID_BVMK4XED,train
ID_ATL38KZU,train
ID_LZQE03BA,train
ID_ILAC0DK5,train
ID_1UTON4NJ,train
ID_7Q2AVIGQ,train
ID_1GH6L865,train
ID_CQOBDKKO,train
ID_8YY1OE1J,train
ID_MUXOLMS9,train
ID_0DFOT4GP,train
ID_OV82S6E2,train
ID_DLUJJBHQ,train
ID_04CVRFK2,train
ID_YDPPAKQN,train
ID_PU4ZKMOC,train
ID_W5C496H9,train
ID_FHPU8VMY,train
ID_2RYM2OXF,train
ID_LMVRSLGH,train
ID_DNDQ0KKQ,train
ID_H8DCE6E9,train
ID_VADW5HMU,train
ID_C843SNHT,train
ID_3HH3N9JG,train
ID_XBLL88LM,train
ID_SN2WNR22,train
ID_QLPT8GCJ,train
ID_VVIU2X4Z,train
ID_E3518ZTO,train
ID_AC3JT7VN,train
ID_PQDTBOR5,train
ID_08ZNFDPL,train
ID_ZUAY70LL,train
ID_6CN5EACU,train
ID_EUVVQY29,train
ID_9ICY807D,train
ID_VZI4K1U1,train
ID_SIFN4KYP,train
ID_S5QXJ1EI,train
ID_MADF81W0,train
ID_EV4UHENW,train
ID_7RC1ICOZ,train
ID_KWZ4QXXJ,train
ID_VHYMHSRC,train
ID_TP2TZ4LW,train
ID_NPJIR60D,train
ID_WZL35B2H,train
ID_FDUAT90X,train
ID_TLKTEKJK,train
ID_U13FKQAG,train
ID_XN5VQFVZ,train
ID_PQC6GF8K,train
ID_PWUF9ARY,train
ID_0WNB43BW,train
ID_T3F2LXIS,train
ID_4NQ37Q74,train
ID_ZDJUVST4,train
ID_XJHQ0WUJ,train
ID_GG600YFO,train
ID_UT5YFJT5,train
ID_O4NK2NEU,train
ID_MHX1NQJ5,train
ID_2DO0C7PI,train
ID_WUNJXJ2E,train
ID_4RYNLUZ9,train
ID_YX5XH0CP,train
ID_IO0Z34H2,train
ID_MUB3AV7V,train
ID_52VQCIF1,train
ID_CRRVA95R,train
ID_3WHNHM2G,train
ID_TO7VWWFN,train
ID_QPTD77PD,train
ID_ELCYE2T4,train
ID_6R9HPPEN,train
ID_OAEY6Y5X,train
ID_HZAC02CG,train
ID_R42816B0,train
ID_AANH7POH,train
ID_4ZLMQ7M9,train
ID_J5QNR9LJ,train
ID_P1P2SX26,train
ID_IMQDR07J,train
ID_GL2VKCAU,train
ID_BX0W9L23,train
ID_64WAI0DL,train
ID_NESVIWBA,train
ID_2HR8SHL4,train
ID_JLOVVAXN,train
ID_GK6KRISS,train
ID_BXH2A3Z8,train
ID_90D1NY4R,train
ID_YU54TZBJ,train
ID_66QQH0LE,train
ID_58J4FRBS,train
ID_WJFGGT16,train
ID_YC82834F,train
ID_RFQJPYO2,train
ID_VHJMF751,train
ID_WWUCK883,train
ID_01QLG1LC,train
ID_XSXFK5YK,train
ID_N7DFXZU6,train
ID_ZAPF0WD0,train
ID_ICGK82P9,train
ID_V39G3TT1,train
ID_DEKHYAF2,train
ID_2279Y0A9,train
ID_UV2FJO09,train
ID_1EDHWI31,train
ID_W43GEPJT,train
ID_PCXYUEV2,train
ID_B39HSJDT,train
ID_UKM4BRL8,train
ID_3S77CU3G,train
ID_8ZZAEE6I,train
ID_EY99PEU0,train
ID_2ZHZN6LQ,train
ID_0STMFINL,train
ID_H3RQUP6I,train
ID_THNPSX01,train
ID_SW6HF52J,train
ID_954H7L11,train
ID_ZWVZXKIB,train
ID_ZOX6A0Y9,train
ID_43HVEBRC,train
ID_5ECL6JFZ,train
ID_1GCDCQIN,train
ID_1FBJOL7X,train
ID_5RA4BHYP,train
ID_819U5DKV,train
ID_210G8W8L,train
ID_AUSBM53R,train
ID_8MAZQIX4,train
ID_VG4904X6,train
ID_U2JQ8PCV,train
ID_Q9GLEGG6,train
ID_503LXTA2,train
ID_4VQXZ3ED,train
ID_RQYHZMG0,train
ID_YDWJGU5M,train
ID_SO47UC2N,train
ID_TE823GDQ,train
ID_H1ZDBW7J,train
ID_01MUXTVA,train
ID_7FGYSTNA,train
ID_A6HIXIN2,train
ID_OD601SOF,train
ID_3VCRACG0,train
ID_FDWKC8FC,train
ID_RM40WLT1,train
ID_K9QPULBJ,train
ID_VP1NQKJZ,train
ID_PUVZOC55,train
ID_GJ50X67Q,train
ID_FC6DAGTH,train
ID_TC4P4OXY,train
ID_G16YN12P,train
ID_HAMK5W74,train
ID_NSOAF7ST,train
ID_3BJZ921C,train
ID_ZKISYB1O,train
ID_22BO6CZX,train
ID_ZL2TXZIW,train
ID_X4N1TL2G,train
ID_ZJ4G3UYB,train
ID_XR5BNWN8,train
ID_9YH9Z1R5,train
ID_WM88IC0Y,train
ID_398A9YWV,train
ID_7LAWYYXJ,train
ID_N4LQ8IT3,train
ID_Q7Y66SXT,train
ID_ZLOXEYGK,train
ID_7SYGD9DT,train
ID_30B9KDC6,train
ID_DTBMMYGN,train
ID_HJ5KUX9K,train
ID_OXUMNZJZ,train
ID_MOC15CPH,train
ID_3TZWEQUQ,train
ID_TY7DE0R3,train
ID_DMVW8JNR,train
ID_OB16EVIJ,train
ID_OD7HAFP4,train
ID_41L3VZ92,train
ID_ELOD8JYU,train
ID_EMV1RN2U,train
ID_YS5O4LEE,train
ID_MCLY972L,train
ID_LVCH5G8Z,train
ID_R2HCGJ18,train
ID_GN0OFZYB,train
ID_ZKBFQQQ2,train
ID_RZFGS568,train
ID_Z0UE93EM,train
ID_WJC18NGW,train
ID_HTRDQ121,train
ID_EWIBL0W9,train
ID_T8GFSST4,train
ID_KTRQF12X,train
ID_CUBN3JDH,train
ID_2WUPWIDR,train
ID_YZN6G2PL,train
ID_LVTFADZ5,train
ID_XYDEWDR1,train
ID_9MI0LX68,train
ID_O8KZH959,train
ID_AYOAJJ0B,train
ID_7706DUK7,train
ID_7SD5MAI3,train
ID_UT35KY2T,train
ID_12KIU67B,train
ID_7KH4G84I,train
ID_9SGAVFB4,train
ID_M949KH28,train
ID_E6YVVW0W,train
ID_ZLRZ8O12,train
ID_XLV7OV4A,train
ID_ZB302GEX,train
ID_IOCS43BC,train
ID_QTNVQWWT,train
ID_DHDFJ7W6,train
ID_JPTNKZSM,train
ID_CE1WTWDI,train
ID_JF3WNH85,train
ID_CO467N6Z,train
ID_IXBVN591,train
ID_MNXHLN82,train
ID_V6LYRMF5,train
ID_P01AWGO1,train
ID_FCBTOX4I,train
ID_SWQ36E9L,train
ID_XIVRXUM3,train
ID_3THPCCG1,train
ID_PSVK6VMT,train
ID_8TR2RS0J,train
ID_S0AM5NG1,train
ID_HF0E6ZRB,train
ID_GP9598BS,train
ID_7IEIGSHR,train
ID_9HWCGI7H,train
ID_PT47432P,train
ID_FE9OB8WG,train
ID_1M83A9YD,train
ID_EZP1F3XP,train
ID_9KPUS4W0,train
ID_7QS2XIZU,train
ID_D3MYDBCY,train
ID_MMXH5FHM,train
ID_YK9C0CAH,train
ID_71CIB2K6,train
ID_MNVKR7ZT,train
ID_3ILPAAVI,train
ID_EWVOHA4G,train
ID_WXUBM4A1,train
ID_007FAIEI,train
ID_06L1363H,train
ID_FGBCDL3B,train
ID_KIY0QNRV,train
ID_BWAE5G8A,train
ID_8RD2J7M3,train
ID_Y3YHJDFA,train
ID_1056L6MC,train
ID_B89AY2NQ,train
ID_QKIYPZFZ,train
ID_J0X87HBQ,train
ID_PEPQ80S7,train
ID_XO0SVQIH,train
ID_K6G8JM0O,train
ID_EX29G49Q,train
ID_Z187J1A2,train
ID_EAYGVGWX,train
ID_RT25SVC3,train
ID_8XR0SUJD,train
ID_6VXJCU4W,train
ID_T973CDN2,train
ID_SEBZ1E9P,train
ID_7EMKAT2W,train
ID_EYXQ4D3L,train
ID_SX53HEIM,train
ID_WEFPBKRK,train
ID_GDQTTIM3,train
ID_DYN2GHDA,train
ID_5KTZ768X,train
ID_W89JRAWC,train
ID_ZKIUAHDL,train
ID_1I8AXXCL,train
ID_8EV7CPYH,train
ID_SNRF50J9,train
ID_QWLNZYU8,train
ID_9BGMKOM6,train
ID_K1WLBSRD,train
ID_IO0EH1KC,train
ID_QEXZOXBK,train
ID_4BLGYBL0,train
ID_E85FBMF3,train
ID_QC5BJJLJ,train
ID_T8412ADH,train
ID_1UDRXOAN,train
ID_D9665BF2,train
ID_QJJKGTNR,train
ID_PZ1YUJW8,train
ID_7USBKEZ6,train
ID_0WH7GRC3,train
ID_NQWNUMN9,train
ID_FVHCDTI9,train
ID_PRTHJ934,train
ID_C0V742UF,train
ID_108MURWU,train
ID_O34ZFWSU,train
ID_PA6PCKMQ,train
ID_TALFA6L9,train
ID_2I5R0GHX,train
ID_GRUU03O2,train
ID_9YK6IYNQ,train
ID_BH7CHD26,train
ID_IRSLHNCA,train
ID_T783JEBG,train
ID_8LRFV40U,train
ID_NDVFRIOC,train
ID_PXL607DP,train
ID_NF8TM1V4,train
ID_NP4ZWZD6,train
ID_HE7SH0C9,train
ID_NTJ8T9VT,train
ID_82S4RN7C,train
ID_O67ELNRS,train
ID_J3MH3OEF,train
ID_RQ2EP1ZY,train
ID_K6JYSERT,train
ID_MHHS0N1M,train
ID_1SOO122R,train
ID_MG938HAC,train
ID_K4CGIJPF,train
ID_7F0M9L6B,train
ID_0EF57R70,train
ID_MG62CBQE,train
ID_RM0SN8A2,train
ID_FX3Z5Q4Q,train
ID_KKMVUE8F,train
ID_PMS6C6K1,train
ID_SL912SII,train
ID_0P25HVZQ,train
ID_I985IYQ2,train
ID_PQ6XFBWU,train
ID_F1OUEC43,train
ID_307B7L7C,train
ID_X9AVLY4O,train
ID_F654N0LW,train
ID_BAS468BJ,train
ID_ZVN4TYM0,train
ID_3104CTIJ,train
ID_FAFSCVRM,train
ID_FY20IBWS,train
ID_69HC43O8,train
ID_ST867AXK,train
ID_50E36ERA,train
ID_0LO14LKW,train
ID_EMFBZAIW,train
ID_0FEGH4D4,train
ID_49E8MWW5,train
ID_D9JJP3D5,train
ID_4W0PROE8,train
ID_ESQFT0GH,train
ID_U2HDZV90,train
ID_3T9VGWNR,train
ID_SVN4KZCG,train
ID_D1F61GRB,train
ID_PWQNDOTW,train
ID_S3HJOSPC,train
ID_IUIA4UBM,train
ID_7DK0BADG,train
ID_ZM5D9152,train
ID_0LFSDZFV,train
ID_J7UVP2NO,train
ID_6IH0E6TQ,train
ID_KZCC3OJM,train
ID_MME7JMO3,train
ID_E9KR738N,train
ID_1LPQNHDI,train
ID_BTQKDRCL,train
ID_O66OCNER,train
ID_JIM0T5MV,train
ID_5SZTEC14,train
ID_8XKEJ44S,train
ID_3M98L5HH,train
ID_ZU0JG2R2,train
ID_3QHUVTK5,train
ID_3S9XFW8D,train
ID_L19NWB7X,train
ID_NEINGN8T,train
ID_ASRFTXIK,train
ID_PDB0K093,train
ID_D4V9P0K9,train
ID_004F7516,train
ID_S5LDT1PQ,train
ID_BKY1S94K,train
ID_3SGDR3DF,train
ID_BDIK13N7,train
ID_CKHCOBAV,train
ID_I72W1FAD,train
ID_LZ1DZDEE,train
ID_TKBEJUG0,train
ID_5V3G7LUM,train
ID_ACSL1P01,train
ID_IMBHUWI0,train
ID_BNT2IUPZ,train
ID_H3AX80W7,train
ID_64P4YKJR,train
ID_1DNJKPW3,train
ID_1J5YOBZG,train
ID_OFQTNFSN,train
ID_YCGLT8XN,train
ID_J4Z1CTF6,train
ID_5Z3IOLE3,train
ID_HQYG8ECZ,train
ID_3Q0IOA2H,train
ID_79QMN0T3,train
ID_RKRU8MET,train
ID_19U98SCU,train
ID_MMCKB8HT,train
ID_9EMF23AV,train
ID_XPO1RN7D,train
ID_7J6GTZUM,train
ID_M4DHA1X7,train
ID_7ZDOCZM5,train
ID_J39DZPAP,train
ID_Z7TSMXY5,train
ID_ADCKOYFH,train
ID_NU5RKRIV,train
ID_9D1HDN1R,train
ID_C8G8QMDS,train
ID_M1K3OSOP,train
ID_QVF0QYY5,train
ID_NZNLNBW6,train
ID_JUBJF274,train
ID_X1WVT4VH,train
ID_TDMZ4MBK,train
ID_YWGNL4CR,train
ID_TPVU0FJI,train
ID_FRGY7R38,train
ID_PN31CWDE,train
ID_QLF97CNU,train
ID_4N88VBB9,train
ID_C8OKLMDV,train
ID_CAZ7PFAS,train
ID_NQHYC2OV,train
ID_AYA7N14N,train
ID_42QWJQH5,train
ID_VV1RCNRU,train
ID_JQLVR58F,train
ID_FQ0HVIQB,train
ID_8564ERKW,train
ID_366NCOL0,train
ID_SY10JV1R,train
ID_YZ1U1AWV,train
ID_A9C0G24H,train
ID_DPC958N2,train
ID_MJOKX86A,train
ID_7Q4D2DJ2,train
ID_SRMSA1AY,train
ID_KT4PNR1H,train
ID_7KTC3TFN,train
ID_UANEOE5E,train
ID_5BD877SZ,train
ID_ZB0VJEPE,train
ID_0PLJ2HWM,train
ID_AO1D7DM8,train
ID_3G1U2XWV,train
ID_H7P8K4JQ,train
ID_1IPHLY2G,train
ID_5141GJP1,train
ID_XOOSWN1J,train
ID_DI81YAQM,train
ID_5KYYIZLJ,train
ID_P17YB03P,train
ID_KBA33FIF,train
ID_AI2LAQOR,train
ID_K9FJ9ZQV,train
ID_HII5V4ZM,train
ID_JFLR3JJ2,train
ID_WTEVWE8O,train
ID_P5TMCDTC,train
ID_SQ97TAOU,train
ID_AI3H39M2,train
ID_9PQBJI9R,train
ID_EQFGOU1P,train
ID_ASUSEO8C,train
ID_5QJ3SNUZ,train
ID_LFHW68L9,train
ID_H3T16D81,train
ID_XXX57199,train
ID_NIR55Z0U,train
ID_TJQO2W3R,train
ID_UK7NBU4H,train
ID_TXMYG601,train
ID_NDCUNBVM,train
ID_H5P453QS,train
ID_HKUMLX7I,train
ID_0GAC0RPP,train
ID_6SU09KVH,train
ID_MAHDZNYA,train
ID_2H5S657G,train
ID_GWHNOV6B,train
ID_YRKZAZBK,train
ID_AI39FQVC,train
ID_OL6V1YKP,train
ID_ADJK84ZE,train
ID_PQ5KVHA0,train
ID_TJPHNPFQ,train
ID_LQ32YMN0,train
ID_GR09JDT0,train
ID_0JBRD0TC,train
ID_QH3DME82,train
ID_H5AXP8IH,train
ID_Z12A49OG,train
ID_HDRYOTGD,train
ID_0K8EPJW8,train
ID_NE9YFC9P,train
ID_3NZ3RJ3V,train
ID_ZOSGYJ1X,train
ID_CLRJYCMS,train
ID_DANG166N,train
ID_WFODEYBL,train
ID_FEB5R4C4,train
ID_YOU9OO3Y,train
ID_OMUYYW7R,train
ID_RRJCN2PD,train
ID_H4FVT17A,train
ID_OZSI0QJZ,train
ID_0Q2D4RQ3,train
ID_ZKPZ0JUB,train
ID_923OOC4R,train
ID_11GGP1NC,train
ID_J5O1LR61,train
ID_Q1DQCR2T,train
ID_OPXMGDPQ,train
ID_DFM5R1B9,train
ID_KF549BXM,train
ID_Z0HEOZ68,train
ID_5KHBW63C,train
ID_W6XGHOXT,train
ID_K09EH1U7,train
ID_HJZDZSLG,train
ID_WD5W3CO1,train
ID_JD9JC8Z6,train
ID_BPEV2P77,train
ID_GRUA0Z0G,train
ID_4P3NT874,train
ID_VJ285OQL,train
ID_8NWFVDV3,train
ID_LW2VECAR,train
ID_RONNQTH7,train
ID_7CH1GUXV,train
ID_XOLQOU2J,train
ID_ILYEB3TL,train
ID_S09VKDR3,train
ID_PWMT3ST4,train
ID_697XF2UY,train
ID_3QKMC93J,train
ID_BCOFXCIS,train
ID_ELUPCAS5,train
ID_NYXF8DPN,train
ID_TT47LPLK,train
ID_CHGW5JFM,train
ID_16EIB7E5,train
ID_618FCSWQ,train
ID_EPB5BVK3,train
ID_WUAFVMVN,train
ID_UDHHNQHS,train
ID_CXHJBGP8,train
ID_ZJJCMF6N,train
ID_VXE9451A,train
ID_W2CHWHOW,train
ID_DGTVEXMD,train
ID_2YB9TQO9,train
ID_N63UC0GK,train
ID_UO3AL0JT,train
ID_RCRXAMC1,train
ID_D3UOZULA,train
ID_1AIDFP93,train
ID_GU6Q7Z12,train
ID_GU48O7RE,train
ID_CSLI6I6P,train
ID_7NY3W8JJ,train
ID_WNY72OFY,train
ID_CT1PKTDS,train
ID_BFTOA39H,train
ID_MWXXNLWY,train
ID_HXD9NQRN,train
ID_IS2FJQH8,train
ID_7DG9RY2Y,train
ID_4RREE4W9,train
ID_TJJ25DGG,train
ID_HCV4E144,train
ID_BS4GAL7P,train
ID_CFDFLZUD,train
ID_XVCSMURW,train
ID_Y06G4G5Y,train
ID_5UANMX6U,train
ID_COETTZRK,train
ID_IACIE5EK,train
ID_47897NAT,train
ID_4MFDIBB1,train
ID_8T0SZAAR,train
ID_SF4MHKF9,train
ID_IHM5W751,train
ID_7W0T2AR3,train
ID_ECA2YYXS,train
ID_B2GJGXD8,train
ID_71JPDFEO,train
ID_7QZ06BAO,train
ID_NQ4EPS6V,train
ID_RWG7H224,train
ID_PEDZHFT4,train
ID_O83AMM6I,train
ID_SJW5ZFNU,train
ID_BEVJH660,train
ID_Q4R97WKD,train
ID_BHKFJGVA,train
ID_REWOETWJ,train
ID_K7XJKZZU,train
ID_2NEUIRU8,train
ID_E8HWAQYU,train
ID_RM8RBJAK,train
ID_165TJ88Y,train
ID_HG6HAC4U,train
ID_LNRC7ZFD,train
ID_PWPNR9JD,train
ID_IK1FPVXI,train
ID_10K0LK5D,train
ID_9NC9FO0I,train
ID_TLL30LM4,train
ID_9L5UQ5OA,train
ID_USRVIHC0,train
ID_MH1WWAYT,train
ID_GUGNGLX4,train
ID_672MW0BP,train
ID_CTCGL6DG,train
ID_MOS0U2GT,train
ID_36JKRUJK,train
ID_70XANIE1,train
ID_8QQHTX88,train
ID_EJXM9K1R,train
ID_U2UAAIA6,train
ID_XM33ZSJ9,train
ID_BF4D8GF3,train
ID_4R9E8G61,train
ID_6YELNS1L,train
ID_SF8956BB,train
ID_5G3MRJBF,train
ID_ABZESNDT,train
ID_EBI3SGHM,train
ID_H32EUYHW,train
ID_54SQ0R7L,train
ID_BZMXHDDZ,train
ID_EUR1U4G5,train
ID_8CGE2EXJ,train
ID_XVYHD4FE,train
ID_24EI3XP5,train
ID_6IPZDZEH,train
ID_SBUCACSY,train
ID_IRZIAQUK,train
ID_MAZB4UDY,train
ID_PTTUWVMQ,train
ID_SO5I0WHO,train
ID_BWF26E6M,train
ID_KYL35ENS,train
ID_E3Y4JZ2M,train
ID_N3TQA0DA,train
ID_TYPL5ZIJ,train
ID_E5OCHGTN,train
ID_OKDJ10YI,train
ID_OKCDRDNG,train
ID_GQK6F2FH,train
ID_ZQH2QE0H,train
ID_51X81V48,train
ID_XPIKJJYI,train
ID_7YC5L32N,train
ID_LIIILMZQ,train
ID_6TALXGNI,train
ID_8NZO8EAN,train
ID_FJYX6AZG,train
ID_D57CFTW9,train
ID_7T9BL0WY,train
ID_JTPM14RQ,train
ID_CLAKU8Y2,train
ID_ZEOGPQ3J,train
ID_BNNPDGE2,train
ID_0YDAR98V,train
ID_UBO411RS,train
ID_52NDXU15,train
ID_T2WKMMVI,train
ID_HTHTLIQ6,train
ID_FOBIOYX5,train
ID_TYLJBUXV,train
ID_04G67FEV,train
ID_038L14E7,train
ID_SD5BGFLQ,train
ID_F6WRARF8,train
ID_EI8UZ630,train
ID_RB3HKYT9,train
ID_2KHTPQ8O,train
ID_8SMYNNET,train
ID_RE6T2B1V,train
ID_NWCLOXI9,train
ID_FL0J15B1,train
ID_LXRZ2AJU,train
ID_7ALBJ3YF,train
ID_2HLATWT3,train
ID_BE2U2H27,train
ID_JK3ODG9I,train
ID_T7AUK310,train
ID_A1V4FDVP,train
ID_ZNVY5JJ5,train
ID_WU787FF8,train
ID_MY6EOZ9U,train
ID_16M28W0O,train
ID_ILZSDSQN,train
ID_VLJHFXHO,train
ID_58AF0MHW,train
ID_AC31DHA1,train
ID_24GLDFET,train
ID_35OQUSA8,train
ID_SYF0QL1A,train
ID_VTFH95DR,train
ID_4S21VPH6,train
ID_VTIAQAKF,train
ID_20WF52JW,train
ID_4Q4Q6SBW,train
ID_PKX4L402,train
ID_OML0PS7R,train
ID_ZZG9DCEL,train
ID_VS0YMSHG,train
ID_E2NBD6DY,train
ID_N48G4GUK,train
ID_YTPA295O,train
ID_JCCVHWLV,train
ID_DW076DF5,train
ID_Z028RGHY,train
ID_MA38BIDE,train
ID_32EGDJR6,train
ID_9J4GBV1Y,train
ID_ANOSC6S6,train
ID_2EMS5IA4,train
ID_0058QG76,train
ID_067NYAFH,train
ID_HJ6FQWWQ,train
ID_7PIUQ340,train
ID_474QXDX5,train
ID_30WSHW6F,train
ID_43EJH1J5,train
ID_U4N6EBPT,train
ID_ROB8NJ6C,train
ID_Z3QRN5K1,train
ID_F4RS02CB,train
ID_XHQGU7IE,train
ID_ROG02AHW,train
ID_HI5U32ZU,train
ID_SB02K9HD,train
ID_29V5SPXF,train
ID_3DMLZOJ2,train
ID_MVJE3U66,train
ID_FL1WT60A,train
ID_G12H4O0I,train
ID_VQAJQC9C,train
ID_J6OAT8TC,train
ID_7IITUSST,train
ID_DUBGHUGH,train
ID_FOS4H9KI,train
ID_NVMHSEDV,train
ID_TLWDWGY9,train
ID_C9HMKEUW,train
ID_FE3VG92I,train
ID_FWYHX796,train
ID_LJ5FUSEH,train
ID_PDNUEZA2,train
ID_AHPTF8ZP,train
ID_ZX3373PY,train
ID_BB4TPYCA,train
ID_NH4S0DDF,train
ID_DA1ZZQQJ,train
ID_QYERJFU6,train
ID_6N7760M9,train
ID_GM8AWZ7K,train
ID_HKNQARTM,train
ID_NNN85FZJ,train
ID_V4QFX7R3,train
ID_2JHTERO4,train
ID_BOMA9590,train
ID_47ACP3NC,train
ID_DTR8Q0SE,train
ID_VBUIQW22,train
ID_B9078ILS,train
ID_5FBSRBMM,train
ID_KTTO46BA,train
ID_MLQ0J1WI,train
ID_RXD6UBU2,train
ID_B01WAV0D,train
ID_EZ633D5R,train
ID_138TGV7Q,train
ID_UMQ1RDF9,train
ID_CFC6KYJE,train
ID_AJF0ENLC,train
ID_SSFTPUHN,train
ID_BDXB6YJA,train
ID_205S5CA5,train
ID_1YSZ8AEV,train
ID_Z5RTP7PS,train
ID_TYP0Q2K2,train
ID_F0LJZFMA,train
ID_HJ1BXR7B,train
ID_30ZPG4E2,train
ID_EUHFORK0,train
ID_6C3XM7AU,train
ID_JWS8RQIX,train
ID_AJVPTSOA,train
ID_ZBSL0QCR,train
ID_5YKUR93C,train
ID_VH5UVCH6,train
ID_LPPM4QD2,train
ID_97DVT9UU,train
ID_UG9POBCO,train
ID_WY7LJMU2,train
ID_EJNUUC57,train
ID_GZLPQ77P,train
ID_HOVORACZ,train
ID_GLJKECVF,train
ID_P4IWBJT5,train
ID_VQXWUHLV,train
ID_027BTSLC,train
ID_YACFS38T,train
ID_46W0554J,train
ID_31RAFJYD,train
ID_483H7M7E,train
ID_2537Q0P5,train
ID_1KHJTO56,train
ID_TCQMZ7TY,train
ID_RXR03JML,train
ID_KMH01CZK,train
ID_VUZNCKWU,train
ID_KZHVAHPR,train
ID_N3608ONX,train
ID_65F4H0E8,train
ID_P7700DF3,train
ID_B23FLII4,train
ID_TVO204Z0,train
ID_1FX71E20,train
ID_QXSC88QN,train
ID_EYNAF7WY,train
ID_5GNLLMHT,train
ID_F3U50MVI,train
ID_3MSKJQB9,train
ID_MTKFIRRJ,train
ID_L9QYIYYR,train
ID_08UQSCFL,train
ID_7KQ686PN,train
ID_KZ713N6M,train
ID_XNRRTGVZ,train
ID_SITNXMQV,train
ID_IG6XXT5P,train
ID_5QDK7TRW,train
ID_Q2GBL4GW,train
ID_L4ZWJ4BM,train
ID_WXMMQ28Z,train
ID_9OUV8QNN,train
ID_Y60L3ACJ,train
ID_5PC2UO6I,train
ID_OQNWJO62,train
ID_ULJ16Y15,train
ID_IJJU0AMV,train
ID_MYTHLY3V,train
ID_QQU6KCF7,train
ID_PNCTPD7A,train
ID_F1APHUKI,train
ID_ZN5EVB27,train
ID_X7TWUEV2,train
ID_BBRJ0DYM,train
ID_UQZ1NL4M,train
ID_LAPB64F7,train
ID_C6P2LKXX,train
ID_8M00RU56,train
ID_C8QB6149,train
ID_TUQAWYJ5,train
ID_1QAXPJJT,train
ID_5UJYRU7C,train
ID_P7DY3HH2,train
ID_DH00WXMG,train
ID_TMPIOQCZ,train
ID_WJC37KZJ,train
ID_NV8GHKP2,train
ID_V8V3KF3F,train
ID_45TT2A1I,train
ID_JZKGMEN5,train
ID_R87P90OI,train
ID_B18ORKR1,train
ID_Q36IUJ00,train
ID_ADE85SEF,train
ID_OJ3ZRTRS,train
ID_9P1JLHI3,train
ID_QC4CFFAF,train
ID_795U0M46,train
ID_EQQQAO90,train
ID_HCWUY4KH,train
ID_X4398TBB,train
ID_0H5H81LU,train
ID_4XPZAJTW,train
ID_77BYRT3O,train
ID_TK11HXVX,train
ID_6QU67JQS,train
ID_8WB6U6PJ,train
ID_W8NR0E2A,train
ID_6I2OS3I9,train
ID_HUG27J5J,train
ID_Q91OOQ3N,train
ID_O2EKKQ4Y,train
ID_NWO8YVBO,train
ID_X2BGB5BU,train
ID_ZRJ7KV7H,train
ID_IHM2JW27,train
ID_5PKIXC7S,train
ID_4S5V2A02,train
ID_OPL6CAMK,train
ID_A34T0BIY,train
ID_R6OZ8OM3,train
ID_SJ7UTGKC,train
ID_G71MKCNA,train
ID_M7B8WATJ,train
ID_DMUF4AE6,train
ID_O15FBDUR,train
ID_93J91HEW,train
ID_Z1E4V1BF,train
ID_4GEULYY9,train
ID_TPTBFHG2,train
ID_88XJPZ7C,train
ID_B2EXWI9E,train
ID_GY1MSKPF,train
ID_CSCBIFNF,train
ID_XEZCA9PO,train
ID_CZXEC8YV,train
ID_Y3C7LBEQ,train
ID_OPW3HR8O,train
ID_VEO6P951,train
ID_W8AJGX4O,train
ID_TLD0ZI5J,train
ID_JER7JTO1,train
ID_E6C74EU4,train
ID_EVU2Z310,train
ID_4L98RAL1,train
ID_RL0ZYJJ6,train
ID_0HREPI8X,train
ID_E77LFDAO,train
ID_1VLKYKS9,train
ID_HKPIPLKY,train
ID_JJV983OQ,train
ID_9KXWO1VE,train
ID_F97LR1MC,train
ID_LM8TAO9J,train
ID_5AUGQ5FX,train
ID_0UKOUH4I,train
ID_PKTKFKTS,train
ID_KPP89YYS,train
ID_A2UKM039,train
ID_Y448EX2W,train
ID_JXLO34V9,train
ID_5GWRVSYJ,train
ID_UJBSYX0B,train
ID_QHPG3OY5,train
ID_NRDQD0B7,train
ID_GYTOHG11,train
ID_EVN2GRST,train
ID_PXJMBQOU,train
ID_RLXI2GVY,train
ID_7HWAVO9Q,train
ID_YQWDJIBM,train
ID_TNVWSJZH,train
ID_FVPETFQG,train
ID_74VKG5Y5,train
ID_KF2TCEDD,train
ID_ICWH6CYC,train
ID_3ZUEFAJY,train
ID_0E7ZDDS1,train
ID_4VZX12P5,train
ID_OILFKURC,train
ID_8KU3CSXJ,train
ID_XN6X1I1L,train
ID_COJ3MQQO,train
ID_CA5HY2CQ,train
ID_JASGX16E,train
ID_7V3MAK3C,train
ID_GFRPFRIS,train
ID_8W5966SA,train
ID_D0BLYI3W,train
ID_TSNNKBET,train
ID_DLAY8WY2,train
ID_DPFZ5SIB,train
ID_08BG31HG,train
ID_PO9WIC20,train
ID_G1XKFPZO,train
ID_4FM3BQV2,train
ID_5E4TU9WS,train
ID_A7L3JKSP,train
ID_6L9WW3L6,train
ID_ECZ5DKWE,train
ID_AKENCTOW,train
ID_8RP1CICJ,train
ID_CSDGQEOZ,train
ID_8FK83DXC,train
ID_ZNN7DXNG,train
ID_FP9MLRSH,train
ID_JKGGPL8Z,train
ID_M02X3D75,train
ID_QTF0AXQB,train
ID_HTEK0JJS,train
ID_OTTXU6Y8,train
ID_VISM8S97,train
ID_4OF2HFUB,train
ID_F5V43KY0,train
ID_LJWAOF3W,train
ID_6BBHHSGR,train
ID_MSSML8D7,train
ID_QWGPA8DY,train
ID_DLUN1ML4,train
ID_P7CN6WOE,train
ID_C21XXZVQ,train
ID_699OJ17V,train
ID_JN2SRST3,train
ID_PF003ZQ8,train
ID_578MKZYY,train
ID_TXTZ1RZK,train
ID_5D5Q3UYS,train
ID_Q1SLO6HU,train
ID_NBCWVA7A,train
ID_B2VOMA20,train
ID_8XYSTUTL,train
ID_W0TAYSXW,train
ID_6OG8IW1M,train
ID_XXNXYHEZ,train
ID_BKA4JIAV,train
ID_9KRVHHIO,train
ID_93GE8U68,train
ID_FWR639E6,train
ID_R2HAO42Z,train
ID_66Z64Z4U,train
ID_QMXCUWSE,train
ID_8P3DGC68,train
ID_7NZ3E9EU,train
ID_3RQHRGUT,train
ID_7WEP9SF2,train
ID_OQNUDREQ,train
ID_BF1CVYNU,train
ID_EJ76KZM9,train
ID_BPLM8014,train
ID_HLTP6CD0,train
ID_LV8XUZ0C,train
ID_7YR0PKII,train
ID_5JC9H7EQ,train
ID_DANAR5VW,train
ID_N6NQP8KU,train
ID_E3PEFMHG,train
ID_RUEBBW9R,train
ID_BQDLR9B7,train
ID_EXLUE7EM,train
ID_ISCEDBZZ,train
ID_APVW35Q1,train
ID_SZIK4UKV,train
ID_4YQ8ZYCA,train
ID_UDWPU4LR,train
ID_T9EH3BEH,train
ID_K3TUQQ5T,train
ID_7EOJ5UCX,train
ID_047UI2DG,train
ID_SK3EF0UG,train
ID_11KBYS95,train
ID_FQBHFCNM,train
ID_S4579DV7,train
ID_WZGOP7SI,train
ID_THXYH1PE,train
ID_EMOOMSH5,train
ID_7WO6SQ77,train
ID_91ZSZOS6,train
ID_TPIK0ZB9,train
ID_YKR4QA88,train
ID_SW7B4ZO3,train
ID_S04AQ5PY,train
ID_3VJTZ7Q7,train
ID_63I8E8ZM,train
ID_C9XJJCQY,train
ID_1UOX65QJ,train
ID_HNCSCXIF,train
ID_RT5NS2HJ,train
ID_D32V64PZ,train
ID_EXX4DP7J,train
ID_WX6STCOZ,train
ID_EJ6UML1V,train
ID_NOR1TXRA,train
ID_TM122Z3K,train
ID_484E7UY4,train
ID_A4FXIBE1,train
ID_Z561GKZF,train
ID_LG3MB5S9,train
ID_06FPURFY,train
ID_7ZUFTGHD,train
ID_4FMYXPQ2,train
ID_RE350N4L,train
ID_J30S4UZQ,train
ID_SW8ZPYD7,train
ID_YNRRJ5WF,train
ID_2CBFWSR5,train
ID_2XSCN1DF,train
ID_RXXCYCRC,train
ID_8RTRQMLY,train
ID_4TDJBA84,train
ID_HR9Z066K,train
ID_96I6E9PC,train
ID_8U6A81ED,train
ID_CEO53BBI,train
ID_8WUQN2LH,train
ID_OEZH29O8,train
ID_2N2EUJJ6,train
ID_RM3UQDPJ,train
ID_2R2273PX,train
ID_QYIKSBHY,train
ID_P8EQQ8IR,train
ID_35GJ6Z14,train
ID_UXJBZBJF,train
ID_J1YYB6IA,train
ID_MI293HYG,train
ID_LX9WMRRB,train
ID_C2HKHRIH,train
ID_UKEA8P30,train
ID_LIXRNQPK,train
ID_NF01M5VX,train
ID_KKIKDIZA,train
ID_K9A6DJJ5,train
ID_19GILCXZ,train
ID_ZFWCMFQF,train
ID_FTJ1CCRL,train
ID_S1HAXCMG,train
ID_O562IXYE,train
ID_WGTFW0UP,train
ID_UEFZJAI8,train
ID_0MQ7LU3X,train
ID_C71CUWXJ,train
ID_XQHSU5NU,train
ID_ADV0FJE1,train
ID_65FYEV4S,train
ID_ESN00AL2,train
ID_MBWK6VVP,train
ID_F0I21QOT,train
ID_TPMM60KE,train
ID_PB6X1TBY,train
ID_YN93SCR2,train
ID_HYD2IUEW,train
ID_WG2F5MYM,train
ID_HUGVXJPA,train
ID_8SN2UOMF,train
ID_6REBMLU7,train
ID_YOCMK80S,train
ID_9CTZ1NOV,train
ID_XRAKBJ58,train
ID_WCH3BA5M,train
ID_SJXDH1R0,train
ID_O3DIKTCQ,train
ID_1YAG1P3B,train
ID_F08K9AMV,train
ID_2TGCGBXT,train
ID_3X6E51Z5,train
ID_J5WQIXGC,train
ID_FJ12VYFG,train
ID_7TF8FYOY,train
ID_WBMFXZL5,train
ID_MFNWC6VP,train
ID_P48UJR3L,train
ID_05093JEB,train
ID_9FLOTHSS,train
ID_PIC22CPX,train
ID_YUVDJP8T,train
ID_YTVJ9VUW,train
ID_CFRBUAYO,train
ID_OYF1WNWS,train
ID_L44JR54B,train
ID_5I2RFU39,train
ID_S6H2G76J,train
ID_9JXFE5K5,train
ID_4AC27HD7,train
ID_79TWNZEG,train
ID_9RAV3KLU,train
ID_3EUTMXFK,train
ID_MMMORWSA,train
ID_4V8HUQMZ,train
ID_FQSQA9TN,train
ID_TAMD9V71,train
ID_DU7VHF6R,train
ID_S13X3LKS,train
ID_QI9L1XCH,train
ID_4CFCZ8TP,train
ID_JHHOA7K2,train
ID_BJE7IV6I,train
ID_B6GZ44Z1,train
ID_LAFULJGB,train
ID_159A862P,train
ID_QII966TO,train
ID_ED7L2GPA,train
ID_DFERN0A1,train
ID_GOK3QQCI,train
ID_78S1CCKT,train
ID_D060MULR,train
ID_VMW3YP2K,train
ID_6576IU7S,train
ID_SJTINEOD,train
ID_Q33LYKLX,train
ID_E7WFWVDX,train
ID_H1HF3S4M,train
ID_PKTEE8NE,train
ID_KJQI2TC4,train
ID_QTDM4UBB,train
ID_O5105SLQ,train
ID_YCYZCW75,train
ID_KMRLQZFL,train
ID_PD3HGRHR,train
ID_HM4DO4WB,train
ID_Y3ZGXSOV,train
ID_W2RN5J3Y,train
ID_05DTS647,train
ID_VOGRMET4,train
ID_GXJETAMU,train
ID_OTD1WOV0,train
ID_R3JYGXFA,train
ID_EGOS5W47,train
ID_RXKWL9LJ,train
ID_S2K6QW66,train
ID_3CSLUQ77,train
ID_BE2T6RA1,train
ID_AYM5F95V,train
ID_FBXWEXJ6,train
ID_G1UJ26XG,train
ID_OFUPA4Z8,train
ID_KMBZMHXO,train
ID_5UWQTRH0,train
ID_W20UC4LR,train
ID_BMBDOHYL,train
ID_SA4WV3HJ,train
ID_EIBCI46E,train
ID_AFVBOF8U,train
ID_9EM3HE7S,train
ID_51EPLX6R,train
ID_C51IK198,train
ID_ZJXYP2SV,train
ID_QDGW442Q,train
ID_WQZTHKPY,train
ID_5HHJ20XQ,train
ID_EHS9KPRY,train
ID_FYKOVNIC,train
ID_PJASCTKE,train
ID_0C26K9H6,train
ID_4PIR3CR6,train
ID_0A62GRVI,train
ID_NV1XZPY0,train
ID_IP0GW84P,train
ID_517A0UCA,train
ID_DWTZG206,train
ID_BIJYEXH2,train
ID_X6WL1JVJ,train
ID_1V8WR3S7,train
ID_X21CKF2V,train
ID_BLRZORPS,train
ID_0W1PTWYR,train
ID_1MDQC782,train
ID_71382QKR,train
ID_KB710QB9,train
ID_T64165RS,train
ID_BLQN7C4S,train
ID_PHMXUWM4,train
ID_CIZM7MP5,train
ID_ZWWJGRQK,train
ID_41XP5NES,train
ID_ZXHVHMVF,train
ID_SJXT55XF,train
ID_BG5X6ACY,train
ID_8G4RLZXI,train
ID_9B8KJCXB,train
ID_LTY6PLOA,train
ID_TPM76QR6,train
ID_ZZ0MWI19,train
ID_29SVR7IT,train
ID_Y1G5L6Z1,train
ID_DZW4DOLS,train
ID_GHBEJHY8,train
ID_TEHLG6SZ,train
ID_9KP76AN2,train
ID_AM4SVGTQ,train
ID_7XS2LYBY,train
ID_HQVXY2YT,train
ID_OZSFQCEK,train
ID_7EB74ZTF,train
ID_D1GYSSL1,train
ID_TTXLSI29,train
ID_PBYW3WWO,train
ID_VL3VSZB3,train
ID_0NQ26P7J,train
ID_7SB61QJK,train
ID_FL81YYBT,train
ID_839V5038,train
ID_6JS3IHTY,train
ID_L8MXDYRZ,train
ID_QCWAHZ6X,train
ID_GL13YCQR,train
ID_6OJN9Y6Y,train
ID_1H12QOWG,train
ID_2Y3AA465,train
ID_CS6RTSXB,train
ID_3LAX3XKQ,train
ID_C9W423BN,train
ID_ZBGZDHBN,train
ID_9F0IUOQE,train
ID_N4VTWTOH,train
ID_H7PS2X4J,train
ID_3VAOI98C,train
ID_8TJLOX3Q,train
ID_4UC1R33Y,train
ID_4EITCAKK,train
ID_7U0JGRJS,train
ID_4MONJ13R,train
ID_7EDZFDRU,train
ID_TKF4IGPM,train
ID_P1GH3IP3,train
ID_0VFJKDCC,train
ID_EZEK2WR0,train
ID_A8MU000W,train
ID_C5RFKUL0,train
ID_E9BGSGOB,train
ID_5EIMOALL,train
ID_0IV6HDX4,train
ID_6MH8IT9O,train
ID_EIGW4RGK,train
ID_B7KQOQWF,train
ID_3BTK1F0F,train
ID_NS0MPNAY,train
ID_2506ZP82,train
ID_ZDZWMB3J,train
ID_2YW7ZQLW,train
ID_LK2D8B7M,train
ID_ICG0AQE3,train
ID_X733S0KG,train
ID_3PO09KYF,train
ID_3WU8ZBS8,train
ID_EQAGWB1R,train
ID_8GWOI6FX,train
ID_PQKY3FKK,train
ID_MUBJWN5I,train
ID_0060BW8R,train
ID_S1B07YH4,train
ID_2HT3ANJ5,train
ID_KDIJ29UO,train
ID_YTKDRU55,train
ID_ZY6T0XXQ,train
ID_GUABCBGI,train
ID_EVNNI8JG,train
ID_HQAL90KH,train
ID_SAB8PMN1,train
ID_FT6OCHFX,train
ID_44UDOESV,train
ID_38N9PZZM,train
ID_UIXI76MB,train
ID_HYMIOCZR,train
ID_3UTK6PNO,train
ID_BJ4HXJQI,train
ID_83NK71NL,train
ID_K6C2ZTGA,train
ID_XNAYXQ84,train
ID_91JEEWCL,train
ID_EBGM1R2W,train
ID_FNKENKHX,train
ID_VO9HPL0X,train
ID_GEJXDY44,train
ID_IR6YVYPX,train
ID_HJPP1PCW,train
ID_FH6HK9BB,train
ID_TEKAA5VS,train
ID_L26WVX9E,train
ID_Z5XA32QG,train
ID_8SV4ZJLC,train
ID_MONA1GDK,train
ID_G08NOFKM,train
ID_9XKJ9EIG,train
ID_P85LR9XS,train
ID_EM05004U,train
ID_8AKCJ9TJ,train
ID_5PFT4KEF,train
ID_B0PEB54E,train
ID_KSEKR5NR,train
ID_X1MYEGIE,train
ID_VO4IVBM1,train
ID_NXDG1QUM,train
ID_T50COVQK,train
ID_WS31QK4X,train
ID_W35YX7OM,train
ID_BF7W7PO5,train
ID_PURXGRG5,train
ID_FPOEV7C0,train
ID_44GC5ROY,train
ID_R8W1IC07,train
ID_45XTZPMG,train
ID_PGGW7AEB,train
ID_GCMR8GLE,train
ID_WFBLP1D4,train
ID_HGS89838,train
ID_GE209DQ3,train
ID_73QAXUWM,train
ID_8S6NWNMU,train
ID_8JLGOC7D,train
ID_XXKJES5A,train
ID_TC3KEU2E,train
ID_I4DB4BPF,train
ID_UPAWSCXQ,train
ID_5UGZ0LWG,train
ID_4NLV4N2G,train
ID_1A8PN47T,train
ID_N1WO2YDY,train
ID_GWN6YXYB,train
ID_SVFI4GM8,train
ID_SMXVAWY7,train
ID_YQIS421V,train
ID_9SK4TCEK,train
ID_FPT9GUA8,train
ID_AEW3QUCX,train
ID_47DFZ3JU,train
ID_6DUMN9MD,train
ID_4QO4IXJX,train
ID_0C1SGO87,train
ID_O1X9XWYD,train
ID_E5ETQU9K,train
ID_96HE5YWW,train
ID_IAYW3SV5,train
ID_A29FQBSQ,train
ID_7PV95RPI,train
ID_1P8S52X3,train
ID_SZCCTBKY,train
ID_4B1TGKZJ,train
ID_TXF25YXR,train
ID_QSG9N4GX,train
ID_AC0P10D5,train
ID_28MBY3LU,train
ID_XJ8FMYS0,train
ID_YW61U798,train
ID_X0O5DLZP,train
ID_H4QW6BTU,train
ID_Y40ZMOUC,train
ID_68MHVZE9,train
ID_FCEEZOEB,train
ID_7UYCBQ6N,train
ID_I4CBDCPA,train
ID_XPF5GZAT,train
ID_6XCY85FZ,train
ID_4BNEZGRX,train
ID_WELPXNF3,train
ID_ARFOHOOO,train
ID_6QTUGCMV,train
ID_TX5373OI,train
ID_UUOCWQNG,train
ID_PC9921BD,train
ID_M8J3KX5T,train
ID_P02GH6OV,train
ID_G8FIJSXD,train
ID_Q2WENY0A,train
ID_I865HSOA,train
ID_6L1M94RJ,train
ID_5SOAB3JY,train
ID_2A0QQE0P,train
ID_VJF2JWEZ,train
ID_JZL11N3C,train
ID_4L0L00R0,train
ID_YTDV3TCB,train
ID_L9O4L6FU,train
ID_5BNA1TA2,train
ID_QV9ROO2L,train
ID_Y1MXYMNZ,train
ID_LEHRS9IW,train
ID_RID986BV,train
ID_TRJN1JWK,train
ID_N2T043K7,train
ID_VID9NPAR,train
ID_9SD2IETI,train
ID_ORILVSQG,train
ID_9EQHK8LZ,train
ID_6V7J81T5,train
ID_7OR0CZQH,train
ID_KANIB4SP,train
ID_M9RLGJD0,train
ID_O721ZI4F,train
ID_9Y4PAPCX,train
ID_CN3E2L5I,train
ID_3KK0UUT5,train
ID_X4MGC3TY,train
ID_NWXXBYRB,train
ID_X4X33M7M,train
ID_7KJ61LE2,train
ID_8SZSKGY5,train
ID_XNWUMCAX,train
ID_IAES1J89,train
ID_4M4B8C2C,train
ID_VC4RUN8L,train
ID_Y11ID5UF,train
ID_5VTOET6C,train
ID_QSBJ4SBC,train
ID_ZLKJ903W,train
ID_1LC3TNY2,train
ID_LADH14DJ,train
ID_V97M05U2,train
ID_RM3547BH,train
ID_M6V5R3V3,train
ID_KJHA2GH9,train
ID_EBW57GKD,train
ID_HWPXRDNM,train
ID_JSPDPRF4,train
ID_SZA5UGFW,train
ID_A8108YPR,train
ID_S52AQJ95,train
ID_6LD5STMV,train
ID_38TVW54U,train
ID_9KX7WSGL,train
ID_GPR9L6IR,train
ID_DYG6LH0M,train
ID_TTC71Y9Q,train
ID_46NXZG9X,train
ID_F6QOXXYN,train
ID_1YJMFM50,train
ID_TLLUE6ON,train
ID_DXH8UKFI,train
ID_WJPTDK1P,train
ID_9CG15LCY,train
ID_D108QJFP,train
ID_YQTUHPSV,train
ID_7KZW6DKS,train
ID_WYRGRMKD,train
ID_AZF07TV7,train
ID_EMR2BD2T,train
ID_ZP09I6MD,train
ID_JGFTG92A,train
ID_HISZ6C2Z,train
ID_J3D5SMPR,train
ID_P20QCNUG,train
ID_BTI3I9H8,train
ID_6255YGR5,train
ID_3DCOXKWH,train
ID_SP528FYW,train
ID_97ZUY8OA,train
ID_ILB5N1LF,train
ID_854NXTGV,train
ID_VZAR6D83,train
ID_RMOKOEVU,train
ID_MVBDEHXG,train
ID_E1PQSM32,train
ID_G7F2TF81,train
ID_942PE3LS,train
ID_OTBQNXTB,train
ID_0XTYLHAZ,train
ID_9389XTOC,train
ID_CNRHL395,train
ID_3CTQC2CG,train
ID_HNZET66Y,train
ID_CC1KQFO6,train
ID_YIMW5KC8,train
ID_3CWITKTX,train
ID_6WWAP9UP,train
ID_ECX4S96E,train
ID_2QHS8V4I,train
ID_4S5UVD9K,train
ID_ERDZ8OOC,train
ID_5GGM851C,train
ID_HCPQF2LN,train
ID_F219Y31Q,train
ID_5VX2QBKQ,train
ID_4K5Z08VQ,train
ID_0NVXNU79,train
ID_8WWT0HCZ,train
ID_DH22X1XL,train
ID_ZVMG5D2N,train
ID_B34AY61X,train
ID_XY68X3DR,train
ID_75D2LYYN,train
ID_R68VI49C,train
ID_O68O8Y75,train
ID_QOPW4PGB,train
ID_FNZCKWS9,train
ID_FUDUZQ8L,train
ID_0MXE6RH3,train
ID_2BEMLC7G,train
ID_Y3IRY5YJ,train
ID_4F55MB4U,train
ID_PM5W2DT3,train
ID_MUZHE35B,train
ID_CYNFBB14,train
ID_87BH535N,train
ID_WHD65S0K,train
ID_JZM1MJL6,train
ID_HS6Q7J2K,train
ID_YKZNUO5O,train
ID_IIGZNOX4,train
ID_HKK62Y0Q,train
ID_YZS2LKJP,train
ID_X5PISSJB,train
ID_T5SQ7SDE,train
ID_X3PJPTXX,train
ID_GU5FSWJD,train
ID_5ON6AGUJ,train
ID_YTEC8A7R,train
ID_WK4PXUR4,train
ID_72O4XGUK,train
ID_OS7E9HS8,train
ID_1GKLPEE0,train
ID_A3ECIA4G,train
ID_TTUKX9P1,train
ID_MUEKZRSA,train
ID_EUOP1Q9L,train
ID_ZTCSEQB4,train
ID_M43FL4R4,train
ID_PXZDIKFQ,train
ID_IKAMAATM,train
ID_SGC07YE3,train
ID_WIE9AP3X,train
ID_QLZOUZSH,train
ID_ZMNDZ3ZL,train
ID_94RGAVWI,train
ID_HYK5R0P2,train
ID_MU99BCTD,train
ID_GYAHT40N,train
ID_MKNBTQ30,train
ID_YAWJQ7XW,train
ID_37AA2A42,train
ID_06KI6V1N,train
ID_X7D5U3KR,train
ID_6UD2E6KE,train
ID_7XJVTIUO,train
ID_3MNH0VQZ,train
ID_KYDPBW42,train
ID_L7XJUGI7,train
ID_2G16GNUL,train
ID_LQMIJYZ2,train
ID_CK7IYXU9,train
ID_EC29ITWK,train
ID_2TTT03LS,train
ID_ON5WU39C,train
ID_P71B97XQ,train
ID_ER7BP0VM,train
ID_MK1OKL4A,train
ID_2WU6VLMN,train
ID_VJ9GDDEZ,train
ID_8IDXS3LM,train
ID_IBKONKA6,train
ID_W345CPQI,train
ID_4H1P2CHS,train
ID_YZIVQ5N3,train
ID_01CFO9SR,train
ID_IF97QL11,train
ID_QL37VNG8,train
ID_E8IWK7EF,train
ID_OWD168SA,train
ID_RFCXFAT3,train
ID_WMUKWGTS,train
ID_95JEMM79,train
ID_FT0542ZP,train
ID_PWWOJ6M1,train
ID_5FN3LMH6,train
ID_DVD0Z5EK,train
ID_K5R8IZYH,train
ID_OLUV7T1Y,train
ID_MVRX3LKH,train
ID_16TR6XGP,train
ID_3F7SAB23,train
ID_VN9AFMQZ,train
ID_U2HVBGQQ,train
ID_C5ZKH1D5,train
ID_1XXGQV4E,train
ID_LTPQRH4P,train
ID_30LS4E3N,train
ID_7222585Q,train
ID_323G5A6P,train
ID_JPC5UY7Y,train
ID_J1CIEQAS,train
ID_MQXUA3J5,train
ID_81LW1X3C,train
ID_J3EBFQW5,train
ID_BGP87HM6,train
ID_WCAFTFXR,train
ID_MCMN5IQV,train
ID_CQ62GDKP,train
ID_21ETYIYA,train
ID_00N2Y2TV,train
ID_JY74WB5J,train
ID_K9PT8TT7,train
ID_DT1TYKNZ,train
ID_APQ3H5JS,train
ID_QM6WNZ1O,train
ID_1DJWIB5C,train
ID_4YCJVY2B,train
ID_0PL3VPAP,train
ID_HI97EKTR,train
ID_98Q5ZF65,train
ID_Z00P6RFM,train
ID_UBFOY8ZZ,train
ID_KOF2DA63,train
ID_CBFNQTCM,train
ID_JKRK8J6W,train
ID_I27QOAFF,train
ID_CKPH0YL4,train
ID_NMT0FO5L,train
ID_RO2TFBP5,train
ID_FNXF9CAY,train
ID_HGEQYWNO,train
ID_LOP13L8Q,train
ID_QP0T21P2,train
ID_SZTL4N2R,train
ID_LBPGPLOM,train
ID_1FJBPXJJ,train
ID_OO7FYBNG,train
ID_ETFCH4QV,train
ID_HB5H0TIB,train
ID_CVVLPGH3,train
ID_FJITWKVX,train
ID_VG7OTX94,train
ID_XZU46XK1,train
ID_TLZTT5ST,train
ID_3HSNXOCY,train
ID_J306RKNK,train
ID_8FQYAG2L,train
ID_36LMOM0M,train
ID_LZXB02IM,train
ID_IOAWZ88C,train
ID_B5NN2ZI8,train
ID_9SVPP8Q1,train
ID_7H4X5KWH,train
ID_9FOQKBZ0,train
ID_XI6W91D9,train
ID_J9FO05UA,train
ID_9E08JJJD,train
ID_JR7OR5X4,train
ID_EWNE5U3C,train
ID_MV03GTD5,train
ID_D1XNM08G,train
ID_HMXOT63M,train
ID_LER7MEPU,train
ID_TD5PP4PC,train
ID_HTJ9KZ80,train
ID_N932GRUA,train
ID_B1DCPO4J,train
ID_GJ0ZYEZE,train
ID_L9PVUFIH,train
ID_S70QDKYE,train
ID_ALO5RTS0,train
ID_CNVKYBOW,train
ID_66PGKO2L,train
ID_PPCUO701,train
ID_YDXS93YD,train
ID_RGENBALY,train
ID_FU0GMCRK,train
ID_83RGCC38,train
ID_ES14H73S,train
ID_H2QGVIM1,train
ID_XAYUM37L,train
ID_O1SUF9HB,train
ID_XOXE4T06,train
ID_YQYGDYM1,train
ID_7NH2UHPM,train
ID_SU7TRJG2,train
ID_W6IPBA01,train
ID_URR77QUX,train
ID_RAEA9CRU,train
ID_KZ9UO80P,train
ID_QURVA2BV,train
ID_1YB5VFQD,train
ID_3QAZ56E4,train
ID_Y9AZUZEL,train
ID_44EN0XXK,train
ID_NT91MFPU,train
ID_8KSU10U6,train
ID_71D2Q8P0,train
ID_T0OMRQ9D,train
ID_Z2NAV8F6,train
ID_SGCWX9YY,train
ID_79LIQWNX,train
ID_RP86RO3D,train
ID_QN8C7L25,train
ID_RC97M9BM,train
ID_SP2QZVI0,train
ID_T109VSZ0,train
ID_0HP1TJWO,train
ID_71US6ZL9,train
ID_MO1GXPL1,train
ID_AT7H4UAX,train
ID_T2WX9E7J,train
ID_9UURX5SX,train
ID_IEV48OV1,train
ID_I3LMK5PJ,train
ID_DGSA925W,train
ID_I1BH0WQQ,train
ID_GBTP21W2,train
ID_P5CYKC7A,train
ID_L53SEXQB,train
ID_WSBR33UJ,train
ID_J7K627CB,train
ID_7NCM6BU2,train
ID_TN6LEU3R,train
ID_MB1G2V8A,train
ID_X8C09UY0,train
ID_31B78K75,train
ID_5CU2QK6C,train
ID_SYEB9LAX,train
ID_F7YGT6B5,train
ID_CO28ZZTE,train
ID_ELYMR158,train
ID_VL86TPIZ,train
ID_ZP88E8YH,train
ID_H2GBWDS3,train
ID_QRLO70UJ,train
ID_S4AQRZ5R,train
ID_LOOB2QH1,train
ID_GXBKKYZB,train
ID_QIRNGVFA,train
ID_W9R0V65O,train
ID_0ZN3CW2M,train
ID_OX3W4C4W,train
ID_A3CKPWHD,train
ID_0HI1Z63C,train
ID_XM5VZKCS,train
ID_HIPY561B,train
ID_HZ1YBM09,train
ID_EL15F38V,train
ID_AALY7HCS,train
ID_Q8IFQYIU,train
ID_36NFJYA0,train
ID_88NLUYDE,train
ID_QI41IUI7,train
ID_YYR67BXB,train
ID_MZJOYTJA,train
ID_5573VJ5N,train
ID_M8ZB6NW7,train
ID_ZUII0O4O,train
ID_6RGOWSNH,train
ID_74AGE3MW,train
ID_YFFM33J6,train
ID_SQTOC1R1,train
ID_6AMLP3OS,train
ID_MKMU53SA,train
ID_7SS6BIPD,train
ID_AV48NY5S,train
ID_M1A63F0D,train
ID_4ENRVB8Z,train
ID_C48IM6AZ,train
ID_D4ZFR86R,train
ID_FVXUPSQX,train
ID_KABA1UXY,train
ID_PC75MNOR,train
ID_86D95A1K,train
ID_CY3VLU56,train
ID_VXJN6Z9U,train
ID_7QOT2BIE,train
ID_C9MOGHH9,train
ID_Y6NOEDVG,train
ID_E7DTX4DM,train
ID_LDUCV8O5,train
ID_CCH13CXW,train
ID_4DKR6R1J,train
ID_850SBJUN,train
ID_TPPPNKJD,train
ID_12KGCZGT,train
ID_XOD1HMCB,train
ID_0467KPT1,train
ID_IH500DDK,train
ID_O7DKTMU1,train
ID_0FRKI555,train
ID_04QZBN65,train
ID_1VTEDFHA,train
ID_3ITKIV70,train
ID_K01K7BS5,train
ID_5X176CV5,train
ID_IMBYXSYH,train
ID_F6MDW6F7,train
ID_SQI8QPF1,train
ID_HAF9SDLI,train
ID_4M1HSLEW,train
ID_HB0KM0IX,train
ID_KRDRC443,train
ID_TCXYTB9U,train
ID_L209SAFF,train
ID_Z7F5ELMH,train
ID_5HUOSSCU,train
ID_MXGVWC0M,train
ID_RQB4QGGO,train
ID_OOH1L08F,train
ID_E2NR9WWD,train
ID_SAT87T80,train
ID_J5MEKO09,train
ID_DGKVYWHK,train
ID_CVI0SV37,train
ID_R2O2JG62,train
ID_1FQHIDU4,train
ID_E7Y3POBA,train
ID_96XTVFDK,train
ID_4WEXPSIW,train
ID_1B9MHCCU,train
ID_PHAM5YVT,train
ID_75FQCWEH,train
ID_LC25XWPW,train
ID_K176P45O,train
ID_WOO35HS6,train
ID_G49XILB1,train
ID_K2WQ575V,train
ID_B4TMSGC5,train
ID_MHZI8TRR,train
ID_2HHMP0SZ,train
ID_VFI0HZCX,train
ID_0QYLJBIK,train
ID_N7CCKUWZ,train
ID_HR2R4467,train
ID_KDT1ODVQ,train
ID_O2VY166V,train
ID_7TKU9JP3,train
ID_9UB2YSLO,train
ID_XVC6FVS6,train
ID_DFYEJ3XN,train
ID_DMRH73FC,train
ID_THKX6XX7,train
ID_W6NZ1DVA,train
ID_NIACPVFJ,train
ID_EL4GRPWH,train
ID_XS13OA2J,train
ID_EE3DJMSI,train
ID_K8PM6PK6,train
ID_ACLB3FX0,train
ID_P1MCV8IS,train
ID_X5OQLK5Z,train
ID_AX6KAXBQ,train
ID_I9QA48O6,train
ID_ZLWKTU7N,train
ID_EO7L7V5S,train
ID_3Z6RX1FA,train
ID_3A54CHAK,train
ID_D5SDGUY0,train
ID_C248CXGY,train
ID_67Y8JOS5,train
ID_KCP1W9T9,train
ID_CJG3STU3,train
ID_3E89556B,train
ID_MIVXIKYA,train
ID_061SOMG8,train
ID_LH8FYWYZ,train
ID_L43UMJ5C,train
ID_ZAX1M90U,train
ID_83AMARTJ,train
ID_BWYJDFED,train
ID_QBA3KPPY,train
ID_VHLLWI39,train
ID_8BKLB346,train
ID_O19NZPDW,train
ID_R6EOMSRZ,train
ID_EW23L9NB,train
ID_PZSVX9YQ,train
ID_UWQCWDMB,train
ID_2W8IC4C6,train
ID_8R1JJN11,train
ID_INKNYMYT,train
ID_FVU6ONEH,train
ID_O8YES1C1,train
ID_2UARJ0FJ,train
ID_A2AD2MMP,train
ID_VXRR5RQU,train
ID_EWXCWJXP,train
ID_WGRLZVZ3,train
ID_X1VLAYP4,train
ID_QZ2S76SH,train
ID_7LMF2NME,train
ID_WD2FP9KZ,train
ID_OFD3XT9P,train
ID_N6XBS5TP,train
ID_W32L12ON,train
ID_HYEHTYER,train
ID_19RDOGP5,train
ID_KBXSM6ME,train
ID_D1S2WBW8,train
ID_6VOT57Y3,train
ID_XBRCEZKI,train
ID_NOX5QQDN,train
ID_ON6DOPH3,train
ID_1U0SVWYE,train
ID_ZTYSX7LZ,train
ID_5DAW2ZZY,train
ID_UP4Z2DO4,train
ID_P5504L7K,train
ID_SNGMUH5T,train
ID_2H4HNIM8,train
ID_QHDZSNAT,train
ID_5BLCFJ8R,train
ID_AA3RIO29,train
ID_2TRTB8XZ,train
ID_NNXPXX8V,train
ID_3A7YULI1,train
ID_FXNTFO1K,train
ID_WVA82YGL,train
ID_31XIXI2Z,train
ID_369PRP4A,train
ID_PXLVCDIN,train
ID_F4A730YH,train
ID_BVZ5BTYS,train
ID_336XZ6W9,train
ID_9LF4OL5R,train
ID_DR84KKCJ,train
ID_P807FX5W,train
ID_IKNQPIA1,train
ID_CJOH3S42,train
ID_YEDK7W96,train
ID_3AO4VH98,train
ID_NQPMIRH4,train
ID_KNMA8S15,train
ID_I8OG71H3,train
ID_BJVBZC7F,train
ID_TD7NU2BQ,train
ID_SE123X5T,train
ID_N6YJZBXI,train
ID_LWVTFB16,train
ID_HD8WV3W9,train
ID_GGL53364,train
ID_LYXVDDVE,train
ID_QE8CYO4F,train
ID_Y6PKODBC,train
ID_LWTN03ZP,train
ID_R6K0VFVE,train
ID_1ISXIVLM,train
ID_UIMC8HAX,train
ID_O8CU2ZRV,train
ID_8MUT7L30,train
ID_AGJATI8S,train
ID_58DL7R6H,train
ID_32PEV2LK,train
ID_OVAIZI3O,train
ID_M0XY79GN,train
ID_S0CNP9JV,train
ID_EON2JH4O,train
ID_6S7K4A38,train
ID_B4K75DCF,train
ID_MCSBM0HI,train
ID_ML23KI8T,train
ID_HAC2KQXS,train
ID_PFJP1YWS,train
ID_O1DCK8BT,train
ID_NR9ZKF4A,train
ID_U4MPKYQK,train
ID_2DO297BZ,train
ID_4UOJTTMR,train
ID_4VVB1PXD,train
ID_OCT992YG,train
ID_D26K52JC,train
ID_O5ZN8OI2,train
ID_2JU5OX6Y,train
ID_FX54Y8CY,train
ID_BPZISGGH,train
ID_TVKI1IN5,train
ID_RWOI5CA8,train
ID_AWOYCRL8,train
ID_ZPZ1EX1Q,train
ID_R4IGJJ2S,train
ID_VC61726Z,train
ID_E3D34HVN,train
ID_7UOFSO0A,train
ID_ZGNEL57M,train
ID_G62FPLQQ,train
ID_9P6HUT17,train
ID_T9J6NKX1,train
ID_E6Z9U23Y,train
ID_3LAFK2I9,train
ID_Y1Q4NK77,train
ID_FORXO95B,train
ID_G1FS4QTD,train
ID_2QN0GFNF,train
ID_MGPNU639,train
ID_G247W8PE,train
ID_FFP8KK46,train
ID_35XYHMJF,train
ID_I4MNWFLA,train
ID_1TBKGUVE,train
ID_FRMRPCXB,train
ID_JYNP4XQA,train
ID_A507RL9F,train
ID_3CM59EDM,train
ID_2Q7790IO,train
ID_JKO58GO0,train
ID_H2F6WBBI,train
ID_ZM5H1010,train
ID_9LKKBZHU,train
ID_QIX449IA,train
ID_OQYIYCDN,train
ID_NZ5GJPSR,train
ID_0NF4PX9G,train
ID_6GLOFOT4,train
ID_AM2EIHDI,train
ID_PVUKIFGF,train
ID_V29XHFJH,train
ID_WS6T8XLB,train
ID_AJX5ODVS,train
ID_L47KB0K6,train
ID_6FV2KC24,train
ID_C9QQMEZ0,train
ID_5PMUGSIG,train
ID_7LHZDCDG,train
ID_6ENC8KWE,train
ID_VEPY3BS0,train
ID_9LUPA7YD,train
ID_860HFZTW,train
ID_H8SUJH6P,train
ID_A510SZJZ,train
ID_AXC1KDXH,train
ID_L41JI3T7,train
ID_LNE97KKE,train
ID_Y7DIIIYW,train
ID_X6SKNPZN,train
ID_4TRJNX6F,train
ID_V01W1A5I,train
ID_79WT7GFO,train
ID_2XN0LRFL,train
ID_R94A1XHW,train
ID_P3CGLL1Z,train
ID_GRMU8JC0,train
ID_BJWQ04UP,train
ID_RU7RC09M,train
ID_V1CV0M0U,train
ID_U8UEWFUZ,train
ID_J6TMMZGZ,train
ID_I6SYX3JV,train
ID_CNU9JAPZ,train
ID_G7UDGA7W,train
ID_7RS09VDA,train
ID_S8XSNFHL,train
ID_MSTHOCJZ,train
ID_5H6BKT5L,train
ID_8PNM9H5Q,train
ID_E4WXV8XD,train
ID_1YJSS8CA,train
ID_J14ZL1M2,train
ID_BW5W80SW,train
ID_SBPMAFZ9,train
ID_ROK57C4C,train
ID_BO09SHTG,train
ID_0ACXTA4O,train
ID_9DA76BFC,train
ID_D1AHY45W,train
ID_NW5C3G44,train
ID_TVBHUWX7,train
ID_9RE3LDVY,train
ID_MNL3ZILJ,train
ID_0FKXDIQJ,train
ID_O5Y8E4U6,train
ID_MJ38VWAV,train
ID_GMUBKJ2P,train
ID_N6RMMD5G,train
ID_FGUKFUK2,train
ID_H99QULSV,train
ID_V5O12W9Z,train
ID_DI8R042P,train
ID_JWM9HMDN,train
ID_1MF4JJZ4,train
ID_BSP81616,train
ID_65L8KMJ1,train
ID_609RRRGD,train
ID_WV2IBP4Z,train
ID_1OB0BW8Q,train
ID_A359JG81,train
ID_TNHWO62T,train
ID_3ROTVWAP,train
ID_7MQ1NI83,train
ID_KHO90RCX,train
ID_EP6BWMNI,train
ID_M4ER6WSP,train
ID_IZCQ4XJW,train
ID_0NOW8GFZ,train
ID_FJCV681R,train
ID_2OA1Y5CR,train
ID_N0C6IB8L,train
ID_LWSW3O42,train
ID_SLT4RN83,train
ID_FXNTED4S,train
ID_O6RYKD9T,train
ID_OGSRDTQK,train
ID_GHKNVDFI,train
ID_47OTMEC6,train
ID_M6AXLD2Z,train
ID_OZXMEELY,train
ID_2OWQEGTK,train
ID_3SKZI5XU,train
ID_6ARBGBLI,train
ID_WPFPU7LF,train
ID_PVZNMN6Y,train
ID_57W7CHY0,train
ID_R6H1LFFF,train
ID_LYMVI0KF,train
ID_PY9EJY4H,train
ID_IQOZ5ACM,train
ID_H69UIMHG,train
ID_Y92AQ7C5,train
ID_6XZYXMM7,train
ID_K8EY2UA0,train
ID_FDJ1HVSG,train
ID_L3ZNPK9U,train
ID_45T6ISJO,train
ID_7650VZG6,train
ID_Y5YT9NMM,train
ID_P5Z7TF5Y,train
ID_NCXRHK4H,train
ID_DBUA2DKZ,train
ID_050POPHS,train
ID_5TBRFQXK,train
ID_1HUR692S,train
ID_5F99CTYK,train
ID_S06GAYJM,train
ID_A4Q0LTOZ,train
ID_LIZMTG6S,train
ID_B1OG3VOT,train
ID_XFUF1PGR,train
ID_ELKXVORJ,train
ID_6C1D9WAK,train
ID_HJVEUEKX,train
ID_HXP71D71,train
ID_CM95B98K,train
ID_PF1C3O4O,train
ID_A7IMCRS0,train
ID_K6JGGQ26,train
ID_JSVH2VCI,train
ID_XTG7Z03I,train
ID_SBYABFWB,train
ID_JE6UC8ZF,train
ID_96MLZBZA,train
ID_WUCVD4F3,train
ID_0433SEKD,train
ID_CNSZ8ETD,train
ID_O9QUIKT2,train
ID_4F37NBR5,train
ID_4KMHLHU6,train
ID_IP039F8K,train
ID_5SHF75I6,train
ID_VR3FYF6E,train
ID_AS4ZZBVF,train
ID_KS8QEWU6,train
ID_VA1XUR1Q,train
ID_0D0MH6TW,train
ID_P792U5B5,train
ID_Q3CG3OFR,train
ID_PA36H2BX,train
ID_PCD3ED4O,train
ID_LK8CXHXK,train
ID_YES1SVLF,train
ID_YXSLYK5C,train
ID_6JL33O3S,train
ID_G7103P5M,train
ID_FJVZT1XU,train
ID_C9O74OUH,train
ID_43U1E7ZF,train
ID_BRA4DDSC,train
ID_CB3BSSWP,train
ID_DU71RU7F,train
ID_IGGV2ASS,train
ID_8OHFKS9H,train
ID_TN5DNFF7,train
ID_ZB50GRUI,train
ID_TSENOP17,train
ID_YFN4Y5TV,train
ID_M35NYNUO,train
ID_LVOAXHNC,train
ID_JBA8RSEM,train
ID_87P6XUS9,train
ID_CHSUMOX3,train
ID_U1E6L7HJ,train
ID_ENWBBIWB,train
ID_K10FMTWI,train
ID_7ZFU1NR0,train
ID_1G9GONTN,train
ID_C8EBQZFO,train
ID_VNKKZCRE,train
ID_KPO0VW0W,train
ID_8BQENSTN,train
ID_4NJ79BDX,train
ID_AWOCQSW6,train
ID_V105BNYL,train
ID_RAXVDISJ,train
ID_HUHHW3GM,train
ID_SOVSQHNI,train
ID_WINRNFZK,train
ID_H5XUHVZG,train
ID_SNLS5Y8N,train
ID_JH95R6AG,train
ID_X65M9Z1M,train
ID_CSO9CJN2,train
ID_QMM93YW5,train
ID_Q781M99L,train
ID_ZHA31FH1,train
ID_83VN1GQU,train
ID_IQMSABLN,train
ID_6ZPNPUGW,train
ID_D3BH2WCD,train
ID_IEFJV0H8,train
ID_5UJ1DMQG,train
ID_I2HUBZPM,train
ID_VC854MQJ,train
ID_7RT2G1S8,train
ID_AI9Z4UY9,train
ID_X54YFNDL,train
ID_9EOANX29,train
ID_JBIBAVOP,train
ID_0QT4NACF,train
ID_CJZ3OI0U,train
ID_2I4YX58E,train
ID_BRZAGCGP,train
ID_BOWZV7BK,train
ID_APRMA1P2,train
ID_D22ERT05,train
ID_TI5B7MKP,train
ID_QA4H6U6W,train
ID_FQWXVO9H,train
ID_9UWI0S7H,train
ID_U1ER25CV,train
ID_043E7AL3,train
ID_NPAI68HG,train
ID_TH5Q6F2Q,train
ID_H96EXTK4,train
ID_AQWV2OTG,train
ID_AZ0O9HOY,train
ID_26RMONJI,train
ID_4M2YXDGC,train
ID_M6582DOX,train
ID_0OVZF0Q4,train
ID_P1784LGD,train
ID_99MDWYUM,train
ID_L2I79U18,train
ID_B0NBRA8L,train
ID_WUNF7RIK,train
ID_X7NF89PS,train
ID_JD3O43Z8,train
ID_SSOTZBJ8,train
ID_HUX3J27N,train
ID_8ECBGWBB,train
ID_7WVW5YV3,train
ID_X586PWO5,train
ID_PWUIOA52,train
ID_WKV8YLCS,train
ID_G9K0DXDZ,train
ID_1LLS5WLB,train
ID_2OOVH6CU,train
ID_X4DGY7BI,train
ID_EVWCX99J,train
ID_3GQU7P0E,train
ID_Y0WHV5LQ,train
ID_XFV4CSEG,train
ID_5VGSK2LA,train
ID_0PYXHSWT,train
ID_GYD1LPO8,train
ID_6I9LFR52,train
ID_8KNSL6RQ,train
ID_9ZK3HRH6,train
ID_7RWYI2V3,train
ID_2PTOXETI,train
ID_YBZYOF8A,train
ID_K74LAN32,train
ID_E2XZ9M20,train
ID_THVI59SR,train
ID_MVJPK1VV,train
ID_E8P9DIRD,train
ID_KWK9OHSY,train
ID_YHJ622WV,train
ID_NJ91O1ES,train
ID_QZXDPUOH,train
ID_GH4NK39C,train
ID_I7UB8XTI,train
ID_IYC5VB5D,train
ID_9MAUPNWE,train
ID_EFFLXSHN,train
ID_GB4Q1LON,train
ID_5P33H1EB,train
ID_Z6440AAN,train
ID_C5W7VKT0,train
ID_PYA70GYQ,train
ID_KUXMOP37,train
ID_Y5EBSDYE,train
ID_EM3MYR2V,train
ID_CZGFVKLZ,train
ID_0V61PI9X,train
ID_PRJXR7E6,train
ID_J9IJ7L00,train
ID_MWN3UVFJ,train
ID_IQQ0A6WD,train
ID_IQ5WKEXG,train
ID_5XCQ0ZZU,train
ID_S6YBGYWK,train
ID_U1SKIY8Q,train
ID_GVGWUYYP,train
ID_F3H4C85D,train
ID_F0CCMXR1,train
ID_RM16JVP1,train
ID_C7G9U2OC,train
ID_RMAWVCMW,train
ID_6KBZ4CA8,train
ID_KFZPMX7G,train
ID_JSYXIWU4,train
ID_S6B38V0M,train
ID_R1W6O1DS,train
ID_D928V31D,train
ID_VFGIO85E,train
ID_TGAH1XWA,train
ID_QO4KMUOK,train
ID_A20L7MHH,train
ID_Z6IRAT02,train
ID_6CH19H2N,train
ID_SNPKAVGP,train
ID_KXKV24OZ,train
ID_2XHOBAGT,train
ID_815B3P6T,train
ID_VOGVKNUV,train
ID_8Y47NO7X,train
ID_N0P2XJJ8,train
ID_S5SZUKJQ,train
ID_L6QLY7FS,train
ID_5QZ8XBLJ,train
ID_RA0BYHB7,train
ID_WAHHOPQ0,train
ID_09557EUM,train
ID_X05S9TRY,train
ID_1X2D4AFZ,train
ID_UF5ZJDNE,train
ID_UYH02SBN,train
ID_ED8QP13V,train
ID_FFTWS0F3,train
ID_69X92JV1,train
ID_59SKLF5S,train
ID_614CQF1T,train
ID_Y83YY0SU,train
ID_A775H90E,train
ID_NJI7BSZ8,train
ID_PL0CJ0SQ,train
ID_Y7B1N8K2,train
ID_G5O57JVK,train
ID_WF3XRZWJ,train
ID_BMG0B009,train
ID_7KRUW7LM,train
ID_9EMOOJY0,train
ID_GAE5DSI1,train
ID_CEKYMX87,train
ID_PPUT5WN5,train
ID_RZ3OTV2F,train
ID_2LF5N86K,train
ID_2Q9K156A,train
ID_7MUSYVCH,train
ID_Y7MBPRPV,train
ID_23OUM03Y,train
ID_P11AO3LN,train
ID_KI1TNB7T,train
ID_KN3WON7S,train
ID_HV8I5CZO,train
ID_1RYDNEZE,train
ID_KJGPYWD2,train
ID_2F8GKDGH,train
ID_EARAXFVX,train
ID_19Q70DH0,train
ID_BFTQYR43,train
ID_J0PXCKRC,train
ID_7WEI4Q8N,train
ID_SF5QZBR5,train
ID_8H1H0XA4,train
ID_Z993PD8K,train
ID_61H8AV5C,train
ID_VIOQ7O3C,train
ID_4VIRG9S1,train
ID_TE3ZMYUB,train
ID_9U0S4YKF,train
ID_ZWTUUTWM,train
ID_0DI5WIZI,train
ID_0APS0HTV,train
ID_296RW3RZ,train
ID_20CRASMQ,train
ID_2O4VJVRJ,train
ID_22KCMZ6Y,train
ID_W9FOLIM4,train
ID_0Z3RWD38,train
ID_WJ4U6BH3,train
ID_5TV4T0CE,train
ID_HP38924X,train
ID_I2WV3UWL,train
ID_IUP52YBC,train
ID_6CEJMI4Q,train
ID_DLGK9TP0,train
ID_1AKZ7J5T,train
ID_TIZR6K2R,train
ID_4LA13C2U,train
ID_70ZONIPQ,train
ID_9D6L2Q3P,train
ID_PMDSPK72,train
ID_UAASM2E8,train
ID_SZVCJMOD,train
ID_S5M4R57W,train
ID_1T7UJMA6,train
ID_QCV1NJNK,train
ID_ZBC6RBP0,train
ID_0PY0R1SZ,train
ID_K5R63BEA,train
ID_YFKYH25J,train
ID_AXR6XTBS,train
ID_63FE2TYW,train
ID_DZDX1J42,train
ID_HHBVXKHX,train
ID_CL50BXX5,train
ID_Z3I61H17,train
ID_N8NJ6R5P,train
ID_I86ZCOKM,train
ID_F8T8EF7W,train
ID_7UDX5UKC,train
ID_7TG1EI2Y,train
ID_DQG0XK1M,train
ID_Y1XSXLAF,train
ID_FBQ3XF4D,train
ID_VE2Z3FQI,train
ID_40JK8A1C,train
ID_1X86YDSD,train
ID_VGJQQVK2,train
ID_C2LW736A,train
ID_7WI2RLSK,train
ID_YIMTX12Q,train
ID_2VCKQLYT,train
ID_92AC0C83,train
ID_ZND6GGN7,train
ID_Q67X6J0K,train
ID_YJAK82JN,train
ID_98CDH8UT,train
ID_OAU7NPY0,train
ID_CT7EP67Y,train
ID_ITTGDZF1,train
ID_5QPGSC69,train
ID_O6ZR2KPA,train
ID_K8GL7YQW,train
ID_BNP3VSWS,train
ID_M1BZMK8K,train
ID_2CXBYCT4,train
ID_4NFZ42VW,train
ID_8YML7P3R,train
ID_NRXSRXUA,train
ID_10UELAXU,train
ID_MSSZBVAX,train
ID_PWGSI2PA,train
ID_SBNGWBFC,train
ID_RPBRH14N,train
ID_RUBUN67Z,train
ID_SKVCCY01,train
ID_7O131OEN,train
ID_S2MNQ6SR,train
ID_BIKUKFYV,train
ID_XR3M6KGY,train
ID_CFEL8VPS,train
ID_ORZBRZ3L,train
ID_LBNDK3B9,train
ID_KPZAA9UP,train
ID_6L6IYNVB,train
ID_PZ7DFWRI,train
ID_CRH69BE4,train
ID_MI0FFX40,train
ID_T5PG3YPO,train
ID_B7YTIS26,train
ID_YULHELSV,train
ID_9Q6MDMHE,train
ID_SIGDER5H,train
ID_4XWB2K4A,train
ID_SJ8DLUXA,train
ID_0TZH99EB,train
ID_LXW9TRLI,train
ID_HNRYRFNW,train
ID_WPU71JHJ,train
ID_1I8QPFIJ,train
ID_RFO9ZA82,train
ID_T2V8YJ2K,train
ID_FW06BWNS,train
ID_53LJ6TL2,train
ID_LQZMD3L2,train
ID_9QZKSFWS,train
ID_QNFJPLS8,train
ID_SZ04NS29,train
ID_XXBSELBL,train
ID_X66Q5VZO,train
ID_SSXN7HP4,train
ID_8SCDCU3B,train
ID_OQ9DJCAZ,train
ID_Z182E73B,train
ID_ETNFFS3O,train
ID_G07IRAMS,train
ID_26W5I37N,train
ID_GS1VNTF8,train
ID_N02FAV8L,train
ID_FZ3M529S,train
ID_VYZJZPFW,train
ID_U80AJ15B,train
ID_GJQ8T0XY,train
ID_K03UZ6FA,train
ID_YEZCXNRZ,train
ID_U2Q05MOR,train
ID_TR40M03D,train
ID_341QZUHC,train
ID_OH2X63EV,train
ID_M0MJWPNQ,train
ID_1OOX2K2L,train
ID_J0RFRMNR,train
ID_Z7YV7JTF,train
ID_4URB9903,train
ID_IAEHNBQR,train
ID_GPS6RCSW,train
ID_0IO2QKIL,train
ID_5ZD1NG5F,train
ID_SAHFU05I,train
ID_AJYFCM5N,train
ID_8K0EWR2D,train
ID_QAVQ1IMO,train
ID_OZDX4PFE,train
ID_014K62HY,train
ID_JSZEV7SM,train
ID_E101347Y,train
ID_3C5430OP,train
ID_H4Q6VCQW,train
ID_DHLBFJ94,train
ID_H8YKQC9C,train
ID_EUE2LLB5,train
ID_CKQSJO7N,train
ID_78URTKJI,train
ID_Q3DMMH3V,train
ID_NXB4AQIY,train
ID_RQ9639UW,train
ID_8MOXYMBD,train
ID_NJ6QT3ED,train
ID_P0SR8ZLK,train
ID_KXMWLLX4,train
ID_5YSOB9VW,train
ID_UYBA5ABX,train
ID_DF4VBURK,train
ID_5VUEGPSX,train
ID_SN9LKJDQ,train
ID_8406I1NB,train
ID_DOXH4XZW,train
ID_4T4BZ75V,train
ID_GU07WP0C,train
ID_3XQDMP5G,train
ID_VO93UG3B,train
ID_X9C3D64C,train
ID_KLE4R1FT,train
ID_L7VN2M4T,train
ID_SNH2Z5TN,train
ID_LXD2RWK5,train
ID_DZG3I9WG,train
ID_D7A9SX15,train
ID_OEI1ND5M,train
ID_9YCL9HDQ,train
ID_1H4RE8M1,train
ID_TI51IW6Y,train
ID_NQBTVVAA,train
ID_9DIFK5YV,train
ID_BAPOMZTT,train
ID_IFA2NI28,train
ID_J89WV6J5,train
ID_LH95B2PS,train
ID_1JZHO18A,train
ID_P31BHJ5Z,train
ID_HI43UBWQ,train
ID_S1SMV8EF,train
ID_UCLKIMIO,train
ID_T5SDJX5D,train
ID_X4V8R1A5,train
ID_DE4L1CE9,train
ID_DVK7O50X,train
ID_MQNXAZT5,train
ID_Z17HXNOD,train
ID_R9CMH35W,train
ID_4IDZHONR,train
ID_D56YZOX2,train
ID_X6HT9WTC,train
ID_4JXFJL17,train
ID_QJDLANSU,train
ID_JUMXF8CE,train
ID_FA0PSDKT,train
ID_E0HJXVP0,train
ID_ZTDJVQ17,train
ID_8OFVKUAF,train
ID_YCE29SAE,train
ID_YWCX7P5W,train
ID_MRSVICTB,train
ID_3W2VQJZP,train
ID_U5AXMKMT,train
ID_14KR6ZW2,train
ID_RJK45Z4Y,train
ID_LMJ3DJP6,train
ID_5ZU8C9X7,train
ID_B81WSPOS,train
ID_XBZIVSGI,train
ID_1N62BBL0,train
ID_Y8BPNJ1N,train
ID_7LCMET05,train
ID_HY3JFCIQ,train
ID_GUNZABEQ,train
ID_L75P3X20,train
ID_4Y65EMDF,train
ID_FYAP7YBL,train
ID_1FW1YDZ0,train
ID_1XT8L6WV,train
ID_14AM342G,train
ID_9JKFFQ5N,train
ID_L2PAO0DM,train
ID_S2CV90Z4,train
ID_JGJZPMLF,train
ID_2HX5DNVN,train
ID_EA1AJ4AX,train
ID_5PXL5TZ0,train
ID_AB1TH08Q,train
ID_GBOK3ZXO,train
ID_33EZMSV3,train
ID_0VXEMR16,train
ID_ECP74NZA,train
ID_WZVTROE4,train
ID_7M63M3L5,train
ID_X8BVGNKJ,train
ID_75LZUA6N,train
ID_YLRJ6EYT,train
ID_4NFBUQIF,train
ID_UY0XECV8,train
ID_WEZMPLPB,train
ID_TXPOK73Q,train
ID_QC2FTHEZ,train
ID_L10ABXK1,train
ID_NL1OUABN,train
ID_UO7HGKEF,train
ID_A85IQYER,train
ID_XAANMMBU,train
ID_XAUCY6BZ,train
ID_6WIIOFHA,train
ID_P9W5S3QE,train
ID_FLMGQ08C,train
ID_95FPE9WP,train
ID_RBNG6SJJ,train
ID_2XSGSAQG,train
ID_2BA1K1QX,train
ID_3N1LVV2U,train
ID_7M8QMODG,train
ID_5UNI53GT,train
ID_C4VBR8PC,train
ID_HVSDPDBU,train
ID_1Y1NMTB9,train
ID_MCDX8GY8,train
ID_2XA29MHJ,train
ID_A14XZ71V,train
ID_HPSN5FOE,train
ID_G3HPTBZ5,train
ID_1E8SU943,train
ID_C2A14AY2,train
ID_9BKZUOYQ,train
ID_NNGH9L1X,train
ID_HQSD17VP,train
ID_8EWUFCSJ,train
ID_AX1JJD7N,train
ID_EJJNS55N,train
ID_5N96CCVQ,train
ID_KIDC9W60,train
ID_PIVW8REM,train
ID_BMHFWBBC,train
ID_EQK5YX8G,train
ID_NG6YJ9UA,train
ID_R3CGQXJ3,train
ID_3WBX1DDW,train
ID_VHMLYL8G,train
ID_XI835DJO,train
ID_IAQD1VS7,train
ID_OT8C86RM,train
ID_U6ECBSM7,train
ID_2UX3YYWV,train
ID_LXQDO0Z3,train
ID_0QE2KXH0,train
ID_WZAW9AU6,train
ID_DXTQKOEC,train
ID_SNAGDGHE,train
ID_PSRQQF9J,train
ID_9YTJ9T0Q,train
ID_5STT1XQM,train
ID_W49PRMBO,train
ID_24C2KD8D,train
ID_9EYQ0FAC,train
ID_SC4JMJWQ,train
ID_AJP78KJ1,train
ID_ELTND8XT,train
ID_1JPOQOSB,train
ID_EEABEW0V,train
ID_37QE9WF8,train
ID_HTDTWTG7,train
ID_EQIIHUID,train
ID_2PGJVJ1F,train
ID_8U3CBUIP,train
ID_B68H2SIR,train
ID_2UD9T6X8,train
ID_7TYQW1GB,train
ID_XO0XMK4O,train
ID_YMCZ6HQH,train
ID_KZVK1EVT,train
ID_KR4GVIWS,train
ID_1S28GL3A,train
ID_X6491TDI,train
ID_D6ZSIPMK,train
ID_G0U81BXF,train
ID_4OD1UYNK,train
ID_ZX18RU1D,train
ID_KII37IAY,train
ID_TJJBI8MO,train
ID_PH881BWK,train
ID_LE4TN3RI,train
ID_MJ8KJS7P,train
ID_YPATXD3F,train
ID_0ADBABUD,train
ID_FKN5JLZP,train
ID_O4G0T3TQ,train
ID_J9ZRFPTL,train
ID_XWAWHTFI,train
ID_OS8U3KJE,train
ID_OTICAXND,train
ID_M2HG8CT1,train
ID_9N7HIU6R,train
ID_J1SNMJ7K,train
ID_QS6V465N,train
ID_QTER65UQ,train
ID_ESEY5ZIH,train
ID_2MQ0ME1Z,train
ID_ABAEYUGX,train
ID_HDIN2K2H,train
ID_SF1R3O09,train
ID_QBK2JIJT,train
ID_DYLT7XHH,train
ID_LIKNWPC1,train
ID_6HOW28N3,train
ID_YG494MRO,train
ID_OXIHVZW5,train
ID_LA9OP4PX,train
ID_5MPNA3LI,train
ID_22VX7XM4,train
ID_344KKBUJ,train
ID_6QVE1Y9W,train
ID_5XODB9JT,train
ID_51KKG3IK,train
ID_O66EYBP8,train
ID_ZWUU95X3,train
ID_NJ9BE0PE,train
ID_IAY1MT7T,train
ID_I9LPT2RB,train
ID_MS6Y93U6,train
ID_ZGK78FJX,train
ID_6ERE65BP,train
ID_9XFG2XQD,train
ID_E5R5HU5S,train
ID_G7TGD556,train
ID_FM9LACG1,train
ID_PYZQ1R3D,train
ID_2O9K29E9,train
ID_IYAC8SPZ,train
ID_DYAIKGMB,train
ID_39RDQQ8W,train
ID_PX1U4F1V,train
ID_6ZG9QFUJ,train
ID_73107393,train
ID_BSAX8UYX,train
ID_T0C6B26H,train
ID_6MLEX9B9,train
ID_ESK6Y6SN,train
ID_M6O8KPY0,train
ID_KFLOQ1CY,train
ID_9LIUOQHQ,train
ID_0X2BEWRZ,train
ID_6V2HBML1,train
ID_02EPHYMQ,train
ID_E9RLJHHA,train
ID_WHDJPIZC,train
ID_09NC0GU8,train
ID_DXYKICT8,train
ID_SIACOQBS,train
ID_2NLGZFO8,train
ID_FL13BD7N,train
ID_MY92J9FW,train
ID_MVT48DJD,train
ID_81GWHHEX,train
ID_OVBJGI7C,train
ID_KZG1MS71,train
ID_0VUKF4DE,train
ID_8GU4M5AW,train
ID_VNHE001O,train
ID_7MT5OCFQ,train
ID_UAUBZ5CA,train
ID_UZARX9MI,train
ID_FJIO8SA8,train
ID_WPC0WKBC,train
ID_Z68SZV8U,train
ID_DOJ79BLA,train
ID_MK7JF74O,train
ID_UN4LYLW1,train
ID_LO3G2MGJ,train
ID_UFG0N093,train
ID_3S90DV6A,train
ID_BCC57OT4,train
ID_CL2DGWHQ,train
ID_JZ1KCQXP,train
ID_IRHFWHVI,train
ID_VVV5A097,train
ID_8COK87PO,train
ID_OFNHOEZE,train
ID_EMDLZ23D,train
ID_ZNTGBFFE,train
ID_CXTWLNBZ,train
ID_UKUNHWM4,train
ID_4JU1T78A,train
ID_BY5ONFME,train
ID_K6OX5HR7,train
ID_GA4DLWE6,train
ID_3YENV5EJ,train
ID_9M94E1NU,train
ID_0LY5ASIA,train
ID_LNYE9778,train
ID_LZVJ7EXD,train
ID_LYTXMN39,train
ID_GMTQDMCE,train
ID_243KK8X1,train
ID_FGSYUYHI,train
ID_PTVLTDZ3,train
ID_XPWPMEEX,train
ID_K72YYVAX,train
ID_8PIPBOYH,train
ID_JFVECENP,train
ID_TPF00JA4,train
ID_14AK93VI,train
ID_OAJQ1LXO,train
ID_EE9PT3ZI,train
ID_45PTPXGB,train
ID_YU1OROV5,train
ID_0T6WHP5J,train
ID_YK53OD6J,train
ID_SA6355EY,train
ID_DH3BX1SC,train
ID_I2DOGJUN,train
ID_7UNLDUFI,train
ID_2MQKMW2F,train
ID_UZZOKTX6,train
ID_P5WU8YE4,train
ID_DPJOOPHH,train
ID_2IUO8ZQU,train
ID_8SYGHWFL,train
ID_HU9WU9L6,train
ID_FQUFIWI2,train
ID_42ANYJYG,train
ID_4HU36M3A,train
ID_OVEXXR3J,train
ID_4SN8HE3H,train
ID_E825AQM1,train
ID_9DMXA3TT,train
ID_7ASG5BUD,train
ID_WW142ESO,train
ID_HL1I347V,train
ID_SP6CW6VY,train
ID_L6304CT8,train
ID_L19WG9SY,train
ID_QJ2MGFJ7,train
ID_7IO041GJ,train
ID_85V6CB5L,train
ID_6VJTHF7F,train
ID_FEHTTW53,train
ID_OQ7IDKXP,train
ID_6RIRBDEB,train
ID_VLDQ8SHH,train
ID_2PZT36AV,train
ID_5JJ2FYY4,train
ID_59QWR14Y,train
ID_HRKI3WL2,train
ID_XKBF804R,train
ID_PMBSGQCF,train
ID_H4BOM1MK,train
ID_53N4NM4S,train
ID_6W14I0RV,train
ID_AI7IMKGV,train
ID_8K80E4UU,train
ID_S1EAFGJU,train
ID_YA9779XB,train
ID_1NZLTAIK,train
ID_67G5C5O2,train
ID_PBM22R6D,train
ID_E8I3O5L5,train
ID_ZDBBV71P,train
ID_R4L0W8GY,train
ID_21KD866D,train
ID_PL5JAUDS,train
ID_ESKAZDN0,train
ID_XA5W2B7X,train
ID_9FVLA7CX,train
ID_SDLDHDTI,train
ID_44JRH0IH,train
ID_DIWUU9VL,train
ID_G5TPQF0O,train
ID_K0SOR11V,train
ID_FUIE5UYB,train
ID_ILXJFZK4,train
ID_VX5S8JZD,train
ID_PI3EG9DE,train
ID_KFJ9PKUA,train
ID_N3MOWNZK,train
ID_2GQK2T60,train
ID_8K64L7SY,train
ID_HFIH9LAI,train
ID_VQ4OK4D7,train
ID_CXYWUSGV,train
ID_TQEA3ZHF,train
ID_FCBJP5Q0,train
ID_7VCC3RA9,train
ID_V4TNWUHL,train
ID_DGQDE6VJ,train
ID_HLUDMHKD,train
ID_AB43L361,train
ID_9U6BS4N9,train
ID_67GFQXVV,train
ID_7HLIVG4G,train
ID_V820QKSP,train
ID_711JLLMX,train
ID_G9PI09RK,train
ID_B5JMZRH1,train
ID_AK78G6JL,train
ID_DOM5RX6N,train
ID_ZMX1452M,train
ID_8IX76OI0,train
ID_6AWJYB9N,train
ID_APYGJANT,train
ID_C14Q3EM1,train
ID_108414HL,train
ID_KJAPDTAS,train
ID_0F9H8A63,train
ID_97WPWE1L,train
ID_UQLDJ5J6,train
ID_93TJ53W4,train
ID_YIPY941M,train
ID_1AQQON4Y,train
ID_VCKET4YX,train
ID_O5MLVMRY,train
ID_KDRC9H1E,train
ID_0UY0CPL5,train
ID_LYL6CETO,train
ID_IT1SX21S,train
ID_8Y74OL2N,train
ID_7P7X6X6X,train
ID_XO95ROD8,train
ID_9BZ7VUUQ,train
ID_DOX5ZCCW,train
ID_UHM9KNIE,train
ID_9WHY8LEA,train
ID_5KSQC143,train
ID_YKM1ZN3R,train
ID_YTWS1DTA,train
ID_DF8DOBHF,train
ID_I9ITR2E2,train
ID_HYKXNOIU,train
ID_1RVP0ONC,train
ID_8HEF78FH,train
ID_XJGCJ8I9,train
ID_LI4BTNMV,train
ID_7AMJSAPG,train
ID_NY8UIMZJ,train
ID_A6G19VCA,train
ID_OAQNNJ7W,train
ID_TZBS0NH2,train
ID_UZTG1C8Q,train
ID_50WE0F4O,train
ID_WRE5NDRS,train
ID_EREOLHBL,train
ID_PNNPI57O,train
ID_JRN3PXQ5,train
ID_BZKJT67A,train
ID_MF6VC7VL,train
ID_YF93U6RO,train
ID_96DC0PAP,train
ID_T0O67LAB,train
ID_0UEEER55,train
ID_UHEHI57A,train
ID_J24LSM66,train
ID_FMUP18RS,train
ID_RSG71QWJ,train
ID_0MZPRS53,train
ID_K313WE3V,train
ID_ZJE7HM15,train
ID_EO7TG2TW,train
ID_456IH33O,train
ID_87K5DS27,train
ID_WJGXHX36,train
ID_6I1CBB05,train
ID_I7YVCM32,train
ID_G6QSMUI1,train
ID_8TUF9XOK,train
ID_MIEQ7RG3,train
ID_6EKMZJES,train
ID_CCGNU8FI,train
ID_CX5GVYU2,train
ID_1RNVO8EG,train
ID_4SKL0ICC,train
ID_HOTNPWL1,train
ID_L2IXUVWA,train
ID_V7Z1054P,train
ID_M5YXZMI8,train
ID_4V1WUNXH,train
ID_87SGEZBD,train
ID_XSDB3EIY,train
ID_ZL79YXYV,train
ID_2NOPUBBC,train
ID_ZFIGYJA8,train
ID_VLW428XT,train
ID_1BG2TUYW,train
ID_3U2XTIWV,train
ID_1PLIHAT6,train
ID_UEWPXF0H,train
ID_PP8TG2LD,train
ID_MKQ1EJV1,train
ID_HTMJBXWC,train
ID_UCKYP69S,train
ID_ATXM1SM1,train
ID_Q05T2WUX,train
ID_HE32VGNP,train
ID_3VTSN3O6,train
ID_BB4F7S7N,train
ID_PEZUXY1F,train
ID_R0GYLD2B,train
ID_9K7UQEXO,train
ID_JPAONVOZ,train
ID_WG35L3N5,train
ID_NMJPQMSV,train
ID_4MSR8O2I,train
ID_EEDUGY4N,train
ID_GATYTSIF,train
ID_O6Q05VJU,train
ID_3DKT56AE,train
ID_XV42119F,train
ID_ARF4FIYM,train
ID_V1URXB3K,train
ID_G8VLPPV8,train
ID_SL7H7NQO,train
ID_JPEMEMFO,train
ID_E6C5UMCY,train
ID_U59GGZFA,train
ID_Y0C9WG6P,train
ID_MHRYA19G,train
ID_SQMYCS65,train
ID_FV2I8ZIO,train
ID_XTAG1R2W,train
ID_V7FL90WF,train
ID_1YD6ONSJ,train
ID_GDPS7NEM,train
ID_1683INT6,train
ID_NQN383OX,train
ID_S9D4VW8O,train
ID_GSRBHIKK,train
ID_GGA3EOAF,train
ID_FGMZSS7L,train
ID_ZHVGHVNC,train
ID_91UNHRZR,train
ID_R6CKTWF8,train
ID_FHY1G1M7,train
ID_25EPVR0I,train
ID_LUO56UPX,train
ID_5UH9FL5E,train
ID_RUOIPEZK,train
ID_4GOAW0YA,train
ID_TXTAFJ40,train
ID_29RBZA37,train
ID_DFJ5TGG0,train
ID_M950OWFG,train
ID_W00OJSS2,train
ID_YQ32NEBO,train
ID_HDYUZ23K,train
ID_NPBY4ERO,train
ID_T6WOFGUU,train
ID_8OKMOBGX,train
ID_6BLX4EJR,train
ID_FZNA4XFY,train
ID_GQK1XRPZ,train
ID_DKK25PEB,train
ID_W1ML1Q4O,train
ID_LMJ4M2EL,train
ID_YCF5O0B9,train
ID_NEH9CCZR,train
ID_M9T3BBD6,train
ID_YQHB2L22,train
ID_ZJDW7BAA,train
ID_OOCIJYBS,train
ID_TQED915X,train
ID_MUT1YMVX,train
ID_Q9ZGNDX5,train
ID_P8XCFOUW,train
ID_N9H0L725,train
ID_HRR6L6KL,train
ID_S60KH8B7,train
ID_NU4S1EG0,train
ID_OLGRFPLE,train
ID_9G30Z582,train
ID_5JFI5LQO,train
ID_EYHUJE0Y,train
ID_0H9EZOT2,train
ID_DYQDBJH4,train
ID_U4H8CE27,train
ID_0ON2NDGQ,train
ID_S60H606E,train
ID_NH01YZO2,train
ID_HNAWM3PW,train
ID_G7KZ7X1Z,train
ID_DYE3X0W2,train
ID_N4PNJMFX,train
ID_5CAB7U3H,train
ID_KRSY6CSN,train
ID_09XB1W0W,train
ID_0ANRWTHC,train
ID_I4JB40ZY,train
ID_7IY1J7C9,train
ID_1O308YXO,train
ID_KFINUAR5,train
ID_NS2ZBTJM,train
ID_XPIDUTAS,train
ID_CLI06099,train
ID_SE1LI22V,train
ID_SNDEQ6IQ,train
ID_WUJ9DFC5,train
ID_CQZLKR5X,train
ID_TRHHCU56,train
ID_FR83JNTD,train
ID_F60XME1C,train
ID_HPKVINH6,train
ID_U46OGMGM,train
ID_CZ1GFOAO,train
ID_IG5FVZYW,train
ID_WHUVUGKD,train
ID_ZCZCSKT8,train
ID_OLKR4GUW,train
ID_G8JOYVI9,train
ID_3SYESJ67,train
ID_CBYKLP39,train
ID_U05GNZXZ,train
ID_VR7COZUZ,train
ID_X9GQULDK,train
ID_MN6BBIOL,train
ID_M7DQXY7U,train
ID_L7Y9QOOI,train
ID_QWP62MIT,train
ID_203H6ICF,train
ID_GP8TQ4BP,train
ID_SVCXWXRP,train
ID_2DC51Y8A,train
ID_3UT4FFCJ,train
ID_O11XLJV3,train
ID_N6SAKSBB,train
ID_EY88T0G4,train
ID_AYQHE170,train
ID_NUHZW1JV,train
ID_IHC1V17O,train
ID_5OIH0TTH,train
ID_F29MCMH8,train
ID_PDWWE9VX,train
ID_WK7TQKT7,train
ID_3TGHR3L4,train
ID_D6A4EVHQ,train
ID_JIMRL9HM,train
ID_0E0IRC3Z,train
ID_ZJDI9BDP,train
ID_4N8F0117,train
ID_2PJ80T9X,train
ID_PX38SJH5,train
ID_TU5TZUA4,train
ID_LE1NTLZK,train
ID_5O3PLDOL,train
ID_A1JXPJPT,train
ID_3VMFCAW9,train
ID_YT7VEOIO,train
ID_IXZSMY5A,train
ID_IUFKD032,train
ID_CVU6A9PT,train
ID_UMLZQJJL,train
ID_3DV2482Y,train
ID_FHDO5IXU,train
ID_M3BD5D9V,train
ID_U7NTA9TH,train
ID_SIM1TTVQ,train
ID_C13YRB4P,train
ID_6V7ONPE5,train
ID_GGVCAH7G,train
ID_DYXUB8KU,train
ID_WZKFT70Q,train
ID_1DABJIKR,train
ID_EMQMN2DB,train
ID_YGS924KI,train
ID_DXQOWMP8,train
ID_EPWE7RH6,train
ID_3FUOU3LL,train
ID_PCEP1AB2,train
ID_8QULUQK9,train
ID_9GYLOZ51,train
ID_JK8T7DYD,train
ID_NKOPLM9B,train
ID_M1MLNMXQ,train
ID_QKD9YWR1,train
ID_BC9C8UUB,train
ID_940UTVXV,train
ID_GCOOPIJZ,train
ID_D0PNYVPU,train
ID_K6SU0T2E,train
ID_OYEEW51S,train
ID_AIGSKDZ2,train
ID_K1GSU5WP,train
ID_ME0WWUT0,train
ID_3W1HHY2L,train
ID_G6B2ORYH,train
ID_SU7QI2RP,train
ID_AVK27ZRK,train
ID_7YJP9LCU,train
ID_2P54SZZA,train
ID_ZSFN1JQJ,train
ID_QELQ3QBS,train
ID_ZC85VEF4,train
ID_5CWHWFF9,train
ID_PK4M29GV,train
ID_0RW0QC2R,train
ID_2OZEHLDV,train
ID_IWHC8KZ9,train
ID_4ZZGQ9L7,train
ID_Y1ACV5Y1,train
ID_CGBCMYL8,train
ID_Z49WTCEX,train
ID_UV0TVT2M,train
ID_F9HC6OAJ,train
ID_KEIFR852,train
ID_QYIDL5I5,train
ID_AV3XOYZ8,train
ID_HRSOBEW1,train
ID_64TGHFIZ,train
ID_CX7C44P3,train
ID_UFWNL7WN,train
ID_LG3OFHYG,train
ID_VFR2215O,train
ID_8H9TPKIV,train
ID_2I1RN3H0,train
ID_2QKWAJS6,train
ID_S1AJL0Z6,train
ID_M22M84XW,train
ID_7GM7ZJNU,train
ID_AHCGMLG5,train
ID_8USEU5Z8,train
ID_3Z0I1PVQ,train
ID_B0NBN4UC,train
ID_OBD4QQ0A,train
ID_YPP01MKQ,train
ID_SEBMHDTI,train
ID_PF8CW1DS,train
ID_AT64O6T5,train
ID_X3VFA3NH,train
ID_0F9875PE,train
ID_GAYSGP7R,train
ID_6YGS0KVE,train
ID_ZBY6ADOI,train
ID_PU9GEHHE,train
ID_91BY99UC,train
ID_ZR3E1WVU,train
ID_0ZGLJX8H,train
ID_WEFDXVCU,train
ID_H3ZERX74,train
ID_NB0WQWF9,train
ID_UYKM4UOP,train
ID_1AOTVYGJ,train
ID_S8Q6MZPB,train
ID_R4MTSI9T,train
ID_ACMOGDSC,train
ID_JHYVA0WZ,train
ID_CBKNNXII,train
ID_RMQVJ41P,train
ID_LMCHD29G,train
ID_IGD5Q8G5,train
ID_DLH4NDQZ,train
ID_6WSFWHW8,train
ID_6TJKKI7S,train
ID_OFPKRWV8,train
ID_XQ773SXV,train
ID_RDCGZ923,train
ID_QTPVBE73,train
ID_F0UWNGV0,train
ID_8323KZNV,train
ID_8TABE42L,train
ID_VJHCUQBX,train
ID_CFBXIHSO,train
ID_BV12Z40D,train
ID_A7WWK7JQ,train
ID_XQ1NBK81,train
ID_Y7MRFMC0,train
ID_FFXZUYYX,train
ID_MTB688YZ,train
ID_Y4E64GYL,train
ID_YSB10MF6,train
ID_7SCNFCZJ,train
ID_2U2JUEA4,train
ID_I1I3P9RS,train
ID_VO5VYOXS,train
ID_Z8TSGBYL,train
ID_BECHAMJV,train
ID_SMM96WSL,train
ID_KRSL2I9R,train
ID_0SUMYHPJ,train
ID_4DFJWTZI,train
ID_ZU5EREE5,train
ID_I2IQ6R2N,train
ID_AGG4NGVL,train
ID_MKZANIJB,train
ID_1KKM9R9L,train
ID_HKM628P6,train
ID_WXH75EXF,train
ID_HQIKXZHB,train
ID_QKJMLBXS,train
ID_7613CZDM,train
ID_F0HAMKDO,train
ID_GUUURME4,train
ID_03ZNF93O,train
ID_UIZFH5XC,train
ID_MTSUGVUU,train
ID_7UXYIQL0,train
ID_UAVJWA1O,train
ID_G23MMYOD,train
ID_VZ6TGZ7D,train
ID_ARJX8SNA,train
ID_W23WLAJF,train
ID_1X9U22VI,train
ID_R1SNDFA8,train
ID_8UZA3DLW,train
ID_G7CYCIP0,train
ID_2G34MD1J,train
ID_2XIJWOOV,train
ID_DB1TLSQJ,train
ID_494RIP75,train
ID_G4VN2YGK,train
ID_36W0V5S8,train
ID_7WIOUTX7,train
ID_UDZRPYXF,train
ID_9VK5A8MA,train
ID_M33NFDTZ,train
ID_FWNG1DGP,train
ID_XO0QSET9,train
ID_IBSTG4WR,train
ID_KHVU3K05,train
ID_OBK5J0WU,train
ID_BP1KYC4C,train
ID_7V2FUDBP,train
ID_5Y9PTRNQ,train
ID_68KMWNJO,train
ID_XRQWPUR9,train
ID_JQ5FP4YN,train
ID_BSZT65KA,train
ID_H7ZAIVNM,train
ID_49KMB5VZ,train
ID_70KAMNNX,train
ID_RKNW43L5,train
ID_P1RQXP65,train
ID_N10RL4XH,train
ID_Z0SLUBRM,train
ID_PQYVW304,train
ID_KEZGPF5U,train
ID_XIEK89O7,train
ID_SRFXHG9H,train
ID_RX7429YT,train
ID_8XMS1U5K,train
ID_QAV7I458,train
ID_P2KJ248P,train
ID_6TXYN7WI,train
ID_R9PM6M5N,train
ID_615W9H8Y,train
ID_B43RSGT1,train
ID_ASD26WWB,train
ID_XUR4VNIF,train
ID_915ZUZH4,train
ID_9ID17XHW,train
ID_R7QUAVE1,train
ID_0IFGQ0TR,train
ID_3JNTFJXT,train
ID_SVH5KP4R,train
ID_FBSRY9A4,train
ID_9OFPZUUX,train
ID_DILOX7V3,train
ID_0NQ0RPY5,train
ID_V23COGVX,train
ID_IZWX9J7B,train
ID_HOYWEV29,train
ID_34T9C08X,train
ID_97L0W2QF,train
ID_6PTEMLD4,train
ID_JR8OIYR9,train
ID_SHBI222X,train
ID_TWJBQI6D,train
ID_JPMUX7R3,train
ID_SL2RDAH5,train
ID_TW07EIBL,train
ID_MTK5YWR8,train
ID_5FJGBJLX,train
ID_V86DO2A0,train
ID_H7CZ13VV,train
ID_F28U0NPF,train
ID_G5OSF77Y,train
ID_IUWEOFSJ,train
ID_U2U76U4G,train
ID_MZ3LY941,train
ID_W87ZELAH,train
ID_HGQ953H4,train
ID_HTDETG20,train
ID_VFVVY2BN,train
ID_7KJDJ1OQ,train
ID_71BJR5DY,train
ID_C5T0T23K,train
ID_VWLB06V7,train
ID_LNLUJBIC,train
ID_EK0A5H69,train
ID_Y04V503D,train
ID_LMF4MRE4,train
ID_NJW3GRWN,train
ID_DQVIJ7Z0,train
ID_1DJIPRP4,train
ID_K4I6NP5L,train
ID_R4I8DVPB,train
ID_M1DAQ6K0,train
ID_9ZLAL8XB,train
ID_5NG3W7EL,train
ID_12XDPPT4,train
ID_9ELCH8GZ,train
ID_8AHBKB1J,train
ID_7PHYJ0Z1,train
ID_J0Z218RT,train
ID_KVJ5R4TV,train
ID_KZW0IJH7,train
ID_REZW7EOD,train
ID_EWWKIHSR,train
ID_QY2G2UKG,train
ID_10RO4F6B,train
ID_D6Z3IO26,train
ID_OLIKJXTT,train
ID_BODTC803,train
ID_R4BOCBCA,train
ID_GR3CQL1H,train
ID_2VYCLM1B,train
ID_EH3H1MPB,train
ID_H5OUVTIS,train
ID_1ZOJYTMN,train
ID_CB4CCITS,train
ID_BWPDSK73,train
ID_3UPR6AGR,train
ID_BCK3G1W4,train
ID_ZCUGIVQV,train
ID_VMX4WOC7,train
ID_2FAC7RUI,train
ID_9QGD6UEF,train
ID_XXFUIJTR,train
ID_2SVA6LJU,train
ID_BHA2YZYL,train
ID_R1KV9IIQ,train
ID_BMSK94BZ,train
ID_PJXQJVNW,train
ID_85P6HNHM,train
ID_RTZ2E4H1,train
ID_7N6V2T6G,train
ID_KSODGLDH,train
ID_N6AOGLO8,train
ID_Y9ZLMU2P,train
ID_IT83O9YK,train
ID_ZM8Y5B7E,train
ID_T4ZTW89I,train
ID_H27CIW7F,train
ID_YO9LX8RG,train
ID_32DJR5VT,train
ID_16NU2S2G,train
ID_UNCZQW1P,train
ID_J0FU02BB,train
ID_X843UNEW,train
ID_CY8T6LQB,train
ID_5KFKBARL,train
ID_1ZIHU2BG,train
ID_MKZ1WARA,train
ID_T4Q34H14,train
ID_IPTRS64C,train
ID_4O0H96RM,train
ID_0C60IY1V,train
ID_30VAOWUX,train
ID_3KRNM8C3,train
ID_35T95754,train
ID_GKA3MII9,train
ID_UDJ8YBUI,train
ID_INC8CRLO,train
ID_R3XU5D0M,train
ID_Q0VPH93F,train
ID_AKR5FZIE,train
ID_AQX9HP7U,train
ID_FB1N9EWH,train
ID_OKAKPPZ9,train
ID_0IIV39DK,train
ID_99FA4J1V,train
ID_8849F2AI,train
ID_WAYHYO1N,train
ID_F1974BJV,train
ID_ZIH7KIGT,train
ID_8OF5FOWW,train
ID_W16KC03K,train
ID_62PAMV0U,train
ID_8LWJI74P,train
ID_Z0PG3MDG,train
ID_UN16YMNB,train
ID_OUY3Z2T4,train
ID_GY6M766D,train
ID_1Y3RDREO,train
ID_QL18LV3B,train
ID_XPGC0B6K,train
ID_U3C6VI0Z,train
ID_0XC86OSC,train
ID_FY3EGZQ5,train
ID_RYY6WD3T,train
ID_3KK1LH9M,train
ID_JUJ2FO0Y,train
ID_ND3Y0SVO,train
ID_LV5FC08D,train
ID_SEGW60W4,train
ID_ZCL9YENO,train
ID_NYI15PYN,train
ID_JC83OWZK,train
ID_9KJ5UHNM,train
ID_XDDJH431,train
ID_BUBU0TP0,train
ID_UK0UEXPF,train
ID_MAZ603YG,train
ID_19U9UN2V,train
ID_WVBGSNOE,train
ID_0FT1X19F,train
ID_ZEVO0MEF,train
ID_7V045DWN,train
ID_6L6BIAEW,train
ID_HTU3TCH5,train
ID_21TQ79HF,train
ID_1Z1STTXQ,train
ID_8E84J8TO,train
ID_T59WAVRS,train
ID_WQYH4426,train
ID_STKT55VK,train
ID_RHZU24UZ,train
ID_QIHJF08N,train
ID_G0XRSY0H,train
ID_YITUJQP7,train
ID_65IF8YF3,train
ID_5T7KGOJ7,train
ID_9RJXNNRG,train
ID_7H15H2L9,train
ID_UM0PPHL1,train
ID_92I7S90K,train
ID_ATYXFWJQ,train
ID_SD1CHP95,train
ID_TJB8Y6CD,train
ID_YO83AR8S,train
ID_A6BF0RI8,train
ID_M4PF1C8O,train
ID_S1AJSVDQ,train
ID_X8UP2GVR,train
ID_S1KWBZYL,train
ID_UB5PT83W,train
ID_RX2BU7MK,train
ID_OO9LLA6N,train
ID_NRFJH4QY,train
ID_OM8CTSQJ,train
ID_UCC5IY8W,train
ID_UYNLQWY3,train
ID_52LYXV28,train
ID_UWJP8LPN,train
ID_3YGQ5TSK,train
ID_1TGK1OPJ,train
ID_VPCPBEK6,train
ID_FYSNQLMD,train
ID_6J9ZJ5JK,train
ID_X2ZTI41K,train
ID_C8SMIKA1,train
ID_TLUV5YPT,train
ID_CRRRVSR0,train
ID_XM3P3YGR,train
ID_RTPSQDDB,train
ID_Y0SREFT2,train
ID_FXFH49Z3,train
ID_LD9Y9KR6,train
ID_EE47YYA5,train
ID_S3I69U18,train
ID_O3LPFNCS,train
ID_8SN60E61,train
ID_BVOXH5JX,train
ID_RHREW0RO,train
ID_E4N1QZBG,train
ID_8L0TX8HQ,train
ID_H0DX1Y6S,train
ID_Z0DE2AG3,train
ID_1EIIIBUL,train
ID_KQM52EEU,train
ID_9PNBGSH2,train
ID_ZJGTXGK4,train
ID_AF498BQO,train
ID_V3U6NG41,train
ID_SG6DW3A0,train
ID_842REIUR,train
ID_BY6XU3E1,train
ID_B3IUG2UK,train
ID_Y4YJAF8Q,train
ID_WIH4SOIW,train
ID_KL4QBMUA,train
ID_E4OFW2A8,train
ID_P3TM1D7F,train
ID_0MSYO3A5,train
ID_0ZSI7N4L,train
ID_9QQCWF6H,train
ID_CHX4D9EY,train
ID_ADBEV9LG,train
ID_89CF4299,train
ID_IJUGQGZD,train
ID_JW0AD915,train
ID_8X2BO0C7,train
ID_LGLL9J7L,train
ID_U2XZWCJ7,train
ID_549XE5S9,train
ID_MFLFO40U,train
ID_PWWGTVRF,train
ID_F0LEGYS9,train
ID_7ISLKQKF,train
ID_27RDM815,train
ID_96M6LTBU,train
ID_OCYELUC9,train
ID_8BZ9I4ZM,train
ID_12HHGZB3,train
ID_PJN6YYLN,train
ID_OA5W6LCL,train
ID_40KCTNBW,train
ID_FJ2WL2CS,train
ID_V2DYXIHV,train
ID_JJUSZRB8,train
ID_TH79ESSO,train
ID_XXJ2MG9H,train
ID_1ZAW6BBW,train
ID_KJYAG710,train
ID_TFR4C139,train
ID_FGJ4E3XN,train
ID_LREIEGHQ,train
ID_LJ1SQ45Z,train
ID_DLUK4FZA,train
ID_6GC5A5PI,train
ID_243ORXGJ,train
ID_YV7I0THR,train
ID_8Q4GG5K5,train
ID_4PD8OR0N,train
ID_XR9QIPWJ,train
ID_OCOIA8F5,train
ID_ES8K68TC,train
ID_XHDEKJQW,train
ID_FW2PL2HW,train
ID_KCX6AOBQ,train
ID_QEFPHOYJ,train
ID_C1DXS9KM,train
ID_XLHRXX9F,train
ID_W1TWJIMD,train
ID_AIAU6CB0,train
ID_3F0741YJ,train
ID_K8EXAT2W,train
ID_OFZP44O4,train
ID_DQF9SHDB,train
ID_N40QQ2WS,train
ID_911SCTBZ,train
ID_EUK4ZDBT,train
ID_2YIY2PMG,train
ID_THS1KRZD,train
ID_0VB2O1FM,train
ID_LJ7635QE,train
ID_BDK3UD3J,train
ID_HGHH7X6X,train
ID_WN3S9WJL,train
ID_GBOO7WBR,train
ID_DV6VKYT7,train
ID_2DQWP7TP,train
ID_9TH8X4V9,train
ID_I2V8GEY0,train
ID_I6D71YIH,train
ID_WEKN0Q69,train
ID_LVJ4SBJ1,train
ID_E3V64SDH,train
ID_H9EIRHFT,train
ID_F5CCSQ97,train
ID_O865JJ71,train
ID_07H79DED,train
ID_PA52YZ9I,train
ID_3ZITU8V1,train
ID_9O29KIF5,train
ID_UH619161,train
ID_OMH3VY7T,train
ID_6599U790,train
ID_3Z9N2QCC,train
ID_4JQLR0PD,train
ID_PQQ82LHD,train
ID_UFBZJMT0,train
ID_N5S4FWKF,train
ID_W8MMYWMI,train
ID_EGOV3UK0,train
ID_OVJDIZ8L,train
ID_RGC9OM7H,train
ID_T4R3TMX4,train
ID_L5PXX2K4,train
ID_M436BDPM,train
ID_96RF7DNR,train
ID_OG44YKWV,train
ID_5377Q2AS,train
ID_MBCL1MRI,train
ID_9R7S59OT,train
ID_F5L6WILE,train
ID_O8NN2EZI,train
ID_8FOL5UPR,train
ID_HU91D0RY,train
ID_MQU1RI9W,train
ID_ADXCBW20,train
ID_GR4AZV09,train
ID_1NPV66FS,train
ID_CX13FJCQ,train
ID_0FSR0U1H,train
ID_B5LYUQX3,train
ID_VY557DHQ,train
ID_336301CB,train
ID_CYUDQ9YJ,train
ID_0IGJDW92,train
ID_EQ5IDTZN,train
ID_KO5GC6XG,train
ID_IO9BHZYV,train
ID_C2T5Y9S6,train
ID_M3OL14X7,train
ID_1E04CN8U,train
ID_1K787BO9,train
ID_IXQHSLM7,train
ID_6WVM990D,train
ID_A4HG30NQ,train
ID_2B1M7RBB,train
ID_UNUD4W8W,train
ID_YPLPSDMH,train
ID_0DDE0N5S,train
ID_26ZVPQ3G,train
ID_67G5J05O,train
ID_KHMKN0YA,train
ID_LXPVJ9BZ,train
ID_JIG32R6J,train
ID_CKYMBD2X,train
ID_FWVT1QAS,train
ID_89UYAPCT,train
ID_9HTQ49DN,train
ID_8G96EH9M,train
ID_JZQ9TWOD,train
ID_WJ3Z245A,train
ID_S6H7EMXV,train
ID_ZCAADOPB,train
ID_6B2CR1D7,train
ID_7IE3395S,train
ID_TSLK6DIJ,train
ID_ETXN5AW8,train
ID_HCWX4CP5,train
ID_GIJ6LWUV,train
ID_0BJHDRBC,train
ID_PZMCQ2QD,train
ID_21RYXP9E,train
ID_M37OWKHO,train
ID_LJXLII19,train
ID_TB8DMWMD,train
ID_R7GF24Z5,train
ID_XSXQQVWS,train
ID_L3ASDQCN,train
ID_OI5855K7,train
ID_NUE6W1O1,train
ID_IILXIJ5U,train
ID_EDF4ZTO1,train
ID_VN91J6S8,train
ID_6U3LVAEM,train
ID_WIYH05AX,train
ID_T1IV7730,train
ID_WAT900IW,train
ID_IRW6OLAN,train
ID_5VTF6RJE,train
ID_3G21YVSV,train
ID_EXCIHH56,train
ID_CANM9ESE,train
ID_ZKD51OXB,train
ID_YULF3KGY,train
ID_QJO0HTUW,train
ID_IK3APNNC,train
ID_FEE37CBH,train
ID_I3179CVF,train
ID_MSBVMQLJ,train
ID_J6IE38J4,train
ID_NE2AZA9F,train
ID_M0VYVDAB,train
ID_VFGSCFJI,train
ID_ULH2D0RP,train
ID_NL35BXGW,train
ID_4BZ7TUCD,train
ID_L806AF3J,train
ID_HTH69A2G,train
ID_7PGEYSD8,train
ID_UPGLKTV1,train
ID_PK7DVNGU,train
ID_YLK48RU6,train
ID_3BCY22O8,train
ID_3947ZXD4,train
ID_F46OOE0K,train
ID_CWO5WWRA,train
ID_Z3A5GAFS,train
ID_0WMPD3YF,train
ID_30HVZAQM,train
ID_VPV8Z6GO,train
ID_SPY0QS04,train
ID_WW719XDD,train
ID_GVPEPKPU,train
ID_2N775BPA,train
ID_46NZS6UY,train
ID_R1GKZMN2,train
ID_XK4GZ746,train
ID_8Y4OTRHQ,train
ID_CJGLWDSK,train
ID_KBVXOSNR,train
ID_7LHTMJP5,train
ID_0C5356KC,train
ID_J5LFLH8U,train
ID_IZ7RN07I,train
ID_0EEQF51V,train
ID_NFSFD446,train
ID_UYQFIN7V,train
ID_A3D16289,train
ID_3U3YV0RE,train
ID_3SI28WPO,train
ID_GIKEANG9,train
ID_JUSE3IQY,train
ID_WW2G8L5D,train
ID_P2I0QP08,train
ID_VUKJBLVJ,train
ID_T9VD8MKQ,train
ID_6EQ26W3B,train
ID_9IAJTKBC,train
ID_B1G01H3X,train
ID_7LWM6DCX,train
ID_HSVQFMDK,train
ID_J950F8N6,train
ID_0QTDR6JA,train
ID_UEBPYSXI,train
ID_RVSY1H92,train
ID_611TTPFF,train
ID_P7ENGN0U,train
ID_NK3822IW,train
ID_CMKGJ7PF,train
ID_9K7ODMXC,train
ID_TXFPEC5Y,train
ID_I0IMQBC2,train
ID_S9SVJHLC,train
ID_0FDEYBZD,train
ID_1W32EMKW,train
ID_437H7FWW,train
ID_5KS7RGQP,train
ID_N9N6FKLL,train
ID_LKX5LKOM,train
ID_G2LDVUHB,train
ID_18OQW0CN,train
ID_9VTX61B7,train
ID_DZNJPCO2,train
ID_KXUCYBW7,train
ID_RCSMOIA8,train
ID_KBJN05UV,train
ID_6KAX6WEO,train
ID_DSBBJVKI,train
ID_HS145JJO,train
ID_ZZRHG9RL,train
ID_RVNSJNRU,train
ID_DB0T13W7,train
ID_SRN2HE5X,train
ID_T13ILKCX,train
ID_NV0Y0Z4L,train
ID_JG6CPHLU,train
ID_9S5VKN69,train
ID_89WR98OQ,train
ID_K4QHS3MM,train
ID_1G65QI7U,train
ID_ZEIZD4KS,train
ID_SZSYS91A,train
ID_YFOLRISQ,train
ID_4OQ7F7PC,train
ID_D4N9NHLR,train
ID_KZIOMCXR,train
ID_LC5EH0QM,train
ID_T15JGHNC,train
ID_DWTDPZGH,train
ID_8F8H5UIZ,train
ID_UYF09BJ4,train
ID_2MX07AGW,train
ID_85I39HOQ,train
ID_0N7EBXRY,train
ID_LAW6AF8X,train
ID_9S60H7RY,train
ID_YEX7V2H9,train
ID_AOY4NY9O,train
ID_SD21CU7C,train
ID_0VSZ9X1Z,train
ID_QMLWNOIB,train
ID_YWT82F7N,train
ID_BGBZIL5X,train
ID_BI0HB93B,train
ID_F8T971M9,train
ID_OU3HP99L,train
ID_AEEDDVAH,train
ID_JKOC0NBE,train
ID_WNMCIT1S,train
ID_62OTUHRB,train
ID_GMB65CAG,train
ID_PQTX3F8S,train
ID_ZBYVM1HK,train
ID_UXHG8L42,train
ID_COFLQOJP,train
ID_F9BS49G4,train
ID_KEL851KE,train
ID_NIXSP8MT,train
ID_CIJNC8L1,train
ID_0C7MO7HZ,train
ID_07EDWJRJ,train
ID_LACYV30X,train
ID_0W4W4PYX,train
ID_EJH0Z73R,train
ID_ZXJAAWJY,train
ID_DQ1OXN4A,train
ID_KIOO864P,train
ID_N5IG789V,train
ID_EN5KV6X0,train
ID_OMJFCUQV,train
ID_GIN1XQKY,train
ID_I2LW8Z3U,train
ID_0PWOHE3E,train
ID_CUD85Y3Q,train
ID_ZTIOP2TT,train
ID_I0HIKZGU,train
ID_CA1M4E0R,train
ID_TYE0GLTG,train
ID_YR0IRL6K,train
ID_9GPNW4RY,train
ID_G5RX7RDN,train
ID_B4CD1ZXA,train
ID_EFRXLPGQ,train
ID_TC0V0I7T,train
ID_ZEQFPRF9,train
ID_ZCME0SWN,train
ID_5PSSZP9K,train
ID_3MX40IL4,train
ID_MN8ER1QV,train
ID_O42E9JBY,train
ID_2EK47MIN,train
ID_FY88OTCQ,train
ID_XIPU7F6F,train
ID_778PF6Y6,train
ID_6UIN0IV1,train
ID_CWWW2D11,train
ID_VB6E8BZL,train
ID_JS4S5HZT,train
ID_JKWR04EG,train
ID_F3Z6R30N,train
ID_D1A481LH,train
ID_YOPFKPFG,train
ID_X9S1E4DJ,train
ID_LJRWENQ8,train
ID_IZMK1286,train
ID_YMOK6AJZ,train
ID_03XJGNF9,train
ID_QMF4DRE7,train
ID_TSZ6UOM2,train
ID_CYFW1QGD,train
ID_FK890Q23,train
ID_TKFKJ2VG,train
ID_0LB2JYJH,train
ID_4PRZWUE3,train
ID_1R1HUXZH,train
ID_3R6GRA4R,train
ID_SHY09NE9,train
ID_7IQZA4TS,train
ID_XAQVJ7DH,train
ID_L80W54U3,train
ID_4EGIUD7A,train
ID_OQGTTYZP,train
ID_EENDT5B6,train
ID_5SCTVBAU,train
ID_F7GP6Q77,train
ID_V7PCAB99,train
ID_QXHKL8JU,train
ID_LRB41U7Q,train
ID_2BIGIBTI,train
ID_3BW3Q0VP,train
ID_6PETAJEB,train
ID_OWURQ6NL,train
ID_8XWDIC13,train
ID_QJP9DF9W,train
ID_6HNO7Y6X,train
ID_CXL2J7D7,train
ID_LX72CPRL,train
ID_35N7H6OB,train
ID_7VLESXOR,train
ID_MWXSXIBS,train
ID_M8GVLK6P,train
ID_WY6I3IZ5,train
ID_ACEH2C43,train
ID_U71KV00P,train
ID_97I5FHIX,train
ID_6MTP8VEL,train
ID_ES12V0AZ,train
ID_BM7QRI99,train
ID_YSJO0BE5,train
ID_1I130AWV,train
ID_N0NKO7W7,train
ID_Q3CJ4RNO,train
ID_CL0AGYHY,train
ID_EFGGQK7B,train
ID_TCOBF14S,train
ID_W1Y2VAWK,train
ID_2DN2VEGL,train
ID_K21WGEW7,train
ID_7A4V2EBA,train
ID_8EU5K6FM,train
ID_0O2JZRRD,train
ID_MDVHU14N,train
ID_BAI79PYH,train
ID_D048A3J4,train
ID_95SNUCCY,train
ID_2G9EHISY,train
ID_2ZTT2CXS,train
ID_BJIKFSNR,train
ID_SQJCIG3V,train
ID_NXUJJ22J,train
ID_YUXT8N3P,train
ID_JPPHHPO3,train
ID_CFDU5L04,train
ID_DOO86FL4,train
ID_89C1HS5R,train
ID_IPDA4BVO,train
ID_PHWMMCJJ,train
ID_I4H88ZQ2,train
ID_4JFFERON,train
ID_1S7HSDCC,train
ID_IIL74MYY,train
ID_CJBES8SH,train
ID_FS08AGOG,train
ID_9J91OTTE,train
ID_K921OGZ9,train
ID_GLMIG8ZY,train
ID_W7943JJA,train
ID_07E6A8CW,train
ID_08K42EBS,train
ID_6EI2RW05,train
ID_B2YY7HO8,train
ID_DTJ3G5FQ,train
ID_I180DBRM,train
ID_HSJPCR27,train
ID_70RQJM55,train
ID_BN238DD2,train
ID_8DXPYXK9,train
ID_0Y92QR9M,train
ID_XS0O4JUB,train
ID_GLGZP7DZ,train
ID_CY0F62FR,train
ID_KUB1WRDY,train
ID_J9H5XS0X,train
ID_A9SXA81Z,train
ID_XV7CAL7X,train
ID_3BAR126J,train
ID_KW956D76,train
ID_KWHEHMJ6,train
ID_NCUBN275,train
ID_6WL9KM8C,train
ID_J8PO64XJ,train
ID_RF3HTLEJ,train
ID_S7MTYJ4L,train
ID_CKDDSNAC,train
ID_CBX96NUK,train
ID_J73CSNBL,train
ID_OX0HBYVE,train
ID_IPX3RJK8,train
ID_1HQ7DM7S,train
ID_JX3YP0P3,train
ID_XSZRER55,train
ID_3E1MBOXM,train
ID_DBK8WL40,train
ID_2WBLFBB3,train
ID_W1J54NN2,train
ID_SDN1MCF5,train
ID_74SSVEEY,train
ID_ZCR58XF5,train
ID_VU1NWSRV,train
ID_PZZ5QSMY,train
ID_XRW64JXD,train
ID_9IQN8FQ6,train
ID_3BOLXZ4F,train
ID_CDEQD31Q,train
ID_ZKUADCXF,train
ID_MRD5J5AH,train
ID_Q819O9EY,train
ID_M48BEER9,train
ID_MURK2703,train
ID_M6KUEPFT,train
ID_D705QCBS,train
ID_3OFNVU64,train
ID_772NGE79,train
ID_6A4KAJV6,train
ID_8KOB1FB8,train
ID_HBSXQKHS,train
ID_D0HKGACB,train
ID_1D0E2EN7,train
ID_CVRNFH6I,train
ID_RGWMQJA0,train
ID_C1CQ2CUF,train
ID_CAP010MJ,train
ID_TZ4Q1AB3,train
ID_0K9GZUOW,train
ID_MRYTBBYB,train
ID_22C377X1,train
ID_IMJPKL2P,train
ID_T494QP7X,train
ID_YCS43CO1,train
ID_TGOA2T65,train
ID_ES0VCRC4,train
ID_AVW4NTP1,train
ID_SFY0DDID,train
ID_AXCPVLWB,train
ID_F93OE9SW,train
ID_D46ZLJH2,train
ID_59VMTKS5,train
ID_2K5HBMML,train
ID_T83HYE31,train
ID_3L0BY8QE,train
ID_XTI8RZJ2,train
ID_NCS9USH5,train
ID_0QO6TJII,train
ID_8Y1LE0LY,train
ID_X2G2DC10,train
ID_JOPFICIL,train
ID_ZZMZMF2M,train
ID_8BLWCK5N,train
ID_J1CZBAI9,train
ID_048BYKY8,train
ID_RIYBKFX6,train
ID_1TKDZJKW,train
ID_XJJL0MFZ,train
ID_P3D9UNDJ,train
ID_FLTMHYEV,train
ID_5G0Y46KD,train
ID_VKOSKJM7,train
ID_UKBMOMT5,train
ID_Z7B42WVA,train
ID_WQ7IYQSB,train
ID_TIPFYIP4,train
ID_XMB6WSI2,train
ID_QWX9FA5X,train
ID_6OIKAG9J,train
ID_K72L4Q58,train
ID_0O4VCK0W,train
ID_HFS7QCN8,train
ID_78K258KT,train
ID_V0YYPU8G,train
ID_QBZ2P0M1,train
ID_T7OL9KH1,train
ID_TN41W4JD,train
ID_44ECXSSD,train
ID_CHDP3X39,train
ID_VIK32GYZ,train
ID_5JKJAO3J,train
ID_5M40B39N,train
ID_ETT8K8WQ,train
ID_6MBZ0XBR,train
ID_5ZDOICF3,train
ID_CX34KQAZ,train
ID_NTETVZY9,train
ID_0YYAD680,train
ID_EQLWRCT8,train
ID_L8XMZMT4,train
ID_Y2X7BIR1,train
ID_K0DBR3FI,train
ID_8T3MNXRV,train
ID_PKVRZNPP,train
ID_VPE48RK6,train
ID_VRRYJ4Z3,train
ID_KKRM2T77,train
ID_LC4CTF2Q,train
ID_OIUK7FYD,train
ID_D35KWRTE,train
ID_F47P0WBN,train
ID_OH4N0ARR,train
ID_9IF4G0P9,train
ID_QZE9YTT5,train
ID_8C6HC6S4,train
ID_ZYD4HDSK,train
ID_FYE06S89,train
ID_907TQ5Y9,train
ID_8S38FYPK,train
ID_M2MJY5R8,train
ID_DN0JNTFA,train
ID_AAWF01SJ,train
ID_AJ22S0DB,train
ID_X722HSX0,train
ID_27M4OQ9H,train
ID_1JL5QFVN,train
ID_8CDF0FZ4,train
ID_OJQKXRZN,train
ID_J5D6VMTJ,train
ID_ACCMFVVS,train
ID_O43KV50D,train
ID_QPA3SUS5,train
ID_HWPH14NQ,train
ID_YT5NYU5Q,train
ID_TN8TLU26,train
ID_6TU3Q32K,train
ID_FVBBJ03W,train
ID_J0AFD6MO,train
ID_WFIC6R4G,train
ID_G6RRBUK3,train
ID_C3ABMF5Q,train
ID_MFF7UPEN,train
ID_WQNB32L5,train
ID_AZJTB5QT,train
ID_B13OSJ92,train
ID_GQBQO560,train
ID_K44HHT82,train
ID_A6UW4YQH,train
ID_HJBFSJZ6,train
ID_D527GNRM,train
ID_4A2I2GDM,train
ID_4D4XPTM9,train
ID_MLUEZ6GY,train
ID_MN1KULC7,train
ID_9KMRR2QX,train
ID_IZYVCNSZ,train
ID_PVOIFEP0,train
ID_IB88LVGK,train
ID_D6V5ERF8,train
ID_QO8YXZH4,train
ID_4C74KJ2L,train
ID_V7ATSGTB,train
ID_I1AIBJWY,train
ID_IKL9CW96,train
ID_89OQK83Q,train
ID_C75GYC7M,train
ID_WSVFIXJ1,train
ID_75JVZ9O2,train
ID_76CN2N9Z,train
ID_GF769592,train
ID_8UMNKE98,train
ID_CLET3T58,train
ID_529J7DEC,train
ID_80I6G63F,train
ID_JNJEHH2L,train
ID_ZBRKJDET,train
ID_8SZM5SYD,train
ID_KOYDS562,train
ID_FJHTW8JR,train
ID_UE1LI20G,train
ID_K4IQ345K,train
ID_ZPZEZV9Y,train
ID_4SZBHCCT,train
ID_BP0L69WS,train
ID_7AEEZGNP,train
ID_0ZH6BEOH,train
ID_W26I6WZY,train
ID_6R80PAU1,train
ID_7AKLLXPW,train
ID_V5GSWOL1,train
ID_0UGSGLLY,train
ID_KSKXJCK0,train
ID_NL2DD145,train
ID_DANSZNED,train
ID_JRXMJYM8,train
ID_0MXBE396,train
ID_748SGKMK,train
ID_3YYN24LZ,train
ID_WGMVUIH7,train
ID_ZECS50PK,train
ID_SCIX1BX9,train
ID_TNUGMK5J,train
ID_D4P62FFP,train
ID_1LSBBIEW,train
ID_FNHQW6XK,train
ID_R3OIXVDF,train
ID_D5Y3U6GM,train
ID_1OUI3DUZ,train
ID_B6WLEVH3,train
ID_IEBCI2K0,train
ID_WEI66Z89,train
ID_GZ67LS54,train
ID_HKUN5RZ3,train
ID_LOFN8SEM,train
ID_MC0BH36G,train
ID_CL5ZC36D,train
ID_WFLB6CYZ,train
ID_NFCJRACC,train
ID_IXOTJH6N,train
ID_APOF6X05,train
ID_6FCSN1PV,train
ID_Q2WJ6862,train
ID_71TI1286,train
ID_3FY9FCSD,train
ID_TZ688PS6,train
ID_I30JTNQD,train
ID_VKL17538,train
ID_9NLWENBZ,train
ID_Y7D56LVO,train
ID_DXQYJ8JU,train
ID_94B6ATMH,train
ID_VSNOJ4DA,train
ID_VK7SGYNP,train
ID_P5LX7D8S,train
ID_NE922HZK,train
ID_I5XQSWIW,train
ID_5HAT0QLS,train
ID_R4TG1XUV,train
ID_PK51MOGK,train
ID_2ZVNQ26Y,train
ID_C29HVNIN,train
ID_73JKFK3E,train
ID_SMEQ9KPU,train
ID_0QCU24P8,train
ID_9OQ4QM6L,train
ID_B4O97R8S,train
ID_EMOCL4HT,train
ID_N3F59A6O,train
ID_5X3FVTC6,train
ID_14BZJVBS,train
ID_JT89PVS0,train
ID_Y3G3CF4S,train
ID_6W24KKAJ,train
ID_56LYYQ3O,train
ID_S8OA88KV,train
ID_SWS2G4EB,train
ID_3VFTYKP5,train
ID_Q9C4M8YC,train
ID_2AZYYMBB,train
ID_YCNM2FKW,train
ID_TGKNZZ8E,train
ID_9KKZBQIZ,train
ID_UU7L7TQL,train
ID_N5NI62HV,train
ID_4WA48OHF,train
ID_APIO5JYV,train
ID_0XBUZ9S3,train
ID_SVFRHPOK,train
ID_G6G2WNVA,train
ID_J6U0C6AX,train
ID_1FDU239Y,train
ID_FLZZ7SM7,train
ID_UUMY2H20,train
ID_3NH433IU,train
ID_9WPZNFQV,train
ID_5MGAE58F,train
ID_GIKIT71Z,train
ID_8J5P6QZX,train
ID_0OJPN4C5,train
ID_BG3KVRZ4,train
ID_B4EDKNOU,train
ID_YZ8HB73J,train
ID_OE8H5MKW,train
ID_33FGDQU7,train
ID_SXY9AUV2,train
ID_XJ9Z6QKR,train
ID_TBT4FGF7,train
ID_DLO6B654,train
ID_MJOMFMLS,train
ID_FGZK8RQT,train
ID_SBFHGND9,train
ID_QK0045C7,train
ID_U4SRDWSJ,train
ID_FPZN2GLG,train
ID_SCTLK3IR,train
ID_RQI3DHYW,train
ID_YGC01D0K,train
ID_3YJZ9UUE,train
ID_13X6X0FI,train
ID_7V8VPR7E,train
ID_7GSXBT0K,train
ID_BEL8QEEL,train
ID_4WWFWOV7,train
ID_LEFB1KGY,train
ID_JFPP2R7W,train
ID_TLKTSJ7J,train
ID_6XOFSL8V,train
ID_8SUD7LHG,train
ID_61X2M0FQ,train
ID_DLMD4W8S,train
ID_MBF7QSZH,train
ID_SCN5EVHH,train
ID_2N6FNTK3,train
ID_FVCODEPC,train
ID_T61SOH8Q,train
ID_ZIE25KS9,train
ID_AFU3RX16,train
ID_3SLJNQBN,train
ID_MD5BT1KZ,train
ID_GOQDAJ1V,train
ID_MAGG0UGH,train
ID_JHAY0668,train
ID_HQ3GUAKR,train
ID_5L5KXXLR,train
ID_X7WNWA8Z,train
ID_40ETYV85,train
ID_JWB7QRNF,train
ID_GSANHWMA,train
ID_149D16TB,train
ID_SL5FZ4XT,train
ID_5Q3WVD35,train
ID_XZ610233,train
ID_XGHZ2CWH,train
ID_WAOSR03R,train
ID_9PXC5X5K,train
ID_MER886CX,train
ID_Y1IPVTRW,train
ID_WVXCF3WT,train
ID_9KP1AGL6,train
ID_9ZO2HMB0,train
ID_0NAS6939,train
ID_GC242UMD,train
ID_UTG9QUG2,train
ID_P8S872PC,train
ID_CDL8SWJA,train
ID_32VBZ8XS,train
ID_UBBZ15S5,train
ID_ZCWZK6B8,train
ID_K0C9599Q,train
ID_58BZ5FOA,train
ID_INXX61C5,train
ID_I8V576YF,train
ID_MM919ZHU,train
ID_8V31DR7F,train
ID_1CH9OPKP,train
ID_PN7W49NF,train
ID_ZK1BN3TY,train
ID_UJMDDIJG,train
ID_9ZOX7MGD,train
ID_INYQTZXN,train
ID_SIWC2S9Z,train
ID_NWESY2TS,train
ID_81JF4N3B,train
ID_ICRVK33I,train
ID_VSZ2C7Q5,train
ID_721C3HLQ,train
ID_NDOIISF7,train
ID_YCUZDZ4V,train
ID_MRML7O9H,train
ID_E6Z4HDCT,train
ID_HH5SA4KF,train
ID_Z75IUMBU,train
ID_RWGT8ZYG,train
ID_QN5FS5Z9,train
ID_U6T2FLMY,train
ID_AX3PL2O4,train
ID_4IA23FQJ,train
ID_HO1BIULA,train
ID_H41MBUN4,train
ID_WWIWZDSH,train
ID_9EXLAX97,train
ID_D0Z9UZDF,train
ID_4G6GS44G,train
ID_XQUK69SQ,train
ID_3UICOR8P,train
ID_8I7ZRYJC,train
ID_567VPFDQ,train
ID_7A4NYVSH,train
ID_Q3MFUSFW,train
ID_816UPWS6,train
ID_VI0KIH5U,train
ID_8ZMS8LRX,train
ID_6JN7B12X,train
ID_NQE4NRRY,train
ID_1JE1UNEB,train
ID_NIHGUGFD,train
ID_1425WEBA,train
ID_KC4AQET2,train
ID_EIJYKOKB,train
ID_AX74T34J,train
ID_Y3J0MGMO,train
ID_CPBQI0WS,train
ID_JM7PHKGN,train
ID_KFDTCNEN,train
ID_NVSLLUH4,train
ID_ISY106NE,train
ID_ZYJBPPEX,train
ID_GXYSDA3H,train
ID_M0VOPNMR,train
ID_3YZPXCKH,train
ID_K1YVGSVL,train
ID_IC7DH0RB,train
ID_FMW6KPQL,train
ID_ZWGV1FXQ,train
ID_Q7NS2PD0,train
ID_7ZC6J650,train
ID_IVCNJCFK,train
ID_SOLI8O6K,train
ID_QR2Z1YED,train
ID_G1WRZZVL,train
ID_UESPBEDU,train
ID_BNMCAR48,train
ID_QIT0OMIC,train
ID_GE0S42K1,train
ID_G931MPUX,train
ID_PSDDP86Y,train
ID_O9OXVRK4,train
ID_T5M0GKSB,train
ID_JS6GFOQD,train
ID_R5EKKWAE,train
ID_ICY7O0K7,train
ID_8UBGJ8T5,train
ID_KPDXA2CH,train
ID_MLLH2IYA,train
ID_C2CFBO69,train
ID_RYW189VP,train
ID_7OBKSEJ8,train
ID_UELBZ78E,train
ID_IFLOTI3M,train
ID_B335TRZB,train
ID_GHSXZU38,train
ID_99EMZ5NV,train
ID_WNK850HB,train
ID_LGLMJO19,train
ID_B4A9VG8T,train
ID_YPBQOHKG,train
ID_W4FP8CMV,train
ID_OSV9ZTRZ,train
ID_94RCSE2Q,train
ID_OHOLCDEO,train
ID_U2NRE9B6,train
ID_U2AJ62SY,train
ID_XUYUDNUR,train
ID_BVSPPWT7,train
ID_JLBE12VK,train
ID_LWMQYUN2,train
ID_NHEHPLSK,train
ID_FXHKOSGW,train
ID_HOOOFORY,train
ID_LKNBQMC8,train
ID_IZQZXTYO,train
ID_4QRGENEG,train
ID_BVZO7049,train
ID_W1ONAIIP,train
ID_ILCO1AYE,train
ID_F4SMSPTG,train
ID_JS20PLOD,train
ID_84AJZ0DY,train
ID_0ZE5SPH0,train
ID_HNJ3A60U,train
ID_M2GLDF8N,train
ID_5UN489D6,train
ID_II40UXWQ,train
ID_8ONSOEHH,train
ID_J5199WRD,train
ID_JWJ9UWTJ,train
ID_WCJPUBSD,train
ID_J84KHCK7,train
ID_EGHLJBG9,train
ID_3WDZBIQT,train
ID_ZE5KMTS0,train
ID_PIHMS2CS,train
ID_HT3Z4SZM,train
ID_E22UQLL1,train
ID_F06DA2FY,train
ID_3L4U9LYI,train
ID_ENDE1X4A,train
ID_1GXG2V3W,train
ID_M8B3JU20,train
ID_6J3WS1ZP,train
ID_YA1RH8D8,train
ID_RUYPAYGL,train
ID_E9T88CE3,train
ID_CXN71RUC,train
ID_IT2NSIZE,train
ID_UMMBLSCI,train
ID_Z78816AO,train
ID_LXF6BA1C,train
ID_499Y046H,train
ID_WMH8GFOT,train
ID_YH2YFZMB,train
ID_8JUUNKDN,train
ID_EBCRLVB4,train
ID_ZP09DWJK,train
ID_S2N479LD,train
ID_9TCZILIZ,train
ID_L5P7JI9F,train
ID_MGU5Y78M,train
ID_EC1U5TYI,train
ID_TBDHHSK6,train
ID_SPNO2HYK,train
ID_EN65KKOL,train
ID_3XNESNOW,train
ID_IXB5OESI,train
ID_ZQ2YW4P5,train
ID_TFNBJ0OZ,train
ID_8JB4HFWU,train
ID_PPL6L3VU,train
ID_50OLDBSK,train
ID_3XONRN3S,train
ID_JIGLS02C,train
ID_QI84CTVG,train
ID_VTEYXGV8,train
ID_W4JKI4E3,train
ID_TWC7EWRB,train
ID_PIZ4TUU1,train
ID_DBGC1JF5,train
ID_SI22AADK,train
ID_YVZP8DU0,train
ID_CTUN5V2V,train
ID_8EMSXZ2U,train
ID_SJN3ROVI,train
ID_J9UA7WQV,train
ID_ALUCVGJC,train
ID_4WLBZOQ4,train
ID_2NWRK64V,train
ID_RY4DJ2OV,train
ID_A4GVXQXK,train
ID_KDW3JXVT,train
ID_NL9JV8PT,train
ID_59O2CCD4,train
ID_LMKOA81U,train
ID_K0QVA1J1,train
ID_745RKS0K,train
ID_GS6PTHEX,train
ID_R8TNBHL3,train
ID_R9TUINOY,train
ID_CCXLL7SU,train
ID_0G39Z14I,train
ID_5HN4PL8M,train
ID_RK7UQ2RC,train
ID_YOO5XRH2,train
ID_0W59JVQR,train
ID_4Q2YZBQ1,train
ID_ZR0ZBMYA,train
ID_OOJIUID9,train
ID_4V899GT1,train
ID_F2NWSFJ6,train
ID_3WB29FT8,train
ID_XYLY1PI5,train
ID_0BZDYW8W,train
ID_6SL35Z3U,train
ID_19FUPKO6,train
ID_JG5CUB3R,train
ID_YEKYT5YQ,train
ID_KG364SVF,train
ID_0KLPDHA3,train
ID_4VOFIEHD,train
ID_JVYP174A,train
ID_Y5F99WIU,train
ID_88PQFS36,train
ID_FK7512FL,train
ID_AQQ055RJ,train
ID_IKJU6WH1,train
ID_7GQP946R,train
ID_CXD39VK7,train
ID_ZGIHUR2K,train
ID_BF3102P9,train
ID_IJN9AT6W,train
ID_KSIB9K7I,train
ID_AWA95SK0,train
ID_Z9P2HFAV,train
ID_EKP8ZAZH,train
ID_MELF6EJL,train
ID_M0HISDNZ,train
ID_2QUEJ83G,train
ID_AI0V759R,train
ID_ZEPOX6CN,train
ID_ZA2NZP82,train
ID_I6EGNCWS,train
ID_G9R7D88W,train
ID_L3XJ1QWZ,train
ID_JH5B7H5F,train
ID_IQD4DRNJ,train
ID_07TU74WQ,train
ID_7C8P41LN,train
ID_BH8BXAMD,train
ID_J5JGBHYB,train
ID_LLXBP1IH,train
ID_FZLD2ZD5,train
ID_98XBVWZP,train
ID_99BCI8JQ,train
ID_FJINT8KA,train
ID_LNHBYZUF,train
ID_G5P8272D,train
ID_902ZV1XU,train
ID_NXQSZETC,train
ID_NK69UAXR,train
ID_M49HUJIR,train
ID_40V306C7,train
ID_E9AK9UCT,train
ID_QXBO9NLJ,train
ID_A1TPZUVK,train
ID_K2210GDB,train
ID_WQSKKJEF,train
ID_Z0NHGTRC,train
ID_7678MZQQ,train
ID_EYDGNWOE,train
ID_C8BIE7H3,train
ID_V0Q2UK5T,train
ID_PJKU9KQD,train
ID_PSRO81NZ,train
ID_1UQMKQKW,train
ID_FXM37R2F,train
ID_HFHFFXTE,train
ID_CXNHV1Y1,train
ID_R97I6II1,train
ID_P7307DPD,train
ID_MZ9S8CBL,train
ID_6F50OBRN,train
ID_BYJE3ZUC,train
ID_BRECH912,train
ID_QH68BL4N,train
ID_XKK7D9GT,train
ID_CL1ANWIE,train
ID_17Z8Q26W,train
ID_Z0RKF5VI,train
ID_GTLNGCZ2,train
ID_OZGMYTWL,train
ID_OXY5FDWA,train
ID_YIB26KDU,train
ID_OMWDI4TM,train
ID_8AJ4Y7HO,train
ID_8DZLE61J,train
ID_WETH5ILM,train
ID_NE8RKV5I,train
ID_KTRFNOPT,train
ID_14F815JH,train
ID_LI4C9I6P,train
ID_TYHC8XKL,train
ID_61FJRCV4,train
ID_CKSHOBYB,train
ID_NTG3E26R,train
ID_QYV2Q3VI,train
ID_GDZNC2PZ,train
ID_1PQ9V9HP,train
ID_I3ACX911,train
ID_SZTM9PJB,train
ID_Y66AKN8V,train
ID_GSNEQNNJ,train
ID_MNF52AT0,train
ID_JUALERS9,train
ID_49VX145P,train
ID_0PHXS0XQ,train
ID_ORULLLF6,train
ID_X0UAXRXA,train
ID_E0YCFR9V,train
ID_GB6LIX22,train
ID_ZSMBR3S1,train
ID_PN9B7SCD,train
ID_Y5AYNAWB,train
ID_QPOO49OC,train
ID_MAOBHPHF,train
ID_DQAN02RA,train
ID_JK2NRL50,train
ID_F5KPZ33M,train
ID_3T8OZRTW,train
ID_I97GIFOI,train
ID_VIO0JJ1L,train
ID_319QUTO4,train
ID_3J3DRHW3,train
ID_BTZWWTXS,train
ID_FUH6L6ON,train
ID_N7AS83DX,train
ID_VKLYCFBP,train
ID_CQWJPAY6,train
ID_HM5OD3E4,train
ID_02N7ZIMX,train
ID_FOB5N1PX,train
ID_BGIWTGEN,train
ID_FWC4OGN7,train
ID_TORETEZ6,train
ID_55I9N0UF,train
ID_4175WF0F,train
ID_TWX5RNPP,train
ID_A1S45E0C,train
ID_SSAL4UPL,train
ID_NUGGTUUL,train
ID_KCKAH4ER,train
ID_V1BOMSQX,train
ID_O9IFGHZD,train
ID_V6MLH5PV,train
ID_1Z0W20U0,train
ID_1XA8NPXU,train
ID_3EWHG1WM,train
ID_FFFFJCRQ,train
ID_KBOLL68F,train
ID_09E3H5SV,train
ID_4O0GOHNA,train
ID_LN9QOHUX,train
ID_D94RCA3P,train
ID_38QLN3LW,train
ID_5HG6M9O2,train
ID_D1SJYVVI,train
ID_W2K8WLEQ,train
ID_8J5S0FGB,train
ID_1ZZ2XJZU,train
ID_3Q353K49,train
ID_H14R2MMS,train
ID_15RCHBUO,train
ID_7ZL4ON97,train
ID_9I4GY7E5,train
ID_A4MVKDOT,train
ID_13ZK40SV,train
ID_DTJM40YE,train
ID_RYMBMDPI,train
ID_EDJAE76I,train
ID_HU3PB0ZF,train
ID_RH6698ZG,train
ID_JB0GK34L,train
ID_G9Y7FCNR,train
ID_ATFUN5B1,train
ID_6RJ1DKL3,train
ID_WQ3X5XJD,train
ID_4SD4DADI,train
ID_N5EH9ASN,train
ID_P2VSE942,train
ID_IAKB4HUE,train
ID_0U1NES4K,train
ID_1ME4SLI2,train
ID_NCEISZ76,train
ID_8B6CNCNB,train
ID_5K64R8AS,train
ID_C72VS0IG,train
ID_QPUXFISF,train
ID_GFHCW4A7,train
ID_V37LUIX9,train
ID_TTP4FOP1,train
ID_2OPSI9H6,train
ID_Q58Q3578,train
ID_A8V2SU5U,train
ID_J22OV6O3,train
ID_X16EP5QM,train
ID_3EV1AEB9,train
ID_FV22KB4N,train
ID_55M6VUDB,train
ID_IRE24RUC,train
ID_7NHTFAYV,train
ID_M8T86A1A,train
ID_LTC217LG,train
ID_PLOHW3TL,train
ID_2CPOJ45B,train
ID_5U0916MR,train
ID_VL8CVTL3,train
ID_7WVCRKF7,train
ID_733GBDS5,train
ID_JS2ZRP5M,train
ID_Q1R2F6ZU,train
ID_K1J165UD,train
ID_8L4X3GHL,train
ID_93M6PUEG,train
ID_OUXLPFQV,train
ID_0FBXEIW0,train
ID_Z6KQ8Q9M,train
ID_JY3OS6ME,train
ID_X91UUXH9,train
ID_WZKPUYPJ,train
ID_9DG3GTPC,train
ID_A7W5XQPQ,train
ID_8OIFQ3IL,train
ID_4E5JOFV1,train
ID_7BPAKJCE,train
ID_GROUMCV9,train
ID_VMASVXAT,train
ID_6VH4UET4,train
ID_S80TJC61,train
ID_SBDVCY6Z,train
ID_Z9QG3PHW,train
ID_4PUADCXG,train
ID_M7Q3O9LS,train
ID_SVQX71XY,train
ID_719J3GIC,train
ID_EA8QDQFG,train
ID_1VAERCMU,train
ID_9ZKNZG25,train
ID_4FFPRSJR,train
ID_VXEW3XSW,train
ID_6X8J2WRR,train
ID_PPLBZU2S,train
ID_LLA4P5KJ,train
ID_EEKNUYYX,train
ID_ELKV9IU5,train
ID_GBYKNFKC,train
ID_L20A1638,train
ID_167CQSE6,train
ID_E7ER7KUE,train
ID_JU0MCK8O,train
ID_IFYR5HYX,train
ID_XF6Q3FIY,train
ID_3LX754WP,train
ID_SMHXBXAM,train
ID_N7KO7LUW,train
ID_Z85FZSCD,train
ID_XWM2DGGI,train
ID_HWQ73MF1,train
ID_FU6JC6IE,train
ID_85MF6OWD,train
ID_RPP5QK5K,train
ID_EMUGUIAR,train
ID_IX2JWMJG,train
ID_YME2RA5Q,train
ID_T3AJV12K,train
ID_A9L31DPZ,train
ID_ZTDLG895,train
ID_MHC28QKW,train
ID_BZACP86M,train
ID_V8ZDVWEK,train
ID_2I8PE6O8,train
ID_J4SIB393,train
ID_9ZRLVJLL,train
ID_BP1YMV02,train
ID_UQZUREUD,train
ID_32YC3FRZ,train
ID_QXWH4G3L,train
ID_UKVIONZK,train
ID_IB3RDQIY,train
ID_GUKW6ZH2,train
ID_T8GOWOLQ,train
ID_INSCP7EG,train
ID_DTPCX2WB,train
ID_E1I59TTV,train
ID_5I7XOUQW,train
ID_K9BYLTUL,train
ID_QFARSZ6P,train
ID_FZBKOUX9,train
ID_QM7ERMD3,train
ID_2HK8QR95,train
ID_MOBJ128C,train
ID_PWYVD3KX,train
ID_ZE4ZBPWU,train
ID_RCSTARTB,train
ID_MQGFVFO6,train
ID_SJF25EPV,train
ID_9DTPAOPA,train
ID_KO2KPEPM,train
ID_E5INQRO5,train
ID_FM8MJLUA,train
ID_VXZQGOC5,train
ID_TPKIVFRS,train
ID_OWISY1YR,train
ID_1V89606W,train
ID_O5SHNPJV,train
ID_N2AN8QQI,train
ID_5WEKUCDS,train
ID_PNTO9A81,train
ID_ZE66H14S,train
ID_DGZDG10X,train
ID_RF44J2AC,train
ID_BKESQ0IM,train
ID_9RSJJVMX,train
ID_2O0SMLDO,train
ID_NY22JNQG,train
ID_Q0XPJSB1,train
ID_YCHRYWZW,train
ID_XNRWOC2D,train
ID_PJK8B94P,train
ID_JGI3XRXK,train
ID_U37YJJJL,train
ID_2OAFA6AN,train
ID_4KMA5NWL,train
ID_J8SA6FAN,train
ID_IHBXM56O,train
ID_ZYMQ6TL9,train
ID_54BZIUTV,train
ID_5VX8SF41,train
ID_1PJT4O9T,train
ID_0FT4JYK4,train
ID_3ANRMAIH,train
ID_3LY5YFPX,train
ID_R9DGO697,train
ID_LBMLLWRE,train
ID_JI9RIQNO,train
ID_S6T29D79,train
ID_9752VAKO,train
ID_R1LI6Z6H,train
ID_UQBEKE16,train
ID_ZRK9I455,train
ID_5XYW3V0X,train
ID_XY4UWSSH,train
ID_CH5IGPOD,train
ID_LX6DPIMM,train
ID_5YVJ8EQ5,train
ID_L2ZRW2JB,train
ID_023SNAKT,train
ID_2ULT7XLS,train
ID_OOPRBLLY,train
ID_VIYRHI2I,train
ID_RBVSMTW3,train
ID_VTRNMS1Y,train
ID_2SF6NTUL,train
ID_RZDXWB1C,train
ID_B1NTMKG9,train
ID_0OG0GVXA,train
ID_VZY6ZDGA,train
ID_FIUQX6H9,train
ID_28GJXLVV,train
ID_4UDD5C4Q,train
ID_YJHJBLFY,train
ID_OQ608D3N,train
ID_O4Q1XZ8D,train
ID_0RBF0NUX,train
ID_QCLD51N7,train
ID_2GADK6W2,train
ID_QE1VP4PY,train
ID_YTGM92PJ,train
ID_C7F3X7OK,train
ID_BWVJLGR5,train
ID_A647UTHX,train
ID_PMEL7TS3,train
ID_0F3T22NN,train
ID_8V8MPPY7,train
ID_ZLP6IS6P,train
ID_6BHU4FIU,train
ID_QO15MUDE,train
ID_261Y1539,train
ID_OL76EW4G,train
ID_UECV92B5,train
ID_VZCIG3NG,train
ID_VH3YFKOG,train
ID_KE0VXB4N,train
ID_2QTHHNHU,train
ID_71FBZS1I,train
ID_YEU3YWU7,train
ID_FTDLQSBG,train
ID_0QLVFL6Z,train
ID_SFBLR0MJ,train
ID_ND1EI4I6,train
ID_090XZZKM,train
ID_TQW3R08V,train
ID_VVGFARNT,train
ID_0Q2YFSJK,train
ID_9Q8MG6K5,train
ID_F8XSE55D,train
ID_MUM76YI9,train
ID_9IDRQ0O5,train
ID_5A1I12L6,train
ID_PHMI8NTC,train
ID_OZ03E9A1,train
ID_ZWFKWAJC,train
ID_E5NI4H94,train
ID_3CO9XO2C,train
ID_RXFWPSFF,train
ID_SECR04RZ,train
ID_IP0X5H6T,train
ID_0FELNS91,train
ID_1269GAAG,train
ID_UOXFO15D,train
ID_U2QCN9NN,train
ID_LLKVOERE,train
ID_D6SFUY0A,train
ID_BMPW11RC,train
ID_3INDFWGW,train
ID_S1C16V22,train
ID_0LCXQTYD,train
ID_DIJH7WMW,train
ID_2L81BI3C,train
ID_WIFJ7CIT,train
ID_JCCD4XE7,train
ID_2J52ZIWY,train
ID_L1BJWPN5,train
ID_0RU1DOX9,train
ID_4H1XLRKJ,train
ID_HE231EEM,train
ID_WIXDSO4R,train
ID_5TKQM29B,train
ID_L9RKXIJS,train
ID_BHX979EB,train
ID_VBNK92DU,train
ID_0H9TTS0K,train
ID_TTL8VCXS,train
ID_PRXJAETE,train
ID_OX0PNHQ8,train
ID_CC931I71,train
ID_M836EKT5,train
ID_9GLO6FUW,train
ID_SCGG40SD,train
ID_URIOUB03,train
ID_0XNBK1B1,train
ID_JDUG7CX5,train
ID_RXJCKSUV,train
ID_BCZ69DO0,train
ID_8KH4R6PX,train
ID_6K8B28RP,train
ID_CM1DPVY0,train
ID_1HPRHHC2,train
ID_Y8G44B5O,train
ID_PUS7TTFM,train
ID_0PCO84ND,train
ID_2E24151Y,train
ID_LMK7GB3Y,train
ID_GUPU2YXJ,train
ID_LNKN8WO9,train
ID_AH4U20VZ,train
ID_2U1RDMFR,train
ID_LLHYUR6O,train
ID_EMSX9ANA,train
ID_I425NF8V,train
ID_37RCK19G,train
ID_TV5CI3PK,train
ID_9DUX0SEI,train
ID_JCG69Y77,train
ID_9IDXST83,train
ID_NSHT9CO5,train
ID_O3AWX4Y4,train
ID_ETBYG618,train
ID_AX2KNAWU,train
ID_N3A07G4D,train
ID_V0C3X1XM,train
ID_0T9M5FMT,train
ID_U8Z135KB,train
ID_DNREUIJ5,train
ID_JLJRJGB1,train
ID_QFEQW6DO,train
ID_5QRWAGKU,train
ID_HUZZ4OW3,train
ID_3SXECSS9,train
ID_S9VCZG6V,train
ID_FT0WFY53,train
ID_6614OLWO,train
ID_1T6KYR7Q,train
ID_35SI4LCR,train
ID_AQJZ1M0C,train
ID_ANS7U8TW,train
ID_XLHUCJC4,train
ID_TJ8VUYNG,train
ID_AFG4TETY,train
ID_AVRS9WE3,train
ID_BJD8G3UC,train
ID_DIZ1H7A9,train
ID_T013FOG9,train
ID_4POVAG1Y,train
ID_9BYADFCW,train
ID_6991H9LN,train
ID_BVMYMI0V,train
ID_SJ1RVVG7,train
ID_A9RT3JPG,train
ID_WC9MIQ3F,train
ID_8NDKMIQO,train
ID_W6GI3ZPG,train
ID_7L6AJWH7,train
ID_7RPBZZLE,train
ID_J2AJ7J3K,train
ID_YW0I8B34,train
ID_1ASKO79S,train
ID_87OX6VE1,train
ID_P7CC8H8B,train
ID_74VFOT3P,train
ID_XYY8AS2A,train
ID_DVTVMLF1,train
ID_3K8M6YIU,train
ID_GMASWEBS,train
ID_PNLFM8BY,train
ID_7BNS3LVZ,train
ID_86TDOPUT,train
ID_IHSB254I,train
ID_Y069ZQ83,train
ID_6NMQ266V,train
ID_43FEH8UJ,train
ID_KO5LHTFW,train
ID_ZLIZ1KUP,train
ID_ZO7KEX22,train
ID_ZFY4K3AA,train
ID_SCAOFWGT,train
ID_MO851PFZ,train
ID_O0CNTA7P,train
ID_N6JJGOGW,train
ID_CNJ0EL18,train
ID_U07KRR9A,train
ID_QJQNI756,train
ID_W6EETX2X,train
ID_P6UFUMBY,train
ID_Y6Q3OZ74,train
ID_ZQ2AN7DT,train
ID_6VY7RCWC,train
ID_V0PIB5YL,train
ID_6HDQJKKQ,train
ID_7KDRXMUV,train
ID_NDRUEQHM,train
ID_UFWSHRAE,train
ID_21Q8NKMN,train
ID_YK4XKQNO,train
ID_X7R4XDAR,train
ID_3K6XMWTA,train
ID_9HV7KA7E,train
ID_JVWWY78P,train
ID_BTX0DTSR,train
ID_1U1HAX1M,train
ID_1NFUZY2B,train
ID_F25JPWDA,train
ID_F6EGY55S,train
ID_282ZIB6A,train
ID_QYZFDNIP,train
ID_9H1HCSQ9,train
ID_2L8U27MW,train
ID_JPS4AK3L,train
ID_6878VIFN,train
ID_RAJOX0XD,train
ID_431H5PSH,train
ID_C9DHO8EF,train
ID_I3GDQTRW,train
ID_H2573W1P,train
ID_4JB495QC,train
ID_S93I45MN,train
ID_0K89REAV,train
ID_U2IHZUF0,train
ID_E41VO5Y2,train
ID_WVF1SHDN,train
ID_OT14DAYO,train
ID_OYGOGI7M,train
ID_JWCAHPL6,train
ID_JL0ICWPN,train
ID_KV3OJF85,train
ID_QG7AOFPI,train
ID_ZCV2I4VT,train
ID_6ICD6FF0,train
ID_6C22K4P7,train
ID_58KEWW7S,train
ID_WEWGXT3W,train
ID_BPB1GF9N,train
ID_S6P53UB5,train
ID_32KKIVEJ,train
ID_VL5LP2E8,train
ID_LQ62SI46,train
ID_B03G0SJI,train
ID_EALGRQ1Q,train
ID_C7JEE0LZ,train
ID_7I1WTGDG,train
ID_R5F9UZEE,train
ID_WU5JNVSU,train
ID_ILC9CXA8,train
ID_WDFQLE3V,train
ID_0L2MDT7G,train
ID_352AD8S1,train
ID_5J3IZGMD,train
ID_36W3PE4H,train
ID_PZ9PN4EK,train
ID_7VKXWARY,train
ID_QXQWYOMC,train
ID_PWRCI4IA,train
ID_89KHT3T0,train
ID_CFW4H8RB,train
ID_XSGBAD6I,train
ID_Z9RLF6MG,train
ID_4GFD8S74,train
ID_BZHEF66Y,train
ID_JXML4N5L,train
ID_ZV3KP5OW,train
ID_V2MIZ97I,train
ID_QIOEV1H3,train
ID_O0O44VCE,train
ID_Y2RMZS6Z,train
ID_74JQB83E,train
ID_V96YHXKV,train
ID_GHWWGMXP,train
ID_9J5JC7IY,train
ID_UMP7CVCI,train
ID_FP6OHNAJ,train
ID_B772C3PS,train
ID_C3PCTOBC,train
ID_4HBO4NH6,train
ID_WYTJBYYM,train
ID_D9Z5E0GD,train
ID_ZUN0GCUR,train
ID_C4W802OZ,train
ID_FC5QJLH0,train
ID_QE4ROYWF,train
ID_X6WCGYZK,train
ID_ZOJI08IR,train
ID_53P0BQZW,train
ID_IVZSRXU3,train
ID_8XFEX09H,train
ID_1LSLUCYC,train
ID_N0IMK9JI,train
ID_ZUW1VE93,train
ID_7XCRH4AX,train
ID_MT992G6N,train
ID_C9HZMTLU,train
ID_ZKV3Q9IV,train
ID_ZUZI82E2,train
ID_Q5E618R1,train
ID_68UZO14I,train
ID_56VCQFSA,train
ID_TJ6T2LPW,train
ID_H54I3RLL,train
ID_JUJJ3BKM,train
ID_ONQAC43E,train
ID_IJKCFKOS,train
ID_83996WQF,train
ID_DD177W30,train
ID_RO5PD81U,train
ID_YG6IXVE2,train
ID_HO45CZP9,train
ID_XPX2ZTID,train
ID_D2AY65YW,train
ID_FWR1L2Q7,train
ID_FA8I1ZBL,train
ID_6UBRUWMY,train
ID_RBWA4D3D,train
ID_0J38ANA7,train
ID_DG3GLNN8,train
ID_YJI0RQUO,train
ID_HI1BPH61,train
ID_QS544ZEQ,train
ID_IDITMITC,train
ID_5UHGDSRA,train
ID_YL0N1QG9,train
ID_DNV3VXAB,train
ID_NAH1KM6P,train
ID_WRG8CE8Z,train
ID_4D1YLLM6,train
ID_CQHJW3CY,train
ID_JU0E24YU,train
ID_0T03CP16,train
ID_2AGSOSJ6,train
ID_6MRCETKC,train
ID_C3IJZ5PY,train
ID_YSKZOR76,train
ID_J19L3OYS,train
ID_BHX38RZV,train
ID_ZIN2DBQA,train
ID_JFCB4JVK,train
ID_R1LCQARH,train
ID_A454C2J1,train
ID_77WMKICK,train
ID_CW98DKDM,train
ID_G4E8QRIW,train
ID_EOJGIJCI,train
ID_XZB8QGXY,train
ID_F19N0JZS,train
ID_46WX617V,train
ID_U2H249IM,train
ID_3KC7ZD7V,train
ID_VYYZJDJZ,train
ID_UOV5BXO7,train
ID_N0TDF1IK,train
ID_9YMEAER0,train
ID_JY0QGW8A,train
ID_RBNZ0VOH,train
ID_JTVOV04G,train
ID_Q89KCSCG,train
ID_PT845BSK,train
ID_1I23E6L5,train
ID_K9OJT52L,train
ID_HGZ17032,train
ID_E4UYZ3NE,train
ID_R9RL4CZ6,train
ID_NJYZQQFG,train
ID_9JLUSI0J,train
ID_ZYVVHG2Y,train
ID_96LCBPUA,train
ID_MG5RSIPN,train
ID_QGUPFRUK,train
ID_ATSJP8WA,train
ID_0Q1JZ11J,train
ID_QV6XG7L0,train
ID_25YYDQQD,train
ID_KPT1CYXC,train
ID_T5YCWL41,train
ID_T2VXXPJ3,train
ID_NG62FJ3Q,train
ID_ZWOOVZYD,train
ID_R7GVZ062,train
ID_4E3077W9,train
ID_XPRL2SLL,train
ID_KOJPAXNX,train
ID_HQA1NDVF,train
ID_VF12YUTI,train
ID_896DRZJX,train
ID_QS6S3F7S,train
ID_T2B5B0YR,train
ID_RE8OWO2Q,train
ID_6A2D9KBR,train
ID_GU4Y3OVP,train
ID_UX3HYXT1,train
ID_3GV9CGFO,train
ID_S005QJXG,train
ID_JGRSS30N,train
ID_NSAR2XD3,train
ID_3GSLHVB6,train
ID_MNCWY2JU,train
ID_K6E4684Z,train
ID_14PDTECD,train
ID_8BC9FPSA,train
ID_Z9G668R7,train
ID_S34PH3GU,train
ID_D6CUJXIL,train
ID_ZAWX09Q0,train
ID_Y10FUMEO,train
ID_9AHRFU88,train
ID_QIUU7HS1,train
ID_5F0B54E6,train
ID_XKFUTNES,train
ID_Z6R3OTQ1,train
ID_5YVXT9OI,train
ID_SGJM59LZ,train
ID_425FG5ML,train
ID_2FH32KQS,train
ID_ZON9DVDP,train
ID_4MGAPDL9,train
ID_GAQNT50R,train
ID_01U2MR77,train
ID_4NXDHBKO,train
ID_S9TXIILI,train
ID_0AIPU7I9,train
ID_KSYNUNW8,train
ID_M30LR568,train
ID_C98473A6,train
ID_8TQXHJ5A,train
ID_P5X0H41O,train
ID_WSDL5426,train
ID_K4Q34TNZ,train
ID_33ZMPCSJ,train
ID_TYGVQ525,train
ID_KZ8CIS4S,train
ID_PU2T56XW,train
ID_G66B5XS7,train
ID_0VYQHUR7,train
ID_1G6NV8AW,train
ID_L3QE45N2,train
ID_56HWA2E1,train
ID_53Q0PAZ3,train
ID_NO0BU5D1,train
ID_1T30CTMH,train
ID_9RKD0SBE,train
ID_21GUT3TV,train
ID_R4KODLEU,train
ID_6C6KPBAN,train
ID_MR3SD2EC,train
ID_SYDW37MD,train
ID_0FTD5CZ8,train
ID_LUWPLG9X,train
ID_OR9JZO5G,train
ID_5L5AKMR5,train
ID_JGZ6IQ5G,train
ID_NTFI4ULP,train
ID_MG9CJUCL,train
ID_4CKEA0W8,train
ID_F85Y3OOE,train
ID_SDSG4CHC,train
ID_732QUZKO,train
ID_ZE5EX8AG,train
ID_YV7JLX8L,train
ID_KEADKKAI,train
ID_4W8LHY4H,train
ID_HV1OKBHR,train
ID_IE5U4LE3,train
ID_99VRQZNH,train
ID_9AKIB6Z4,train
ID_O9VTDWF4,train
ID_34U6TKRX,train
ID_01EOYAHT,train
ID_YSAL77Q9,train
ID_ULC00APG,train
ID_4VWN2QYY,train
ID_NJOE17MP,train
ID_Y7IM86G3,train
ID_E5KOQUAC,train
ID_RP7ES6BN,train
ID_9L5ZUABO,train
ID_GAE712KB,train
ID_Q6JCZIAB,train
ID_6OUY4BVX,train
ID_9NCP16V3,train
ID_76BFU89V,train
ID_WC1YL4UT,train
ID_UDEKXAUQ,train
ID_6CR5K3YF,train
ID_HFE1Y77H,train
ID_5QBCPWSC,train
ID_6QWS85B7,train
ID_LFPC1MFL,train
ID_6AJ8ST61,train
ID_EHGGF026,train
ID_H9E5Q0ML,train
ID_VQY8O7S6,train
ID_6CLSCO2F,train
ID_J6BTR46M,train
ID_GRVXXW8O,train
ID_EFCW9WPI,train
ID_895PHWAN,train
ID_XOSNABMC,train
ID_MCAYNDG9,train
ID_Q97YL65E,train
ID_PII44CSQ,train
ID_UJLRI11D,train
ID_2QLKPASA,train
ID_MHGZR491,train
ID_4JW8M00A,train
ID_6VCJRLJT,train
ID_5WF36K6N,train
ID_O4BU26TG,train
ID_61X9GIXD,train
ID_PXI7PBNS,train
ID_MVZT03NX,train
ID_U4INUCKT,train
ID_OQAQ9TCL,train
ID_913JJ30D,train
ID_OVNLAFUT,train
ID_4NI962QX,train
ID_IRF2V0IK,train
ID_86W7FZTU,train
ID_S8PX4RXI,train
ID_XLJYUVBF,train
ID_9J0NBG9K,train
ID_3EU93TNI,train
ID_2XV580KD,train
ID_565UUR24,train
ID_TJHZWXPG,train
ID_GKFK17HG,train
ID_1CH0YZKT,train
ID_QH9M0LU7,train
ID_HI5IMCAB,train
ID_RFYQIU7R,train
ID_RPBZB14Q,train
ID_T9D4PR73,train
ID_OVKIJPHA,train
ID_FUAA3L7P,train
ID_LDCRSQ8B,train
ID_HNUGJ1ZT,train
ID_BRCP4C26,train
ID_38FBY9GE,train
ID_88LZNEEX,train
ID_R3HPQW6A,train
ID_BDTQ9J4V,train
ID_3RMOHML7,train
ID_LVPCX4YL,train
ID_2FDRFHVY,train
ID_4FAZ49KR,train
ID_04ZHSJQW,train
ID_B9QZFTHY,train
ID_4HXH6ZS5,train
ID_1H0QLU18,train
ID_VDQJQLOX,train
ID_NPCHBOJW,train
ID_26LQBK6A,train
ID_5WQHZE72,train
ID_J91UTZLN,train
ID_DUX4JBQD,train
ID_BX8W3WW6,train
ID_Z69G5QW5,train
ID_983ALC4O,train
ID_XGUZS6X7,train
ID_70MLTAX0,train
ID_HXKD9C1E,train
ID_U8A7LGAX,train
ID_PJJASB1S,train
ID_GPZ7KFUC,train
ID_2VL8X7MU,train
ID_F7ZEIEIH,train
ID_HZJAVRIS,train
ID_UKYC2N6Q,train
ID_XGU3BCW1,train
ID_F6N91H08,train
ID_EISU47HQ,train
ID_J8U8IB8D,train
ID_V1PJBSMA,train
ID_VR57AN6X,train
ID_WW0PNBVV,train
ID_MTW5S2B4,train
ID_9BN5JJSX,train
ID_FWF4GM0J,train
ID_AM1QESJQ,train
ID_G4FWVJRN,train
ID_0BNK8VQ6,train
ID_PSQCQTQM,train
ID_AAKN1W6I,train
ID_K1Y4KB5T,train
ID_YRYGB0B7,train
ID_MH2QCRNJ,train
ID_N2D1O62M,train
ID_A38RDC50,train
ID_I1WQ1T6Q,train
ID_RHU9BYYO,train
ID_OLJXWJBO,train
ID_B20VF11A,train
ID_JE4VJ7D9,train
ID_3VAWYXE2,train
ID_OFMXBL3K,train
ID_Z9DZNA21,train
ID_XQT9N53D,train
ID_G3S3V3AI,train
ID_Z38DH8GA,train
ID_K8DIEDF8,train
ID_JB1JPWBG,train
ID_09XQGVT7,train
ID_ABYPO8GN,train
ID_5PEN5I6E,train
ID_7JJ83HCO,train
ID_52QPEKER,train
ID_BVFI1B7R,train
ID_LNXHDUK4,train
ID_RQKTUDO8,train
ID_ZYJ4TZYZ,train
ID_UAK5FYKU,train
ID_J0LRK9KZ,train
ID_G9JBL417,train
ID_GOH8Q6U6,train
ID_6GNIJ79O,train
ID_JMQODW0D,train
ID_WJ3LEJZY,train
ID_M92T5PJU,train
ID_D542QTTM,train
ID_AKD6M8ZV,train
ID_2OOFQGNS,train
ID_29H6VE16,train
ID_ZMTPU3BC,train
ID_E1UFXR5I,train
ID_1PLV00OC,train
ID_4422QK3B,train
ID_33QPO3N8,train
ID_6BKC4ES4,train
ID_A9UM6GFR,train
ID_SIPZCNPV,train
ID_FVVEELGW,train
ID_MDMHE2CP,train
ID_M2B91SEK,train
ID_O9LI1H8R,train
ID_KHYYXK1N,train
ID_JLMRL9SY,train
ID_T5JLC99S,train
ID_JW6CGS5U,train
ID_OWX3JFBJ,train
ID_LTSX9HVJ,train
ID_F5CQEN9S,train
ID_KYVD59M8,train
ID_NNMU2LMP,train
ID_CP6VGFSU,train
ID_VZC0PYSL,train
ID_XID3TRNG,train
ID_NYTLYI9J,train
ID_DSKP60KP,train
ID_H6QBFWB0,train
ID_J8BSBKMB,train
ID_MEFG6A9A,train
ID_PDRK4DND,train
ID_DOBNFVY8,train
ID_1ZE3HF7O,train
ID_KEI45PCI,train
ID_QTA44BCZ,train
ID_0HUIQ8FI,train
ID_8F32933M,train
ID_I3JK6P9C,train
ID_MD4LHV8P,train
ID_1KU9N7QB,train
ID_4U4MLTPA,train
ID_GJKDHO8L,train
ID_GKC4UCHW,train
ID_UW3D3393,train
ID_X2I3ZTWM,train
ID_WQPA9RJP,train
ID_3DY20J6W,train
ID_TOZ1LPNG,train
ID_64LJBUI2,train
ID_IPYBXGPA,train
ID_3XAJQG5L,train
ID_5LTIV8T7,train
ID_QQG0TQZT,train
ID_UWT8B7UV,train
ID_MP4MDZJU,train
ID_J0OWH2V9,train
ID_YXGAIMZ7,train
ID_NOYAXXN4,train
ID_SBQTBQ63,train
ID_1OD1RMQ3,train
ID_2O5VOTOX,train
ID_QCBFL1FZ,train
ID_U4QJBX7Y,train
ID_IXTMX5ZH,train
ID_Y4QPG1ER,train
ID_8S5PX1VE,train
ID_87VRFVZ3,train
ID_QXMZWODR,train
ID_9M0TAIKU,train
ID_MRTU7CP9,train
ID_E0SZQSQJ,train
ID_B9CMLU5B,train
ID_B2CXRR01,train
ID_C1KXX6RZ,train
ID_SOSCFSH4,train
ID_FSF8UNF0,train
ID_BYIRPUXY,train
ID_XWJKC6ZL,train
ID_NQ6KAY4G,train
ID_W4WCDO8K,train
ID_ZL5DXZFC,train
ID_7Y2JUF0V,train
ID_ONYE9O3Q,train
ID_ATMIU2BQ,train
ID_0QZQMTNK,train
ID_U07T6WX8,train
ID_9HSD4EU9,train
ID_I7ZVQ37L,train
ID_YFLMED59,train
ID_VZ8XY0CM,train
ID_R0RCEREK,train
ID_06BFJ60S,train
ID_FNQ692U9,train
ID_HGZWE96T,train
ID_R2JSJS7P,train
ID_BK8567A7,train
ID_HNQD8VNL,train
ID_644GU9U9,train
ID_5OE43OBT,train
ID_VNC7H6RU,train
ID_FWEBXBGZ,train
ID_4YXV334G,train
ID_3RMG79AO,train
ID_OQ2IB3QP,train
ID_0AOL35PB,train
ID_ULQ9QLM3,train
ID_GFWI0SA6,train
ID_Y3XO4VJH,train
ID_CSH4C8RY,train
ID_B0SYMSNW,train
ID_R4947KAS,train
ID_HHN43128,train
ID_4JER4UJE,train
ID_T8948OSP,train
ID_LVR7PRMR,train
ID_NGWOCLYR,train
ID_ZJ2EY7J3,train
ID_BDD95NVB,train
ID_ZWZ3SV7S,train
ID_QFEPAUJM,train
ID_BXXHM1E6,train
ID_QAUCY2FH,train
ID_KGHPGFCZ,train
ID_2NQ7PKJH,train
ID_R5M7FCA3,train
ID_ZBIB5AJW,train
ID_X7Q3H2H7,train
ID_L3DY1FQE,train
ID_KRR9S9FC,train
ID_NBM8KIQT,train
ID_J3G8JGSF,train
ID_J1VTRYTD,train
ID_MJ6MJX37,train
ID_S33Q5JA4,train
ID_UD6W4LVN,train
ID_GMSDWGC9,train
ID_W53T7MQX,train
ID_907UZDHS,train
ID_26VC851L,train
ID_ZTNHN8GX,train
ID_LPALC4Q9,train
ID_HBQY2V1D,train
ID_59K8PQB6,train
ID_436G6JS8,train
ID_3P8NZ3BE,train
ID_1QCGFOIX,train
ID_PZL6P9KB,train
ID_0CVMMUPC,train
ID_QZ4J5JIG,train
ID_8AR6XZ7A,train
ID_4LT1YXTG,train
ID_D7YTD8UC,train
ID_426A8JAG,train
ID_JF6WZM9W,train
ID_W1MIUD5A,train
ID_WBK93Y16,train
ID_8IAM32CK,train
ID_IHXFHPFI,train
ID_YBUXTBNP,train
ID_4W0JHZF9,train
ID_EZACJYCM,train
ID_FHN6F1Y5,train
ID_WY0FETFS,train
ID_JT7GPQO5,train
ID_DPBK2JJP,train
ID_3QSIHSZI,train
ID_9MCMTQCP,train
ID_ITQVABH8,train
ID_AL4W1VDE,train
ID_ZON6K5JO,train
ID_6F2GES2O,train
ID_V3VSF5T9,train
ID_ZB507M78,train
ID_0CMKB8NR,train
ID_9EBGL623,train
ID_3P3UFB1W,train
ID_8XGOFIXD,train
ID_K97FW286,train
ID_0EO6DKHM,train
ID_DHINPFNX,train
ID_O70TCLEP,train
ID_RSYDBFEB,train
ID_BRQGOIU8,train
ID_LK9I5LTI,train
ID_K8VJXNU7,train
ID_0EXVWGGS,train
ID_SBICWVEV,train
ID_9M0JG86M,train
ID_J7L8117B,train
ID_YECFRHLS,train
ID_CKACCTUY,train
ID_XUS5UTM5,train
ID_SXQKM48Y,train
ID_6GU3PHJ4,train
ID_662TF4BB,train
ID_W13QB0A7,train
ID_K2K3LRUI,train
ID_0CN87GOI,train
ID_DWQ45YQ5,train
ID_0DFDQW3R,train
ID_Z7IP1WVN,train
ID_9VSTEZDJ,train
ID_A0WVFHLE,train
ID_9FDT7YR0,train
ID_1BJADNFR,train
ID_UZXWB6MH,train
ID_46DEQAMP,train
ID_FZQEQWZF,train
ID_H2ZQS5ZC,train
ID_VNULRHBG,train
ID_81GMPZ1I,train
ID_Z8A3R2NU,train
ID_DN8RIQ22,train
ID_9RYTVUWZ,train
ID_R2F4CB1B,train
ID_4CIT10TE,train
ID_5329HIQQ,train
ID_HIHYQIHD,train
ID_CAZ1X25B,train
ID_8ID8PD68,train
ID_ZHZGQQXG,train
ID_67SELRCR,train
ID_0X1DK3X8,train
ID_1IKLBO5A,train
ID_U4XYCHED,train
ID_K70KACKW,train
ID_2MVU7ABI,train
ID_9DUPA0VN,train
ID_V28Q53SW,train
ID_84IGO27N,train
ID_QZT2K97A,train
ID_TE6KPGHD,train
ID_UADVN5MS,train
ID_5GNU3OW2,train
ID_WO204BZ3,train
ID_CN573ZP2,train
ID_VQIA3KXD,train
ID_V277OGJP,train
ID_LRFG90V4,train
ID_ZIEXV5W1,train
ID_WLCHQMUH,train
ID_QWZBGJV1,train
ID_6L99C83E,train
ID_JJMT8NI2,train
ID_HFBGGA89,train
ID_Z9J0PDT7,train
ID_CU9HY8AT,train
ID_U9JWF6NS,train
ID_QA2PNCS6,train
ID_P6WUL7ZV,train
ID_W719CG64,train
ID_GAGTJTT9,train
ID_0VMPQVAT,train
ID_1MM39MBG,train
ID_VLRVN5AC,train
ID_084PAL2E,train
ID_JJP2ZFX0,train
ID_E3PYMATJ,train
ID_I3VUBNXD,train
ID_NKET1PVN,train
ID_TD09ZR6R,train
ID_BVJ3KFDK,train
ID_E1J6RDJS,train
ID_SAI9I6IS,train
ID_R62PRZVX,train
ID_P9A062V5,train
ID_36TODISS,train
ID_NFFI0O1E,train
ID_T9CZINEU,train
ID_4T8CTNQC,train
ID_YDH4VR7F,train
ID_8NTK529J,train
ID_ZCYUOJ3X,train
ID_YY5DTOZB,train
ID_XX8RNC02,train
ID_S6Z0XPE5,train
ID_NA16ISDV,train
ID_YC9056P5,train
ID_4T7XQFG4,train
ID_X3TWY3DG,train
ID_HU6BL95R,train
ID_29UZ3IW7,train
ID_HXCBCXZX,train
ID_VIPC6NFI,train
ID_S3049659,train
ID_UF4JW2OR,train
ID_SFAUZAK4,train
ID_SIQU8VHK,train
ID_ZMRI0AO3,train
ID_AGD5ZDCN,train
ID_II8CIQVO,train
ID_FRWEO52C,train
ID_NJ1B42L4,train
ID_HVIDCAOW,train
ID_3VBXCAVU,train
ID_11DV6434,train
ID_4RUYA7HJ,train
ID_BRNC3K9Z,train
ID_1QUHNZVP,train
ID_YZWIXJT2,train
ID_AZWIY5EL,train
ID_9MP1TQIY,train
ID_8YRGNWEM,train
ID_PLTG046T,train
ID_JYXM5L3T,train
ID_PB3MJ2ZG,train
ID_8XVAXY79,train
ID_WKIVO182,train
ID_2ZEEDMP4,train
ID_2CD1EVON,train
ID_ZY38T0T3,train
ID_VDR44DZ7,train
ID_VG4GZ2XZ,train
ID_5QYVNZFP,train
ID_0JRRFLQ3,train
ID_41CMFOSE,train
ID_HTX67DSQ,train
ID_0XK8FIU7,train
ID_ZDGQ1C7T,train
ID_29P1NOUP,train
ID_PGNNR263,train
ID_8SWRZDH9,train
ID_LUWZT1EQ,train
ID_QCZJ94LQ,train
ID_QGHCABUK,train
ID_HVES4VUR,train
ID_91NZ97KB,train
ID_LO8NRGD6,train
ID_TZBFLUQ7,train
ID_AGXJP4H5,train
ID_8WYVS9HR,train
ID_LJ3TL85M,train
ID_27UQJ7ZN,train
ID_2T6BXN1H,train
ID_564Y9XDP,train
ID_HHRICY9A,train
ID_NEP5666J,train
ID_VAIGA6SJ,train
ID_XRW4KZPG,train
ID_T0QTL02W,train
ID_ZVHYJR8F,train
ID_RI48IBJX,train
ID_MW13COIZ,train
ID_9C5SV6MP,train
ID_0CQB48K0,train
ID_OFIBZJV1,train
ID_90V6IMZ9,train
ID_XDR4S5VQ,train
ID_QUP088IC,train
ID_FM2N6BKC,train
ID_XJL3P4F8,train
ID_ZRN6RHJH,train
ID_KYZ2KD34,train
ID_U15995AI,train
ID_U7XNWATG,train
ID_EPC9JYRP,train
ID_H70T4TBX,train
ID_7III3GF2,train
ID_GO4KSULN,train
ID_1G5GTZL9,train
ID_VC019KNZ,train
ID_98F1KZVE,train
ID_6IAALZWJ,train
ID_UXPQWPVF,train
ID_R5PWSBSA,train
ID_S7FP9QVE,train
ID_7AZCITDU,train
ID_9H3IVRHE,train
ID_R4AOQJMY,train
ID_6Q60VFMC,train
ID_YEMES3YG,train
ID_IU89SGOU,train
ID_5LSWR9I5,train
ID_L8XK9XDP,train
ID_OYT08T8C,train
ID_BESSKML6,train
ID_NEKM7F4E,train
ID_BA11V2MY,train
ID_0M7KPA26,train
ID_PS5PVDUR,train
ID_CYIY53D4,train
ID_1G86XQRR,train
ID_YIM39NC6,train
ID_TWVA5VAR,train
ID_DDHI3IP7,train
ID_W8IP5GHK,train
ID_S9MLTY58,train
ID_CMD03ANJ,train
ID_3ID0Y6Z6,train
ID_4L4W63JG,train
ID_7ES6SNUM,train
ID_6SU3HOJK,train
ID_AP14ODLM,train
ID_57991G5B,train
ID_0H3KHKRV,train
ID_WB5OD6JB,train
ID_YPMVI2SC,train
ID_0TMY513T,train
ID_QJYQ0NLM,train
ID_8076CNSB,train
ID_CZAQ7GCF,train
ID_LJ9AEKG1,train
ID_DWGFPHND,train
ID_6MSDH7YR,train
ID_5YK5MS1R,train
ID_BB5C8EJN,train
ID_IPH3FOGZ,train
ID_FS6YMOJQ,train
ID_1LN4TGU2,train
ID_4KN4WI7E,train
ID_VBO91LQE,train
ID_WRN0IGIN,train
ID_FLNNBO0L,train
ID_3OCRGGT3,train
ID_FO8RCCJL,train
ID_W0DA2B7M,train
ID_NVCGROSN,train
ID_PM2Z26JI,train
ID_9FEVVIKP,train
ID_SNELEHNP,train
ID_0IOI9P3K,train
ID_I2A5LWVP,train
ID_C0DN352Z,train
ID_WO70I4X8,train
ID_6EQZBJ92,train
ID_T3ASIMVT,train
ID_GJYFO2GI,train
ID_GVG1N2YZ,train
ID_M3IC5XI2,train
ID_QGMGC728,train
ID_FTCH5FGH,train
ID_II50HYWF,train
ID_6NOY2FW3,train
ID_45ZAYD8Z,train
ID_PV5QG9LV,train
ID_VEQ749AV,train
ID_KIKD91ZJ,train
ID_744LKD6S,train
ID_AKNCV6JU,train
ID_I49JXXHL,train
ID_ZZ048ZAL,train
ID_YZL5L4J6,train
ID_YBRP2G45,train
ID_8PT81A0B,train
ID_NUB2SGFI,train
ID_9LU02VNK,train
ID_EVO47BH6,train
ID_EAJZ2KD0,train
ID_MNR6EQ7X,train
ID_CASHRODF,train
ID_42LPYGYO,train
ID_WCJI4WZL,train
ID_UQL5G7OJ,train
ID_6BJEZWX0,train
ID_KH7EEKMH,train
ID_4XP1M2Q2,train
ID_5ZPP6CB3,train
ID_HHX0BO32,train
ID_OARF0067,train
ID_NDZENUQX,train
ID_CBOK1D9I,train
ID_2MMPDN5U,train
ID_VLXWI6R2,train
ID_V9TNG0O2,train
ID_CM7JP3QF,train
ID_R1Y6CFQW,train
ID_512HTA5Z,train
ID_A8XFS3BF,train
ID_MLVMDTEL,train
ID_CX4M40DP,train
ID_BCLP7TV0,train
ID_66N2XY86,train
ID_WWFX4HLU,train
ID_VXEMG51F,train
ID_XPVQPDKN,train
ID_GFQYYTU6,train
ID_I0ZZ84V9,train
ID_F74JPI1S,train
ID_RQ3KTN48,train
ID_3NEA4K0A,train
ID_POED3B2L,train
ID_E4OWGQFS,train
ID_YSWFFHOS,train
ID_RI0WQ6V1,train
ID_G1QH0TVU,train
ID_LTJJRHSZ,train
ID_UDTCDZEO,train
ID_NTXP5QSM,train
ID_6JZ7UMKQ,train
ID_RW8A69J1,train
ID_OK3LSOLR,train
ID_BG8WSIWH,train
ID_AWM4ZCZA,train
ID_HNWMLZDN,train
ID_X6TIG35B,train
ID_FY4FLWJV,train
ID_1BVUY2OS,train
ID_JJLBK7RB,train
ID_D1OQI4W4,train
ID_UEOB23DR,train
ID_2MWLQRAP,train
ID_CC3SUERC,train
ID_BN75RC2O,train
ID_M3MLQ8N8,train
ID_6ZH7W8X0,train
ID_M19FB4BO,train
ID_1HWDNZAI,train
ID_TRR4FUU9,train
ID_WX0HVRVF,train
ID_3GQ49NJL,train
ID_N92OHT7Y,train
ID_NXNNFLAV,train
ID_8IGJCFQH,train
ID_5JVNWQ40,train
ID_E4QM6SXR,train
ID_222ZL6CS,train
ID_KIGIPZTL,train
ID_929U7FVZ,train
ID_QWUM9RFD,train
ID_Z9GRW72I,train
ID_FYH94CTX,train
ID_ZC0ZRB6G,train
ID_3ALYOC5J,train
ID_62FERQW5,train
ID_SGOC9727,train
ID_PONVJZTD,train
ID_BLBKDFRM,train
ID_FA8QCD92,train
ID_3KPTG2DK,train
ID_CA4SLY63,train
ID_FMFTRFD2,train
ID_XGKHI3ZE,train
ID_LOAVMSW9,train
ID_RP78VMWG,train
ID_BTCNC3HD,train
ID_Q09B5NWA,train
ID_64JO9LMJ,train
ID_MRLS2PNA,train
ID_TB1HIXG2,train
ID_HHMYSZ31,train
ID_L71M6S2L,train
ID_9DE9OMZY,train
ID_7EKMS1SS,train
ID_XF0L0XQT,train
ID_Y4Z06958,train
ID_MTRWZZRZ,train
ID_DV3SMY8U,train
ID_6974NANU,train
ID_Y3OWIHCJ,train
ID_EGGMZ1AU,train
ID_JZOSBF3K,train
ID_685W94XL,train
ID_VV28S0ZB,train
ID_4L9RNN4Q,train
ID_MPEWHZQJ,train
ID_SBR0A4BN,train
ID_4PWZCWE5,train
ID_E6GW35U7,train
ID_4D7S6MMD,train
ID_0IQ1BMID,train
ID_CWBO4UJV,train
ID_00H9579G,train
ID_Z09ZB54O,train
ID_4GCTHNG8,train
ID_PD9A1ALU,train
ID_G8J78OXF,train
ID_SB16DSJB,train
ID_U2HKZ3PU,train
ID_PQ2W79FW,train
ID_1WWTGWOD,train
ID_SSP8NO4D,train
ID_V2QJ0VJI,train
ID_YXXEYNTK,train
ID_MCJ4IGOR,train
ID_LO552UFV,train
ID_0WI80UEN,train
ID_Y786I3YL,train
ID_YXZVAO8H,train
ID_K37I4IW9,train
ID_AQUJUHZG,train
ID_3AAMFQ6P,train
ID_2PWVWXDX,train
ID_IH1WR5GW,train
ID_5CBK4HJ0,train
ID_MBZ8LR10,train
ID_JIIGVL93,train
ID_8QR227QA,train
ID_K8HJIWWG,train
ID_MC34AZWR,train
ID_H2B856UC,train
ID_0AD3NBMS,train
ID_AM2RF7YD,train
ID_KG4JC1GA,train
ID_SLFJRDCK,train
ID_ZU75926D,train
ID_WBV2DCRU,train
ID_4JQ4KA2W,train
ID_1K0EBOAD,train
ID_CG5BT6UM,train
ID_Y3X5S4XP,train
ID_0P070S9X,train
ID_SRPUICM7,train
ID_IXHMJ2EM,train
ID_GO8NWHGS,train
ID_99NKU6WK,train
ID_M2EZKQLF,train
ID_8SAYLX8P,train
ID_LQFR02NO,train
ID_EPJURR3O,train
ID_QSRTU855,train
ID_FUT0HT6E,train
ID_10NJ9FTJ,train
ID_8D5P6CD7,train
ID_2ZR7VAB2,train
ID_5QYL66YW,train
ID_TVKB6AKI,train
ID_5ZNKOSJG,train
ID_0DZ6UJNK,train
ID_L2THBU4U,train
ID_LQ7I67K8,train
ID_JSFXKGUV,train
ID_KHS9XHFV,train
ID_UTJQ8MA9,train
ID_TLP0S59B,train
ID_26PMWD78,train
ID_GJQIAKEU,train
ID_BZ49W567,train
ID_9GGLNVGT,train
ID_0YOHMRCG,train
ID_OWH61LQ1,train
ID_O9LAT8Q5,train
ID_9P0DIY25,train
ID_18K75Z5R,train
ID_VUK888QY,train
ID_UHS0NG0Q,train
ID_XILVRK2S,train
ID_3D75P56A,train
ID_BLTE4ZB8,train
ID_8XSNS155,train
ID_8T0TPAFL,train
ID_P0EOQXFS,train
ID_SY0MNV5X,train
ID_I37028JS,train
ID_D6SOAFIQ,train
ID_US70U8K7,train
ID_GLKSZ1O3,train
ID_W8DR6EU7,train
ID_72C4GQEX,train
ID_KRT1OJAP,train
ID_F4BO8F7Z,train
ID_8VA3J5RX,train
ID_L60BU2L0,train
ID_CZTZ9W4H,train
ID_G1F94D8H,train
ID_T42GJYO2,train
ID_KDMMRTFH,train
ID_DMTIVSC7,train
ID_XRCSMVAJ,train
ID_LD7J2504,train
ID_I4XKYINI,train
ID_ONGMHUVU,train
ID_EHO9670F,train
ID_YC3IHEU3,train
ID_SUY7MAK7,train
ID_A9ZQXIWV,train
ID_3L0YZJGD,train
ID_N4R6UQGI,train
ID_LXQZ6IHC,train
ID_7LWELIAI,train
ID_LDYZHMNJ,train
ID_MLASXTU9,train
ID_BJRGWMRT,train
ID_9LG7WB5W,train
ID_FGPUOAO7,train
ID_DPFP1HJK,train
ID_GSWJ62TS,train
ID_P9B12JR7,train
ID_LI4PW1CN,train
ID_WGGLP12N,train
ID_F64ELPTN,train
ID_Q85QT2BH,train
ID_7869D2R0,train
ID_M4F1ALE2,train
ID_M9TQD29M,train
ID_JEGDW3N8,train
ID_O6884389,train
ID_HY1LQV85,train
ID_4FFQGODI,train
ID_PMXQWWQF,train
ID_9FAFO6RR,train
ID_0EKBVVPI,train
ID_CISQO825,train
ID_ZPW10GUS,train
ID_TFR31R4Q,train
ID_AMKSA2GE,train
ID_KD7MJ46M,train
ID_I3XSHWPT,train
ID_ZNCIZESP,train
ID_K9RCXMYA,train
ID_TLE8X7PK,train
ID_XZTWS85R,train
ID_84DWXXAR,train
ID_7D46HBNK,train
ID_W9I9QZFW,train
ID_38EDDXJB,train
ID_3IQLY0Y2,train
ID_KL4AC3I0,train
ID_OHVVHPBW,train
ID_GH9HIXAH,train
ID_0WKJ322D,train
ID_U80D4FSC,train
ID_2TW1G4B1,train
ID_HOSQRRYV,train
ID_NFZQJCKS,train
ID_KR5R40OR,train
ID_N8UP7V5I,train
ID_IOQCG9XU,train
ID_FDKXO7MQ,train
ID_2KO6WGCA,train
ID_BV3YLCBP,train
ID_RP1OJRGT,train
ID_LFVTPY2W,train
ID_LEY7488C,train
ID_2ZAOLQEJ,train
ID_4R09TLGK,train
ID_0SPE7WY4,train
ID_4KU0C1PY,train
ID_GN0GRX7L,train
ID_L423V78G,train
ID_X69MB0HG,train
ID_UMTXEW4K,train
ID_EBE8ADKO,train
ID_G6H9TT8B,train
ID_8AI4PR0H,train
ID_0JHBZK2E,train
ID_JB1I5260,train
ID_V2T7CJQR,train
ID_AI488Q92,train
ID_8B8RNU9E,train
ID_IJRXAO5L,train
ID_WPUSZT8L,train
ID_7N34B73K,train
ID_4LWBRCAT,train
ID_F56RYJX9,train
ID_XFCKVJOF,train
ID_IU9K13TC,train
ID_5W9UA3GO,train
ID_KC2LZZLO,train
ID_0OISM5B5,train
ID_MUGUAGHK,train
ID_WIQOR9YO,train
ID_M4RNA8FB,train
ID_40MR3Y8U,train
ID_Z752B61X,train
ID_UX5F2VEC,train
ID_05R0M23P,train
ID_E2DKOPR9,train
ID_4NSPTG5V,train
ID_22E4KIT5,train
ID_USQ59ROV,train
ID_1RVW3UCT,train
ID_KYQML0YG,train
ID_EJDPV50V,train
ID_NA6T85M0,train
ID_D1O6MG5Q,train
ID_MC49BI1P,train
ID_WZI78ENV,train
ID_IMJD7TKH,train
ID_O6KDZ71M,train
ID_CWF2OW0R,train
ID_Q9PX4K3D,train
ID_FHLQHC98,train
ID_2OBC3YV8,train
ID_8F8KCST4,train
ID_HFY075HB,train
ID_1CZE3MZJ,train
ID_78BG0P18,train
ID_W4FJTQPY,train
ID_2NQHNPSH,train
ID_TC1PX2G8,train
ID_K08K1ZKV,train
ID_8IE67J6W,train
ID_K58JTBO7,train
ID_D0R57KLS,train
ID_2UPGPTRM,train
ID_UYH07D1B,train
ID_KU30VLRI,train
ID_U0C3JEJO,train
ID_9VU6HLHA,train
ID_0LY5OVXF,train
ID_4JBB1ZIJ,train
ID_XMQMH2WL,train
ID_5SWCID7S,train
ID_X6GIDH77,train
ID_1IB219OR,train
ID_23XMCNYH,train
ID_9FTNZWI8,train
ID_239ZN009,train
ID_9J5J7SS1,train
ID_I73UKTCX,train
ID_96ZML14O,train
ID_XND8JEXZ,train
ID_ASTXNJII,train
ID_RP4WAYQF,train
ID_Q852H5AT,train
ID_V2JP7AXF,train
ID_G2R51MEB,train
ID_6RXB88RV,train
ID_D8IPPD3V,train
ID_RRL7CGBQ,train
ID_09LRZ9Q1,train
ID_QJRMMV99,train
ID_XEWF8TSR,train
ID_BQVSF8NM,train
ID_MBB13WJB,train
ID_7T7UE4UE,train
ID_IX8TQROQ,train
ID_78XK3R8Y,train
ID_MCN2VQQ7,train
ID_WJ8V6XAT,train
ID_BSQJK8NU,train
ID_B4SNHJTN,train
ID_WC1WTWON,train
ID_R8S90OX4,train
ID_21KRO37P,train
ID_HR05KHH4,train
ID_8RSDDMMJ,train
ID_O0MMH7NW,train
ID_ABJZVHCE,train
ID_E18FT4N7,train
ID_494MU371,train
ID_5AOF794H,train
ID_X8EGG831,train
ID_A6WWYE4K,train
ID_CUEZX2XJ,train
ID_O05TEEE6,train
ID_WZPKI4GQ,train
ID_6I5FTW8E,train
ID_6K6M2MQZ,train
ID_X3ALV48C,train
ID_F7BS06BA,train
ID_YKER0TXU,train
ID_PEWXB4MN,train
ID_8SV4XUA2,train
ID_61HQ3HYL,train
ID_TTH1S79F,train
ID_RZHGC64V,train
ID_YWMMX1FC,train
ID_JZ9M0D5Q,train
ID_ET3TO4IZ,train
ID_6BCBZXRO,train
ID_MKVKD0MB,train
ID_27DH7SGA,train
ID_7VE6VGGC,train
ID_GJGUHRCU,train
ID_2XHVW3I7,train
ID_U6KKTO0S,train
ID_1EXGEU7F,train
ID_78SULE8Y,train
ID_D8WMTNMM,train
ID_ITFA200G,train
ID_U0F0XJWK,train
ID_9U2AIWO6,train
ID_08952VE1,train
ID_TQGF1JSE,train
ID_SHXOYE3I,train
ID_MTKKZ3OK,train
ID_QAR3IC09,train
ID_QQJGXRLQ,train
ID_OAPJHQJZ,train
ID_IZPB99KB,train
ID_2WMKLW7N,train
ID_VX3OFVSW,train
ID_E7NSYKB5,train
ID_P8G6V9HU,train
ID_P5T2HTTO,train
ID_X8GOV9RH,train
ID_FLB3VGJV,train
ID_2TAMPOBI,train
ID_TGZG0DO0,train
ID_OKWDGIZU,train
ID_9BZPYST3,train
ID_2T7N5Z5L,train
ID_FVG71HCX,train
ID_5UZQ6WJP,train
ID_L3MFUUMV,train
ID_KCWBY2YT,train
ID_GRMOU3AY,train
ID_HYTD2ZL5,train
ID_JZAVLERA,train
ID_E6UY20EX,train
ID_6M91FGDJ,train
ID_Y3MDT2EX,train
ID_STD3NQM2,train
ID_3SRW8IWB,train
ID_1NM8CEPZ,train
ID_KMW7PM7S,train
ID_2BZC94VB,train
ID_N1KLJ071,train
ID_ED3MM6HM,train
ID_BF4ZF4CM,train
ID_PMIWUJTW,train
ID_S0Q6U4PE,train
ID_QAMWSX2R,train
ID_52AUMY54,train
ID_U3CN23XX,train
ID_JJ2TACLR,train
ID_MBQL0TMY,train
ID_5MQ035PZ,train
ID_Y7BZ5HXI,train
ID_47W58IIB,train
ID_BWWOTXDW,train
ID_62S3QJ2M,train
ID_YFAYBAMJ,train
ID_73169SNJ,train
ID_ENQ6ITRQ,train
ID_E9AHZ71I,train
ID_86O0SLVJ,train
ID_UDK4X5VB,train
ID_N9OGGDUJ,train
ID_L8TM2HKT,train
ID_PSMNDKFA,train
ID_B33J6I1S,train
ID_032RDQ8C,train
ID_64TYFLGD,train
ID_ZG0H16LP,train
ID_FW4DQJBB,train
ID_KASKO952,train
ID_6N7I5O4J,train
ID_DE5O8NMG,train
ID_D6WZHBNR,train
ID_ZBKDSL4U,train
ID_ZM644VWD,train
ID_ZN83HJDE,train
ID_X2IRX593,train
ID_7M997ZD9,train
ID_NTCI939Z,train
ID_XSOHIA3L,train
ID_LFS3N2W9,train
ID_O3TGOXUJ,train
ID_PW0A94IZ,train
ID_E7BGVESP,train
ID_6QS6PTSE,train
ID_4P3VR543,train
ID_XYFWWOXO,train
ID_UNGJM6T5,train
ID_8KHZRBFL,train
ID_LF8JC66B,train
ID_OQVS85LY,train
ID_2640L473,train
ID_73Y502TL,train
ID_CCVEQR3T,train
ID_1OPNPBQE,train
ID_JSYBVJVX,train
ID_2CVQVN8I,train
ID_CHKIQ1A4,train
ID_5UA1XE4D,train
ID_N6NC63QB,train
ID_K8594ZFK,train
ID_6EV6FMHK,train
ID_U29EVJW7,train
ID_0PF3AO98,train
ID_2G62UYJU,train
ID_9ZWLTQ04,train
ID_VJ58COLN,train
ID_9ZHORVM9,train
ID_70TIDH56,train
ID_18OOLY2D,train
ID_JQ00M39P,train
ID_O7CBQUJG,train
ID_B7BAJ28G,train
ID_0VGBW2KT,train
ID_DDO0IB0F,train
ID_WDE3PEIE,train
ID_UOPLKK85,train
ID_XGUJK3YG,train
ID_3Y1OMOV3,train
ID_6XUE28KQ,train
ID_LR4YZPGT,train
ID_46BA8VW8,train
ID_6QA0XF30,train
ID_6T3BIWT9,train
ID_MZNCRVBJ,train
ID_K3KBG79J,train
ID_5PHXIOZ8,train
ID_2YPPFPR9,train
ID_4UTI0XQS,train
ID_YIJVJCTF,train
ID_JTYGRI69,train
ID_UC23NGNH,train
ID_6AQI9AZE,train
ID_OUZ3I1RL,train
ID_U8IBMNSK,train
ID_JNV9WB12,train
ID_OCIS7BL3,train
ID_5961O4OP,train
ID_UW9R9ZN5,train
ID_KUFO47FG,train
ID_LUR4WGFG,train
ID_NWRT02H5,train
ID_X4QA321R,train
ID_S5858YEM,train
ID_ASHG6URQ,train
ID_J4VPWTDU,train
ID_VGM22121,train
ID_RTPHAQ4T,train
ID_F0G7VDGR,train
ID_YF7ZZ6EN,train
ID_H1ENC22O,train
ID_QMI4F2OP,train
ID_TR5ABJG9,train
ID_QJY9TG31,train
ID_OCPLNNPW,train
ID_YJDA86PF,train
ID_4VDC4ZFE,train
ID_33INP1ZS,train
ID_L4RCP32V,train
ID_IJ782Q6C,train
ID_QZ5AE8C2,train
ID_5V52J8ON,train
ID_QSL869FJ,train
ID_T3QMJ40M,train
ID_FH3DW5YH,train
ID_SZGNMKCU,train
ID_U6RF6M9I,train
ID_Z2XC2NOG,train
ID_SZG6C0TS,train
ID_MGTRS4A2,train
ID_BEF1MA0Y,train
ID_YWLS8DQG,train
ID_BTUBGRHB,train
ID_47R1IOTX,train
ID_WEIM2O3P,train
ID_1K2CKAYI,train
ID_UP9WV0C3,train
ID_68NSQIET,train
ID_K13DMCY6,train
ID_JIAURDBV,train
ID_Y0AHQL8A,train
ID_U64AQB7K,train
ID_O0YTHBZ7,train
ID_7NA93RO6,train
ID_I83VHLQM,train
ID_MV2I97TF,train
ID_FPB0TFCZ,train
ID_SZX7TWWR,val
ID_0KWH5GBF,val
ID_9BIT26S6,val
ID_G02JF68C,val
ID_VJFUHZFL,val
ID_LWNS7OZI,val
ID_XI7VU38J,val
ID_JM1IPWCK,val
ID_RHRBXE7Y,val
ID_0JAK8QSJ,val
ID_G86OVIFH,val
ID_PLG2WTEF,val
ID_F5F2R2K9,val
ID_3FAW9DWG,val
ID_1D9GFZNC,val
ID_S7PHJI4B,val
ID_HH9IJOBQ,val
ID_41I3WC51,val
ID_4L9Y3ZP0,val
ID_ZRFP80ZB,val
ID_B65D5QA5,val
ID_I81L5QUV,val
ID_1AM9CCB2,val
ID_S8G87YZV,val
ID_IUXR1QP9,val
ID_012DCRJD,val
ID_0M6KOCVW,val
ID_7P3ICMDH,val
ID_OQLT1MYQ,val
ID_72SXUKQG,val
ID_11N9QNHH,val
ID_7KHUL02P,val
ID_0L4OX1D9,val
ID_NZLDD32R,val
ID_3YW9GO4T,val
ID_JT2G64N2,val
ID_O7GQ1ZE0,val
ID_YV9C1C9Z,val
ID_Y2YNH9ZV,val
ID_WVC54AUD,val
ID_DB23N1BC,val
ID_94168RRH,val
ID_QWEOYQC1,val
ID_6PW7WL6H,val
ID_VJXAA21C,val
ID_52SV4OOT,val
ID_Y8Z3DLVE,val
ID_JAQWDKP0,val
ID_C96DI7D4,val
ID_WP1YM88D,val
ID_4I205WZB,val
ID_A8K7VK46,val
ID_GDQXKGEK,val
ID_57T4IOCW,val
ID_I4O8EBNF,val
ID_1G5D6V64,val
ID_8K79EUGH,val
ID_QEI23TV2,val
ID_T422K0HV,val
ID_UF4VSRFL,val
ID_KGAIN90R,val
ID_FINYIO2G,val
ID_Q15MQR3R,val
ID_DMURNVDA,val
ID_NVLTX5X6,val
ID_K0ZI6Z68,val
ID_MYR5MEV4,val
ID_MNQGI1D2,val
ID_Z6ZGWFD3,val
ID_HE7NFGMM,val
ID_O19KXAUA,val
ID_VRHZJO7O,val
ID_ZREZGTWN,val
ID_DC74QYMX,val
ID_XSM0B82N,val
ID_MHZIQSGS,val
ID_56AMKRAZ,val
ID_RXL6E24J,val
ID_CYT9VSAK,val
ID_JDOFG5PX,val
ID_ZLAIST0I,val
ID_4F39NITJ,val
ID_9HT7LS2F,val
ID_VN1H3VHV,val
ID_QBDAQRTE,val
ID_41JC26F6,val
ID_0YYFQM02,val
ID_UGR7XD89,val
ID_OMAWN57F,val
ID_H5BPE8NA,val
ID_VYG40C3T,val
ID_OU511TCO,val
ID_FVYO7P7C,val
ID_9HFZPAIP,val
ID_8ICD5JN0,val
ID_Q07WGNGQ,val
ID_FIPOBJFN,val
ID_MERD5ZZ2,val
ID_L0NP8XAE,val
ID_TZ9ZJPBJ,val
ID_PVEHUNVP,val
ID_GSDG765Z,val
ID_3SUL0C9E,val
ID_5KV7CLIP,val
ID_LROZCKOY,val
ID_CBLT1HJ5,val
ID_JDEF6BW9,val
ID_TY4AI6G8,val
ID_ND805YUN,val
ID_LYIUKYDF,val
ID_F3GTVLVE,val
ID_XVSWEIT9,val
ID_TTZ6QOMW,val
ID_3T7EUP8Y,val
ID_BINYYGJT,val
ID_ZU9PKO5V,val
ID_6IQDLPOJ,val
ID_MOCKAOMJ,val
ID_8AWALT3R,val
ID_AMRM3B3C,val
ID_GJB51Q0B,val
ID_BYS11I86,val
ID_RE6ZJB5W,val
ID_5UV3SUHR,val
ID_VF657XKI,val
ID_NZWCFZ6M,val
ID_4KS4JF5O,val
ID_6A5D6N7C,val
ID_ZW6USE1K,val
ID_Z2X5K0DL,val
ID_K6D2AR3Y,val
ID_PGQMU3HY,val
ID_4JXHK9W1,val
ID_33D2O1N9,val
ID_WX7QVTYB,val
ID_332LZ7HE,val
ID_B161QLZK,val
ID_9UYMZM6T,val
ID_I1DK5QAL,val
ID_P3FKIAVF,val
ID_Y24G46E2,val
ID_2YXTT1M4,val
ID_EJ71514U,val
ID_1GFLIVLI,val
ID_W5DH19CW,val
ID_SK8BVFHW,val
ID_WXOLYZ61,val
ID_T6NG8NTS,val
ID_DOP1EP88,val
ID_X3T5CL7R,val
ID_E2FH9PPK,val
ID_71WC8JX7,val
ID_N4EFLMG1,val
ID_I08NZ6PV,val
ID_9P0TYO9X,val
ID_4C76YGG2,val
ID_22H12ZOC,val
ID_1B61ZQ1W,val
ID_AYXMADC6,val
ID_SQNRPQCB,val
ID_FUH4UO9X,val
ID_8U0KH3SL,val
ID_MBIQFLKU,val
ID_CQ6CBGP0,val
ID_DKKFJXZE,val
ID_4NJSRA0W,val
ID_LZA20A8Z,val
ID_H2KJI683,val
ID_3U7BSJ02,val
ID_7SSOOI8K,val
ID_KR80NCXR,val
ID_V0LJHBSI,val
ID_5GS4Q6SN,val
ID_8QV5S538,val
ID_DLR91C5R,val
ID_1H7VN0G7,val
ID_OVRQXQG5,val
ID_KSM7ZSBL,val
ID_I5YN0K26,val
ID_GQMFIXBK,val
ID_I1MRDSQV,val
ID_OMPFFU2M,val
ID_7Y6WMUEO,val
ID_521DNRYR,val
ID_EKYHUGYN,val
ID_AXEA4AS9,val
ID_NJWP71EU,val
ID_O811KR2N,val
ID_IIIPEL7Z,val
ID_46UV5GRQ,val
ID_174WRUUQ,val
ID_RI3LV16T,val
ID_I2AF3TE3,val
ID_F2YSYRTN,val
ID_AHAVB9W8,val
ID_FYF1AJIV,val
ID_RXZDPLQO,val
ID_F7X938QG,val
ID_XXEVHHAV,val
ID_37O8GVR8,val
ID_15M0HRFL,val
ID_Q8WT9W83,val
ID_ZO43GR59,val
ID_QKGD35FI,val
ID_YVC4CCKP,val
ID_B3MNPKU0,val
ID_U8A2NXSH,val
ID_SVEON8P5,val
ID_SUQK0FN6,val
ID_AQ9LO6XV,val
ID_64JZEN41,val
ID_YR6KNDFG,val
ID_X7YND8GA,val
ID_293MZAQ8,val
ID_37RJCTX5,val
ID_8MGJPYZF,val
ID_ZPPNB7D0,val
ID_4072OM79,val
ID_CCXN4Z9P,val
ID_EKIQM0TV,val
ID_UWN3OD7F,val
ID_RCENTZ60,val
ID_QJ7QM9R9,val
ID_YMLMYA1J,val
ID_CCAVDN5J,val
ID_VE36N20Q,val
ID_WOG8FPHK,val
ID_NCHHSQYX,val
ID_96NQBUA0,val
ID_JM2IZIUJ,val
ID_E4DZ5HL8,val
ID_YBN2K8V1,val
ID_SUUDCJ32,val
ID_BR22BHS3,val
ID_LRRPLIWZ,val
ID_7SCCGVRA,val
ID_XQJMLQ04,val
ID_DCG23F3M,val
ID_B2HI206N,val
ID_M75ZB53U,val
ID_41VTW9UL,val
ID_58GLPZDS,val
ID_4EWOQOFY,val
ID_M9DIFAQH,val
ID_6JE7RF4K,val
ID_AOC224XO,val
ID_EETPYAB8,val
ID_V45PQSXQ,val
ID_BAA8W01E,val
ID_C60CFHTP,val
ID_HA7DDEBA,val
ID_AWI9IWC2,val
ID_HP9ZJUM6,val
ID_LFCLKUQN,val
ID_HOLAY2OE,val
ID_42M3UMK5,val
ID_LJX77X76,val
ID_ALDCMDEF,val
ID_7ZSKJOH4,val
ID_YGIJHK6E,val
ID_0TFZNI5U,val
ID_O32JX4BO,val
ID_M1U4FU2J,val
ID_UQ9RRKZQ,val
ID_GKYJK100,val
ID_PF6P5FZP,val
ID_75HHUWXJ,val
ID_CJ4DEXMH,val
ID_P6OAYAN1,val
ID_IRBLWYUW,val
ID_FFBVEE1Y,val
ID_BCXUHWX9,val
ID_YYZ57WHR,val
ID_0PBPL0G1,val
ID_PTLL03EH,val
ID_6T0KNQEX,val
ID_CK7BS5RE,val
ID_N8O7PGNH,val
ID_HHJ5QM4S,val
ID_NAGK8ZH9,val
ID_3WGZULAA,val
ID_L07IDMEK,val
ID_CTV10N3Y,val
ID_RG84URX6,val
ID_E5H8GLHX,val
ID_Z7ROUE0U,val
ID_O9T4WJH0,val
ID_UZMT8A2D,val
ID_T7RIBY9L,val
ID_K087MAEY,val
ID_NWQJ4PLA,val
ID_P2G0DV2I,val
ID_8Y94RAWY,val
ID_I8NF5801,val
ID_EDLR9WIE,val
ID_TC2NKQR1,val
ID_97N51MS8,val
ID_5LJGRVR5,val
ID_E9W7W2WQ,val
ID_PJYIFVES,val
ID_CKBQSRSX,val
ID_NDTWJ9KT,val
ID_WAQLT9PD,val
ID_E4A8YUKV,val
ID_WMT6SQYN,val
ID_HKMHONZJ,val
ID_ASTX3DX3,val
ID_M6YY4LNI,val
ID_34OQX1VV,val
ID_4U3A6XOU,val
ID_CJ128CK6,val
ID_0J460O17,val
ID_PC2Q7EKU,val
ID_JX3MZYPV,val
ID_48MDMMDV,val
ID_67LULGL0,val
ID_ZBH7XX83,val
ID_ITLHVYUB,val
ID_ITX15LP9,val
ID_5EF7G9E3,val
ID_417DCX6X,val
ID_0PMVKWX4,val
ID_TNNCJBFL,val
ID_QY7QSKRK,val
ID_DPJ1HBAT,val
ID_16G91JHG,val
ID_56J1DY3X,val
ID_0DE88GZ4,val
ID_AS8HM87A,val
ID_BYVG0DIR,val
ID_Z11XFDJC,val
ID_6HYN9YL5,val
ID_Y5NAFYH5,val
ID_64QT2ZZE,val
ID_IFM43DXR,val
ID_AKI2W1MS,val
ID_LUS2R5L4,val
ID_5AI1OVEX,val
ID_ZBQ5CG60,val
ID_EG2AVRKC,val
ID_PLO4004K,val
ID_9HH8WN4L,val
ID_6MRWMAR4,val
ID_IPC98JYB,val
ID_PVTWKCHU,val
ID_0E2BB681,val
ID_YQ6WYQW8,val
ID_FRU73I14,val
ID_ORLI3V92,val
ID_67MZ2COQ,val
ID_B8UDDPG9,val
ID_DZATU2D0,val
ID_N1WSCS9X,val
ID_1SHUHPT9,val
ID_K22KALHI,val
ID_CXYZ10VL,val
ID_XFH0MXTC,val
ID_DWDEOWIF,val
ID_3YDNMDNP,val
ID_P7H20VUD,val
ID_MJRDUNHK,val
ID_D3R4V3VE,val
ID_5514QXZ1,val
ID_WE1OT3TJ,val
ID_KPC6HP9P,val
ID_G7AL7Y1X,val
ID_WVW28F54,val
ID_OAX6PRR2,val
ID_WDMLCBGD,val
ID_D7OO3W9I,val
ID_DGPB7QQ7,val
ID_U9IJ61FS,val
ID_JJYSCB93,val
ID_Y79UFS21,val
ID_NWYA4UGX,val
ID_VJ8ULKTW,val
ID_PQX7REZO,val
ID_ECZ64AXO,val
ID_M0Z0XVZY,val
ID_SRQRI0PN,val
ID_IQS0LW98,val
ID_5R3NEZ6E,val
ID_V1FEDAOA,val
ID_NFXGZD6Y,val
ID_TVMZVA7I,val
ID_NYUBHMYV,val
ID_S466JUPQ,val
ID_3CSIXEJN,val
ID_MAMF9UO8,val
ID_N3CAZ6ZL,val
ID_PD61B2Y0,val
ID_6GKCIOBK,val
ID_D5XBNWRU,val
ID_37OVPPSQ,val
ID_MCNPJ1BB,val
ID_U53RYT6M,val
ID_BFMNG7KV,val
ID_XR3W588Z,val
ID_DAZ5T5E4,val
ID_O3XM1GUV,val
ID_KE0XJN2B,val
ID_1KM9BW0R,val
ID_VGNKTGQM,val
ID_PLTJDJGZ,val
ID_L3VOQ1S8,val
ID_A41C9ZG4,val
ID_09DX2Q7T,val
ID_P8ZEQGPO,val
ID_MFC77IRX,val
ID_RN0Q4ATQ,val
ID_8M0K7RWZ,val
ID_72UWYKD5,val
ID_ARA2Z58E,val
ID_JQ5SISKM,val
ID_1BMB2KH6,val
ID_FNB08CWI,val
ID_CLZJQE16,val
ID_KZ4RBFRR,val
ID_CCE9QVBU,val
ID_WN9YURJY,val
ID_QGA87S6H,val
ID_E0BKPNBD,val
ID_2ED3W6KY,val
ID_Y419X7WB,val
ID_IALAX9BT,val
ID_KJR8HQ00,val
ID_DDOKMMBZ,val
ID_SFGFVDJV,val
ID_3SEEOX18,val
ID_836XYXIA,val
ID_6GCB35GZ,val
ID_BYWHKMP2,val
ID_MYNU719Y,val
ID_O79QR4X8,val
ID_S8O5JYFV,val
ID_J7PBHRV0,val
ID_RTOQRTQA,val
ID_H8H11HK5,val
ID_LUDCE0JO,val
ID_STQQ9VPS,val
ID_IX6M4UL4,val
ID_7E1HS0DX,val
ID_4W50N2D9,val
ID_Z54013ZF,val
ID_W9XYT51E,val
ID_LE18NT7I,val
ID_LN8HE0JX,val
ID_M9FNL93F,val
ID_AAT5AVB5,val
ID_WTHMMQJ9,val
ID_NM5SDHRL,val
ID_2IUF93AO,val
ID_IO6CXK96,val
ID_6OQUNEK8,val
ID_TTYRIP4M,val
ID_LJGU7VI2,val
ID_7Z280RHW,val
ID_UZL6N2KI,val
ID_DOW5WZWK,val
ID_SHRFZ9EE,val
ID_IC6SGE6M,val
ID_U0MFSHV9,val
ID_ZZIBAH9E,val
ID_4PXRHHWQ,val
ID_8SWPAEX7,val
ID_W9SQ1FW1,val
ID_X9S9GJUF,val
ID_JAXC7YLB,val
ID_PV8IHW5A,val
ID_9CODLJD2,val
ID_HZFYM92K,val
ID_6UEBFFGO,val
ID_16BBEH8F,val
ID_ULH9X30M,val
ID_G7X5F9V9,val
ID_L44R8NQF,val
ID_DW1W12ZD,val
ID_TLRBGL0O,val
ID_0Y65WU8W,val
ID_O55SEYW1,val
ID_IHEBYYDJ,val
ID_SW9QSRZJ,val
ID_3D8D0BB4,val
ID_2JA1PF91,val
ID_C2H7NJEZ,val
ID_S0YJSM91,val
ID_0DGBSD98,val
ID_R8HL7VES,val
ID_LB4YNDWE,val
ID_KAEGET65,val
ID_LR73QWMQ,val
ID_X3N392EK,val
ID_VQN3NS1P,val
ID_2SCXWW45,val
ID_7J30GEGE,val
ID_QI96XE0U,val
ID_WXS2P8G1,val
ID_EWTBOBBU,val
ID_BH27F47D,val
ID_WGD1EQ80,val
ID_FHWX7UP9,val
ID_ISLOIPMY,val
ID_LN24R4RS,val
ID_2DS21SH6,val
ID_TLCW5F0I,val
ID_NO98RC7D,val
ID_1KK7GSMG,val
ID_5MA0GUK6,val
ID_HKNH977B,val
ID_WS6S9R54,val
ID_TPLWC7MF,val
ID_4V4PJ5L8,val
ID_OZEMEK3G,val
ID_9PDUER0T,val
ID_154H8ZWC,val
ID_PQNM0H17,val
ID_AJK2X1J6,val
ID_FYFENVKN,val
ID_AKAK790A,val
ID_E9OOVHZU,val
ID_I0T3IH9D,val
ID_RHQLELLS,val
ID_VGLVF301,val
ID_BQ89RQ91,val
ID_QX4FA07B,val
ID_XPVBYTG6,val
ID_E8CJPA0P,val
ID_8ENZXPUM,val
ID_O2RISUZO,val
ID_M8JPQKEV,val
ID_VFA2ST88,val
ID_F67IVPO4,val
ID_JKEZ3WCN,val
ID_9TBFDMJZ,val
ID_D4909X8P,val
ID_L4EXXA7X,val
ID_MWAGA62G,val
ID_S3E5IWBI,val
ID_TFNHC8GV,val
ID_IUST3MBS,val
ID_AQU4O4RB,val
ID_FU8WZC4A,val
ID_RC5BGDDK,val
ID_VQ4VTF39,val
ID_9INY0QPD,val
ID_FEKB4P4C,val
ID_R2JYJXTO,val
ID_MSBSVTAS,val
ID_QI4R3CLT,val
ID_PXHIRU2O,val
ID_R2357TAX,val
ID_186QWSHD,val
ID_0MD6TNA4,val
ID_HA3B4EQK,val
ID_9EYTOWGR,val
ID_EP86SNTY,val
ID_PVR0AV1X,val
ID_3QVQLNEV,val
ID_C66SCO3C,val
ID_VQYGHMCK,val
ID_IDOZQUO2,val
ID_K6VTZHY6,val
ID_IRIW8HSZ,val
ID_UX4W5M8D,val
ID_TZIY88Z1,val
ID_4YTJZD88,val
ID_34T2Y9Y9,val
ID_CYP9HY7S,val
ID_V6HN293J,val
ID_HJFAFW6M,val
ID_5NRGM9B6,val
ID_KXOMUFCW,val
ID_XV51Y4K8,val
ID_8QWOM3QZ,val
ID_WYJSUP7G,val
ID_CNAD43W2,val
ID_0TK15GV8,val
ID_XF2TP1IA,val
ID_OQD80F2L,val
ID_DVZLW0BZ,val
ID_2UIP6M6K,val
ID_HGP34MDJ,val
ID_S0JJJTJV,val
ID_3927GUGI,val
ID_8R1V78U9,val
ID_49MNO710,val
ID_4PSKRJCV,val
ID_EKMASOXM,val
ID_67Z4KWEG,val
ID_0XSQI6VP,val
ID_JOZKSO6X,val
ID_QB5WXN4P,val
ID_I796ORPF,val
ID_OFGLUSNZ,val
ID_XKC3DGC2,val
ID_XJPKFKU1,val
ID_TTFGUJ6J,val
ID_YRMEPL3G,val
ID_1RF5DVQI,val
ID_0BN1HFSH,val
ID_9D2AK4IA,val
ID_XOTH96AX,val
ID_BFUZKHN7,val
ID_3WLCHOC7,val
ID_PN835WP0,val
ID_A95NO4ED,val
ID_RH5Q3IUV,val
ID_J2K8UKUM,val
ID_LRZ307ON,val
ID_QVCWYLEZ,val
ID_HDQ8ZEEH,val
ID_Q1E2ICAU,val
ID_BEJ45IJY,val
ID_OSJGX08J,val
ID_0U0KF1RF,val
ID_X1MJLOWY,val
ID_0JBWIKR8,val
ID_374UR3DN,val
ID_WJ3SWCZ5,val
ID_JSTFGHPE,val
ID_F9V3MUF9,val
ID_Z3Z4PLIP,val
ID_VD42AZ36,val
ID_6OQRWPX3,val
ID_DWMRN0MS,val
ID_RYPSN2CB,val
ID_14MH6RTM,val
ID_ICF34HBD,val
ID_CA1NQGRH,val
ID_A00HTOMO,val
ID_ZKNYW7SB,val
ID_8EJL32X2,val
ID_QB6PU622,val
ID_BQHE6M1K,val
ID_VD9HANKJ,val
ID_TLH4ST66,val
ID_41AJ6ED9,val
ID_DJM27FEA,val
ID_RXM3C49O,val
ID_ESNPQ3FY,val
ID_QJ4GDTB8,val
ID_PN3MCAFG,val
ID_VZ94SL3B,val
ID_7O51NSUP,val
ID_LLD97PJ1,val
ID_DON27XE7,val
ID_Z1SNZNS5,val
ID_XI9H583C,val
ID_D8XVJK93,val
ID_0WZ4SZ4L,val
ID_ELPEIO9U,val
ID_1THX3322,val
ID_5MCJ9ECI,val
ID_N5QUYGTO,val
ID_1ETBKS3C,val
ID_PK31HU7D,val
ID_RF0Q1L7W,val
ID_3NOW2DWD,val
ID_86J8X91D,val
ID_U1TVGPHG,val
ID_3KAYT2TP,val
ID_356NNB94,val
ID_P15E2N6P,val
ID_PNTBXKM1,val
ID_ZX347VRL,val
ID_RF0X08ID,val
ID_LARNEFD3,val
ID_OEGTQC5J,val
ID_EM7B7ZY9,val
ID_3WOTV1DP,val
ID_5IRKPNCC,val
ID_9OJLOUY1,val
ID_ZF36XQL0,val
ID_PU3EI0MX,val
ID_T86YKCMF,val
ID_WHSRIOI5,val
ID_ETMMBTT2,val
ID_8G7VDVFJ,val
ID_AA2UAKZJ,val
ID_7I3IATCX,val
ID_XKKBXI7W,val
ID_D4N4WEQZ,val
ID_BCZQPJP8,val
ID_P4SNYV8E,val
ID_5T83CIMT,val
ID_6KAPZ1WS,val
ID_35FXC9R9,val
ID_V488OHWG,val
ID_N1SLXYBG,val
ID_TEMI38F9,val
ID_6A21GZY5,val
ID_FHSYZWRW,val
ID_1I7NFPGS,val
ID_EKE97O3K,val
ID_YFJDNMG3,val
ID_U0LIO53V,val
ID_VI5I7YU5,val
ID_SXJ9ICJ0,val
ID_Z8A5HRVN,val
ID_D1BRZOWZ,val
ID_0XUTX13S,val
ID_LIF4EJG9,val
ID_NW74NIWT,val
ID_CBCEUED6,val
ID_HHZRXZZA,val
ID_0T4NDUAF,val
ID_OEEDKU1X,val
ID_C4KGD1IC,val
ID_2LW9P89D,val
ID_IVIGXYM8,val
ID_XTDR1LL8,val
ID_2I0KFWN5,val
ID_M7NJUEIP,val
ID_OUQ0HJIN,val
ID_W9DJ8H8S,val
ID_CX2CNSE0,val
ID_LFQ28X7X,val
ID_ADJWRNS1,val
ID_78H5U8J5,val
ID_3C0TDHTZ,val
ID_4DMGLFKP,val
ID_HZVY9KCK,val
ID_4YQQRGEI,val
ID_SLUUFJJD,val
ID_QCSYA64K,val
ID_13F5OTV0,val
ID_2HTBNRQ0,val
ID_ZLS4DCXX,val
ID_6NKS70TK,val
ID_P1R4HCW9,val
ID_XFDX0JYR,val
ID_Q3MUP7NG,val
ID_4AOT8SYU,val
ID_AHEKDLK4,val
ID_K1C8N1MG,val
ID_T60Z3UVL,val
ID_YJ5ON469,val
ID_T3LEDJAB,val
ID_AXGEF9PZ,val
ID_ZK2WJK3U,val
ID_68AP2KE2,val
ID_7TY0BLEK,val
ID_HQY3K37H,val
ID_5LCRXMI9,val
ID_R9M6E58U,val
ID_B426A2DO,val
ID_11DH50TR,val
ID_QXTEXSLI,val
ID_FZASQBNH,val
ID_8PHJG54Y,val
ID_WCFTBHT2,val
ID_4ITDKEAV,val
ID_03OPGL59,val
ID_B0SBWHIU,val
ID_6L5I9ERA,val
ID_GAAX9O7K,val
ID_CMNKEU69,val
ID_YYMRV65L,val
ID_LIX6FRPN,val
ID_8FR2Q2EY,val
ID_D3U8QJY1,val
ID_GG72F7Q7,val
ID_ZLPT2WQK,val
ID_3854S13S,val
ID_NFASF665,val
ID_V51K8IK5,val
ID_F6IAW3KC,val
ID_YNVM802K,val
ID_SKG0HG2X,val
ID_DFOZIF7A,val
ID_9H6NZAXU,val
ID_1R4QT0T5,val
ID_IL7DYL0P,val
ID_JLDA7XPA,val
ID_FJOL1T25,val
ID_MJILCCJ3,val
ID_UG49QV53,val
ID_UTJXPP04,val
ID_8A86RLDL,val
ID_2PT05N7I,val
ID_NDDKS4KX,val
ID_C4H1O4SF,val
ID_NA86VTDV,val
ID_3Z56ROBO,val
ID_40HS9PXP,val
ID_HQLAV1R0,val
ID_GC9KJIJC,val
ID_8GISGSIG,val
ID_1OW9TTF7,val
ID_N4J1LJ7D,val
ID_RNPEYC8D,val
ID_3EC57EON,val
ID_LUKCEZJ4,val
ID_YV731MM5,val
ID_08MODNYH,val
ID_4CD05UMF,val
ID_NL76JFVU,val
ID_CNGGE3HN,val
ID_4KFH3NQU,val
ID_DVWTC26N,val
ID_LD2ZCKSM,val
ID_D00BU4AW,val
ID_YFYDAPE7,val
ID_LRCR4RQF,val
ID_YG1XDZM5,val
ID_TM091DAI,val
ID_GGEH41FM,val
ID_TKJGIO1E,val
ID_DDQM4KO2,val
ID_AYCPYSAB,val
ID_7EIR83UJ,val
ID_ES3GGDA8,val
ID_J22X07BN,val
ID_SZ9Q4A9I,val
ID_W0NEI4BC,val
ID_KBXG1BVD,val
ID_7MY765I5,val
ID_81B8YBS7,val
ID_A34K7EXY,val
ID_6NY8POEU,val
ID_LDYIACUJ,val
ID_W5A5KXMH,val
ID_U4DPJ37H,val
ID_GZJKG7Y6,val
ID_3WRN0S7L,val
ID_QF7OWV4V,val
ID_NT0CHVI3,val
ID_K7PRIZ5B,val
ID_U0H3S1Z9,val
ID_P4GE3RO6,val
ID_T4SCT37C,val
ID_ACR87K2D,val
ID_DNT0CSRH,val
ID_09KU1LSD,val
ID_YLSQY30N,val
ID_AGUCGC25,val
ID_TGXGNQYT,val
ID_F8SUEEM4,val
ID_7VSCCIT5,val
ID_K0ND919U,val
ID_G7BHE0ZG,val
ID_9P8RSA2M,val
ID_QP61MDIQ,val
ID_SDO550XG,val
ID_WO82M7OP,val
ID_IRFM0N2X,val
ID_IUX20HT3,val
ID_TE7QXT1D,val
ID_RJINIBMD,val
ID_EG0WJ6JP,val
ID_6UA0TL39,val
ID_14PXOVY5,val
ID_AWFDV0UN,val
ID_UV8E4ZC1,val
ID_KB0RO7EJ,val
ID_3TZL7F0I,val
ID_CH7FRDVB,val
ID_HCPOSN5Q,val
ID_FHQN9ZCE,val
ID_WGXFM1YT,val
ID_OSHSW418,val
ID_Z4WK5BVH,val
ID_OE28NRAT,val
ID_UH0HLWFF,val
ID_YTGV0NHQ,val
ID_YZYTZBA6,val
ID_A2SAB09L,val
ID_5DNQ0EVZ,val
ID_QVJR6DUE,val
ID_RM746570,val
ID_UQ0AS716,val
ID_7TY70Q75,val
ID_VCHWLK09,val
ID_C0CJ6775,val
ID_XDZGUA30,val
ID_6UAEXLQA,val
ID_TPSNTOWP,val
ID_CCKS91RM,val
ID_2J56MWUQ,val
ID_SQ4ADY96,val
ID_L0EYHCHM,val
ID_4B4DRVUF,val
ID_W3OLJ58D,val
ID_ICAW9DT3,val
ID_HLWY2PRW,val
ID_DI8314M9,val
ID_P8LJ96K8,val
ID_HS9O7TLC,val
ID_K8CRC0H0,val
ID_H01GWGHR,val
ID_QDAN6DRL,val
ID_VEOXUMBW,val
ID_BZC2HCZB,val
ID_A8R1RBQP,val
ID_R9SCY53K,val
ID_6LC2HVF6,val
ID_8HYH2DMA,val
ID_DUXMNV3C,val
ID_OHZ8SLV7,val
ID_ZMJRNSPZ,val
ID_ZIXOOWDJ,val
ID_CJDFXT4P,val
ID_9O1SK2MA,val
ID_1ZNFI4D2,val
ID_3U2Q8J53,val
ID_Y0TSEC6F,val
ID_P5XOEML8,val
ID_8EO4PPM9,val
ID_DOAAIM3S,val
ID_Q1JNTVE5,val
ID_67WRFXSH,val
ID_CCJL8HIF,val
ID_CLOQCQPE,val
ID_S211FZ0Z,val
ID_RWFGCAEY,val
ID_H243L8ZU,val
ID_S1J4JU31,val
ID_Q1NESNG2,val
ID_0PH7FQIO,val
ID_U8AUGSI0,val
ID_QXTCD41A,val
ID_VT51OUXB,val
ID_H9YA59R6,val
ID_I7ST7GAY,val
ID_CXSN7UYU,val
ID_QCO6U6M9,val
ID_KU7I1P5P,val
ID_6MIXJ9OU,val
ID_D2HG8FGR,val
ID_V74WJ327,val
ID_2KLOBSAC,val
ID_1LJNJAOL,val
ID_YLBKZ8YJ,val
ID_ENIHLH1T,val
ID_ZYWWMVT8,val
ID_AR1TVP2E,val
ID_OFDXXA4D,val
ID_J9I8T4JJ,val
ID_IGN8IVJN,val
ID_0CF1WU57,val
ID_Y93QD2AO,val
ID_RX8WRG98,val
ID_ZFSNPQ3F,val
ID_Z56JHE6H,val
ID_S3ZEFPJY,val
ID_897TT19N,val
ID_1PVZCA10,val
ID_U1LJZPBL,val
ID_WIGS7K0X,val
ID_7GNWLJHV,val
ID_89IXII4Z,val
ID_TWHU5LJI,val
ID_XGFVGPEQ,val
ID_6TYIYL03,val
ID_MQ567Q1H,val
ID_0B8EU9BK,val
ID_SMHEYR2T,val
ID_3O5MMZ7J,val
ID_L1OI5OF5,val
ID_RNH8CDRR,val
ID_V1THJGAR,val
ID_LE7NW0M9,val
ID_8DNY0Y2C,val
ID_MJTZ2E6K,val
ID_45ZJ27EI,val
ID_M0IULX0X,val
ID_JWTSLF9A,val
ID_BB638BYO,val
ID_QG566HMC,val
ID_BF49NH9K,val
ID_NJSBUKXV,val
ID_SEOPGCP0,val
ID_NDI1H8RJ,val
ID_NIUW5BP8,val
ID_X6TJ2FE0,val
ID_ZOP6Y56S,val
ID_QZ4BCVR0,val
ID_IYLVSGJ9,val
ID_V6LUH6N4,val
ID_D4KAPTKB,val
ID_37OY3Q5I,val
ID_LYVUI724,val
ID_MNVA4IR9,val
ID_013KLDIA,val
ID_01QH5ATF,val
ID_B3G1952O,val
ID_N804FCMD,val
ID_OMY05PBJ,val
ID_5XA70USP,val
ID_QUCHN9TS,val
ID_DJ2L4RNL,val
ID_DQ1959VM,val
ID_LNOVKV16,val
ID_YLV6Z2WY,val
ID_8MLCS2U4,val
ID_IJR43M6X,val
ID_FTNHA14Z,val
ID_3YXC0L16,val
ID_APCXOZKX,val
ID_I75Y01RI,val
ID_2QWFX441,val
ID_HU4I64HR,val
ID_QU6FOAAL,val
ID_RGPXDFOM,val
ID_TR0AZL29,val
ID_4KJJCR3B,val
ID_GMEZKJC0,val
ID_NJ893X0V,val
ID_ZI8I547V,val
ID_C2XFP9XY,val
ID_6QIDPZ1E,val
ID_LFZ18ISO,val
ID_R255C568,val
ID_W4EBORN6,val
ID_ILE6POSF,val
ID_5HTSMGC9,val
ID_8EHECKL1,val
ID_BDR9X7W1,val
ID_Y4XOANVZ,val
ID_T5M6FSGE,val
ID_EE6QZC5C,val
ID_8XJ5K4X3,val
ID_VM6V06UH,val
ID_P3DCBME5,val
ID_U16WWHFS,val
ID_G0N75E65,val
ID_P1J8N31D,val
ID_VPQQ7PUO,val
ID_T5DOJTB0,val
ID_ESODXOJB,val
ID_O74414K5,val
ID_C6T90708,val
ID_7X5YCV6X,val
ID_GV40AW93,val
ID_STG91KAP,val
ID_PDHQ10LM,val
ID_VUURDBNW,val
ID_BA2T3PCK,val
ID_DKBDAXBZ,val
ID_WSOJYK8R,val
ID_3UX1LQ16,val
ID_T0SI5ZZS,val
ID_K065OW95,val
ID_2DW3O2IP,val
ID_J9UUVGIX,val
ID_EIEF3XIV,val
ID_GUOXCWAM,val
ID_G4WLPKGI,val
ID_GBCSMF7W,val
ID_YRYJT781,val
ID_ROXHVJGW,val
ID_PP5Z15CA,val
ID_KQ68QDW2,val
ID_90JFSYF5,val
ID_T3NQCBZJ,val
ID_IS6AEKCC,val
ID_14EJ6FIB,val
ID_KQMCBWZ6,val
ID_YBYIXW1I,val
ID_1MBXCSER,val
ID_28CICB5V,val
ID_AZU0LA6D,val
ID_9UTSODJ7,val
ID_RKIWLJ9F,val
ID_REINCDH4,val
ID_KGGH0T9Q,val
ID_3LQ0X1LR,val
ID_5N1S95YA,val
ID_ZYLA7VOU,val
ID_XY3HBHUU,val
ID_TPLG2HJK,val
ID_3FZMUA4R,val
ID_I3O3CRZB,val
ID_KH99O41Z,val
ID_W393NXYN,val
ID_DR6E4G36,val
ID_7H4D7VA6,val
ID_BXCNFRAF,val
ID_QL1MZD08,val
ID_12L5B4HF,val
ID_OL7TX2DE,val
ID_44GDCTYZ,val
ID_UUDVZRD7,val
ID_IL1W9XGW,val
ID_4PGDD6IU,val
ID_F87BU3OV,val
ID_RYDM7M83,val
ID_6MAR8W6T,val
ID_PTKZE22U,val
ID_N1X9EABP,val
ID_ZXV98EN4,val
ID_FGFH0OWS,val
ID_3THLXN78,val
ID_HMI95ZL9,val
ID_VFJXT8X1,val
ID_V37DMAX1,val
ID_WFM4KYXO,val
ID_OXCSXFX6,val
ID_OKGUMR4M,val
ID_LH835N31,val
ID_YWW0MULD,val
ID_X6BSCY9E,val
ID_H1X7V7MG,val
ID_4JRJ09G5,val
ID_KAA2EXCQ,val
ID_0R20LRD6,val
ID_LG91TAMC,val
ID_SAU2H4D2,val
ID_FJ0LZA7V,val
ID_WDB78REK,val
ID_OY5QBXH2,val
ID_FCIH9QHZ,val
ID_W5TV9U7V,val
ID_SP8JLBPC,val
ID_TQHFWU6D,val
ID_ZG23CJU8,val
ID_LI5YQE8E,val
ID_K3LMCQRD,val
ID_MIBPCYUM,val
ID_JLLZGXCD,val
ID_FAXX6MA0,val
ID_AYS4UGDV,val
ID_C9HBHURD,val
ID_Z76664KW,val
ID_37QULFJA,val
ID_RPYIAB94,val
ID_3ANLD1IG,val
ID_CELAB1CU,val
ID_W45MABUG,val
ID_2VUX3PJL,val
ID_LXRB5TOY,val
ID_A5R8N0Y4,val
ID_0NXBK9DK,val
ID_4N4B332D,val
ID_GRKPQ6BL,val
ID_W3U6RH58,val
ID_QE9J7LAF,val
ID_EZ3JZ464,val
ID_OKQZ18XZ,val
ID_Q8TBAO3A,val
ID_Q4NTQ08Y,val
ID_SOHAOC2Z,val
ID_R32WOHHF,val
ID_PS04UU3P,val
ID_2WBRG5I0,val
ID_FQF8EZIJ,val
ID_54UWZI9R,val
ID_5H8MPE9P,val
ID_6T1NAQ9N,val
ID_XIPX4KEN,val
ID_H3VPFZV3,val
ID_3A1PKYFB,val
ID_RYBXD25I,val
ID_4UIVFPLA,val
ID_L6YLKGYM,val
ID_875HSWJC,val
ID_NBU2UN2Q,val
ID_4UKMTVBC,val
ID_F1I133L4,val
ID_R2WA0OWQ,val
ID_3TBV5GIS,val
ID_S5HRJQ91,val
ID_XP5KWNM9,val
ID_I2HV2MV0,val
ID_OG38ZIXT,val
ID_7JJ00N2T,val
ID_S701NVUO,val
ID_BNEDI7IZ,val
ID_820KGI8H,val
ID_Z6KLI0YP,val
ID_B05UL81A,val
ID_7DC76YE9,val
ID_GJ5NETLY,val
ID_QIU75IZ9,val
ID_CZONP4FM,val
ID_YZ4ZXBIH,val
ID_EI3SFR8V,val
ID_86ZTC1VV,val
ID_L91589R0,val
ID_855P5B6F,val
ID_2K3KRTEE,val
ID_N91DO8U1,val
ID_5P1SC9JK,val
ID_ZKFNOTXA,val
ID_7E5EZ7JN,val
ID_XVGWXYS0,val
ID_QBW1JIJN,val
ID_6KTYOH7D,val
ID_WNQLTQ28,val
ID_25AVB4BL,val
ID_PKRYXBMD,val
ID_MYJY4N0W,val
ID_E5HYYGDY,val
ID_CU3GTZGC,val
ID_64S2GR62,val
ID_B0D53UY0,val
ID_WGY1L1QS,val
ID_AJKZN4RL,val
ID_CNLANPXS,val
ID_SZ3MO2RA,val
ID_H2E70AO0,val
ID_LL6Y865Q,val
ID_1688L1NL,val
ID_MHA4VLK5,val
ID_AG1W1CA0,val
ID_FCFJCLTD,val
ID_UZP6MND7,val
ID_JMPU1LY5,val
ID_ACP0BV7H,val
ID_MYSBCP0A,val
ID_0BKA00K8,val
ID_97XXAP7N,val
ID_I7P9MM1E,val
ID_5674OSHG,val
ID_QMNA8MFV,val
ID_MI6U497O,val
ID_BTSW5PL9,val
ID_F8LWTCTR,val
ID_8US187PS,val
ID_TP5I6UBL,val
ID_DM5Z1LVC,val
ID_X2P4ZDW5,val
ID_M14Z1U17,val
ID_IXG0VUNT,val
ID_SQA1VO2L,val
ID_05A7I1ZP,val
ID_TIYLTW4L,val
ID_VL9E0K15,val
ID_JZ48EW1D,val
ID_HABP2S1T,val
ID_LVJJLGD0,val
ID_SO8H376V,val
ID_JLMQF33M,val
ID_1PRP451Q,val
ID_2W4ZACTT,val
ID_7A77ZKJT,val
ID_SPRDUWXP,val
ID_PUNRGSHA,val
ID_D5BXTR31,val
ID_IDOXUKGS,val
ID_IIC88X9L,val
ID_SSF6LDAC,val
ID_EX6DXHNA,val
ID_WKIAR99E,val
ID_SGUTZ9DL,val
ID_APMMPLP8,val
ID_LSR21HPE,val
ID_3BIKDNAD,val
ID_5I8VOSB2,val
ID_642RYFTE,val
ID_NUYDEGCK,val
ID_WHKBKIUA,val
ID_WLLF2E4D,val
ID_C9U2TN0O,val
ID_L6QG26RT,val
ID_LLFY6VKC,val
ID_RT0POHNU,val
ID_PFZK4NDJ,val
ID_EWFVNN97,val
ID_44VHFZ1U,val
ID_97VJD03K,val
ID_QR6JWPZS,val
ID_EVNWU5SM,val
ID_9Z1BXQVY,val
ID_MJE5HW6M,val
ID_C9NNSJ2J,val
ID_2D16NXDW,val
ID_JDFSFJ48,val
ID_ZIQLXML3,val
ID_QF0ZD267,val
ID_Q3DN2146,val
ID_UM06RCOV,val
ID_5WED2D7J,val
ID_NXF5YKYB,val
ID_TCL6BNIC,val
ID_XXICFU13,val
ID_KQGI11C3,val
ID_5TPPGHQY,val
ID_32KH0QF5,val
ID_WMTQJILH,val
ID_COCUD9YX,val
ID_3X4566MB,val
ID_HBAUQQX8,val
ID_B5APGRJ0,val
ID_JBZH71CG,val
ID_4DU6TOMG,val
ID_NXYRK9FH,val
ID_ZS5LRJFG,val
ID_CLPV6I7S,val
ID_ZQ0COYOU,val
ID_1VXIQOVO,val
ID_31QNY108,val
ID_PNUCMUA7,val
ID_OJQU20IK,val
ID_VX7KEM4A,val
ID_77J1JRV4,val
ID_3Y7LPLKL,val
ID_NH1OP9AK,val
ID_CD0AHOTK,val
ID_3DTA0PNL,val
ID_CSMXWED7,val
ID_SDCL9ZV5,val
ID_YVI75SKZ,val
ID_2C84EY20,val
ID_RQOEGWJO,val
ID_SEAPEYTO,val
ID_PHA16EKX,val
ID_TWZ31EJH,val
ID_L0WSAAMV,val
ID_9V2HERG5,val
ID_6Q2B6XRJ,val
ID_AJGKWONM,val
ID_RFUVPE81,val
ID_B378GLMA,val
ID_UK57G1CI,val
ID_KQOYXB2N,val
ID_IGSLYO4Q,val
ID_JSXMYGVK,val
ID_KMV9VFHE,val
ID_E1HATJA2,val
ID_4E9RXE2K,val
ID_AF182ZXH,val
ID_7CQ85O1I,val
ID_2P6TX3AS,val
ID_9AZ8R8QN,val
ID_KK889M74,val
ID_HYRGPVTG,val
ID_VCND0YS6,val
ID_XXN6WTSP,val
ID_KI0AKB54,val
ID_QLDDLT0B,val
ID_SVHPPWHL,val
ID_ZOGD51BN,val
ID_HSOAVUC0,val
ID_7PHAMWFB,val
ID_M6K19TCA,val
ID_0YZSTKFE,val
ID_08PV7SQB,val
ID_PSZ42TWQ,val
ID_LUWPNULC,val
ID_VTHIV02C,val
ID_GFKP0VVO,val
ID_JIIV0YQU,val
ID_2STQR2I9,val
ID_XHXMYAD4,val
ID_1H8XOHZ9,val
ID_IWHYZRTL,val
ID_A1CHS2CR,val
ID_VBF70QOG,val
ID_UA7YDRN6,val
ID_DPHXJ6OG,val
ID_CN95JWEN,val
ID_EM5PVY9N,val
ID_CYQOVYF0,val
ID_TI00K3WA,val
ID_GT8D0DNX,val
ID_IJJ5BWO1,val
ID_KK5C6GTV,val
ID_0KVKU8Q7,val
ID_CRGE2RYO,val
ID_PAZYTE3L,val
ID_FIOFWXUQ,val
ID_CA6EMV2F,val
ID_SF4NR2VP,val
ID_NFBNILUJ,val
ID_Z8TE1WRX,val
ID_AFTEEH6Y,val
ID_X67ZWA9U,val
ID_P9CA9RL8,val
ID_5EOESGLT,val
ID_XEL9UO9H,val
ID_7NJG4PT4,val
ID_1I9OKYU8,val
ID_2BM8K7B4,val
ID_7TN5JRVZ,val
ID_HM1N7DAA,val
ID_YH5DLVRW,val
ID_H4URWCN1,val
ID_9MCZUY1I,val
ID_XQB9WM6M,val
ID_M9LVWKWZ,val
ID_4EC7D6J4,val
ID_TH08HZW9,val
ID_36M2MMVZ,val
ID_5NF2NLND,val
ID_L1WUB4SV,val
ID_Y9DILJGR,val
ID_1WXB3WC0,val
ID_ZRZMEHUY,val
ID_9O81I9KM,val
ID_4RG0HV7W,val
ID_AOJXSYM7,val
ID_NEREBM1Q,val
ID_UGBBI1H0,val
ID_G3GU0N6V,val
ID_4JKOD4QB,val
ID_WIQN0ZMC,val
ID_AFF120DL,val
ID_P08LHDY3,val
ID_FXFJVG8Y,val
ID_HJHLL4S9,val
ID_RG71H2BT,val
ID_QIWWJDAZ,val
ID_6DQBXVUG,val
ID_I7BB3XEH,val
ID_OBL4PJ1K,val
ID_6PXLTA1I,val
ID_0GNRTAEP,val
ID_796WU57S,val
ID_J2RMAOOM,val
ID_MG14A0ZL,val
ID_YXSG70OC,val
ID_N4O8IFCE,val
ID_592041C8,val
ID_5JQYEQBN,val
ID_971VKWQG,val
ID_SGSG1AT9,val
ID_3JOYZO2S,val
ID_GN18ST5Q,val
ID_93X795P6,val
ID_BDBTG6B7,val
ID_PD0BJPT1,val
ID_F0K570D4,val
ID_YSR1F43Q,val
ID_5NQ11ZF1,val
ID_EP1252T2,val
ID_GARHTR05,val
ID_UR1SJYUZ,val
ID_HG163CWS,val
ID_8E6PNL3C,val
ID_G056JYPK,val
ID_QJW8DIS6,val
ID_VM0E8C9G,val
ID_LBHTECXW,val
ID_E35M6RIE,val
ID_LM41D8AY,val
ID_TEI6ILQH,val
ID_3JC08OHG,val
ID_RV5LAIWG,val
ID_KYID7NQV,val
ID_UTS6K1HM,val
ID_D8AUE0S3,val
ID_ZY3R8945,val
ID_1CECV4AF,val
ID_YHOT4WLT,val
ID_TRNHSDE9,val
ID_8SSMM22Y,val
ID_B6FYXSVU,val
ID_LMHRDDPC,val
ID_9L4WCZWG,val
ID_FVV6TSDM,val
ID_WULVF5SB,val
ID_533GAY20,val
ID_MBSI50O9,val
ID_2ABKH1IQ,val
ID_YXTMPXMJ,val
ID_8NIB8OIX,val
ID_MNVU1949,val
ID_U1KMDWED,val
ID_1DOS634N,val
ID_VLHPI2RQ,val
ID_7U22C053,val
ID_35LO2DJY,val
ID_B5XNI6MR,val
ID_NF1XZ9VA,val
ID_BYOHPAUZ,val
ID_39K68UWS,val
ID_DL8YB3BM,val
ID_KLZ070K8,val
ID_8YX9GV84,val
ID_AVWVT229,val
ID_ZCZNIF84,val
ID_VG8DUKWW,val
ID_B3GL1WII,val
ID_YK7HMPHH,val
ID_L8H65N0R,val
ID_RNCX1WS6,val
ID_0MRF4KU8,val
ID_LAMVTXF8,val
ID_9452W9XD,val
ID_QS5FUMDU,val
ID_IXV313IR,val
ID_XRUWBU7M,val
ID_LQ0FB4DZ,val
ID_UTIMSUT0,val
ID_KTULCQ7K,val
ID_FT87XPAR,val
ID_ZQHWFS8X,val
ID_C4M3NU8Q,val
ID_ZDKKEZ3B,val
ID_AE8M2Y5R,val
ID_420NHDX0,val
ID_7KZ5OR3O,val
ID_WPNZJAUG,val
ID_0DMO6F68,val
ID_R3549SPL,val
ID_61R6XLYR,val
ID_JRZAOSOW,val
ID_TIBB2MPP,val
ID_5C4AQ8WA,val
ID_MINRZO2T,val
ID_Z00LXEZ3,val
ID_YRYG0LW2,val
ID_L2ABWCCO,val
ID_T9APNDIB,val
ID_2D8IS2KP,val
ID_9GCDME7F,val
ID_2ED8V1FI,val
ID_ZWTOM87W,val
ID_M1ZF5AF9,val
ID_94AS8LMT,val
ID_JG4P06JM,val
ID_6R3XKDWK,val
ID_5CHNWFYD,val
ID_GALRQPZP,val
ID_T5COJSF7,val
ID_JNRW92VV,val
ID_CZM8QR3H,val
ID_ORH2AGA1,val
ID_Y4N61YYT,val
ID_F5EPQKDE,val
ID_Z8H3I02Y,val
ID_DX7OL53D,val
ID_FLXYHO79,val
ID_JCMXTUTB,val
ID_Q9N58OWH,val
ID_P4HTZOHU,val
ID_R97DNEDX,val
ID_G3X5T4M3,val
ID_S5VYKVNL,val
ID_A67MFZD7,val
ID_JKJN5K15,val
ID_62N5JLJF,val
ID_2F4T0BDE,val
ID_OF3OR0DD,val
ID_S0P4T57H,val
ID_UMANKCNK,val
ID_ZI74LM94,val
ID_VY6XIFT1,val
ID_W0E0RQ7J,val
ID_U6ZOKVM2,val
ID_ZNJQ3RJO,val
ID_PHFIAZIG,val
ID_AVO3XGS7,val
ID_SOKU7LQR,val
ID_B7P6M5DP,val
ID_MEIGM545,val
ID_AZF9YDEE,val
ID_VLJ4LRAG,val
ID_SCK3FD4K,val
ID_DAEAVW5M,val
ID_QY0VPEK9,val
ID_Q910J0Q6,val
ID_R3E3X5YO,val
ID_ICUZAIKZ,val
ID_3SUNGO71,val
ID_13CUE4US,val
ID_MP27E036,val
ID_OMSTR02U,val
ID_EOI4V1IN,val
ID_37COSSUB,val
ID_RP7WIIAZ,val
ID_S50C46S3,val
ID_FV1PV160,val
ID_91V2IHT2,val
ID_IY4O59QI,val
ID_HJ5EJ1T2,val
ID_RB5JK20B,val
ID_R1RPJJJ6,val
ID_JGISG2MU,val
ID_QKO3TQDL,val
ID_MTIYADRF,val
ID_5RIVXAKH,val
ID_YY5AJ52O,val
ID_9LVRB9F0,val
ID_PZM7YBY3,val
ID_SCC4ITHP,val
ID_0DSWFQZ7,val
ID_TUR9HP8J,val
ID_8O6HHUBP,val
ID_GNVI2T7K,val
ID_5HIF2OU0,val
ID_P3SS1WK4,val
ID_3I4V5RVX,val
ID_ZWFROYG2,val
ID_2BAP6L8J,val
ID_5H2W73S3,val
ID_0CAW1P8W,val
ID_85WF9HLJ,val
ID_U9PEOU7J,val
ID_O9UB9UH1,val
ID_FWMWGKU7,val
ID_8F9GAFIC,val
ID_XY1VDPVM,val
ID_BUK6HRXD,val
ID_DKGQEOJ3,val
ID_OXG0XKB3,val
ID_DGPX4J7T,val
ID_HRS8AQUC,val
ID_Y4B2OZYB,val
ID_7J2KW0DA,val
ID_17DNHG7W,val
ID_OGC9VANQ,val
ID_RLBHO4QY,val
ID_ZHV52KR7,val
ID_NXS691UF,val
ID_SNZPOEWU,val
ID_PAKFE6TI,val
ID_OMG7XGZM,val
ID_UG1HVPOY,val
ID_22AQIKEH,val
ID_XBT36XXT,val
ID_G2HVL95X,val
ID_3XXBQKPX,val
ID_RRD63ZOA,val
ID_0ZC1GRIL,val
ID_SHSLQR82,val
ID_NJUSJO06,val
ID_M4MG5WO0,val
ID_YZMUWTUX,val
ID_23BL6CI8,val
ID_FWZDT7JM,val
ID_PSAXJTQA,val
ID_9IGTF1B5,val
ID_OUMJ6U3P,val
ID_8I6ICA06,val
ID_CJT7FDA0,val
ID_UKS5J97U,val
ID_OE3X4DWU,val
ID_VTX8YRR9,val
ID_XL1VRU8M,val
ID_84R40M51,val
ID_QIJCO5JA,val
ID_32NPIJKJ,val
ID_11VF48F2,val
ID_QWDBE9KN,val
ID_QJQ5R8MA,val
ID_5FFI5RKO,val
ID_J3NF8UXF,val
ID_73T71Q1U,val
ID_PJFJ59VQ,val
ID_YS51CBSH,val
ID_AAS4R1NW,val
ID_XZDSP66X,val
ID_I4WKP4WY,val
ID_HKSKJ9AJ,val
ID_GKHLRGYG,val
ID_4XDYCRXV,val
ID_91ZZQ3BU,val
ID_N049Q2IJ,val
ID_3K0BKP7U,val
ID_8COR9HT8,val
ID_59TM7Y84,val
ID_WACAPY6Z,val
ID_WGCEJF8P,val
ID_6I3600M7,val
ID_2EPAU9YW,val
ID_S4IN4UFO,val
ID_3YYYRQS1,val
ID_53EHDXXG,val
ID_L8KH8BA1,val
ID_EWXAXOYI,val
ID_P6IK9N2P,val
ID_GQEDKISZ,val
ID_277KDJ00,val
ID_09BHLJE1,val
ID_47H7SPIF,val
ID_ECNC3BLH,val
ID_U90M4RZA,val
ID_MOYBY7DI,val
ID_EJ0CNG2W,val
ID_7T5E25QY,val
ID_Q43URW4P,val
ID_GCQONEGR,val
ID_A5BTG3JN,val
ID_OOSIGP13,val
ID_FK7NLOZB,val
ID_IUJ01HFQ,val
ID_L9W1TF7P,val
ID_5RBWO699,val
ID_DXDVIFHP,val
ID_CIG0PXZY,val
ID_D4P5OJ38,val
ID_EKGXEIBA,val
ID_BG56VOK4,val
ID_IAIMJ17T,val
ID_SM89H5GX,val
ID_VV2P60QH,val
ID_O1FJ3VTL,val
ID_9LD8FELT,val
ID_Y1HYNQW1,val
ID_V0FG8M6T,val
ID_5CPA69H3,val
ID_VR2RSSGT,val
ID_K59CM46R,val
ID_SQLL871E,val
ID_7M68UPJP,val
ID_FL1QKKL2,val
ID_6NUOJDXU,val
ID_X1C9FN2I,val
ID_MGOKV24H,val
ID_BW71BB93,val
ID_XMSG7TR8,val
ID_1MC1HZH2,val
ID_UEMKAJFU,val
ID_XLK3VT1D,val
ID_DJQADGA5,val
ID_NKG44Q6W,val
ID_R0E0KOV8,val
ID_CRY9PTJY,val
ID_BV4KC6PY,val
ID_7ODIUMA2,val
ID_3AAACVJM,val
ID_L493F37Y,val
ID_FVWG9HX0,val
ID_U4QAGZR7,val
ID_6JFIS1DZ,val
ID_GNNSN48U,val
ID_ZMALO9K3,val
ID_J6HMHWF6,val
ID_EU9UP5AB,val
ID_DFO5S9JV,val
ID_ZNCSRGK5,val
ID_QJ0ZE69O,val
ID_E7KDOH0B,val
ID_V5KK2N7O,val
ID_X5VO042U,val
ID_16A19IT8,val
ID_VGE3XQ4X,val
ID_Z0NQ1EQR,val
ID_7W27WBX2,val
ID_1UNPU1H3,val
ID_OAAJI860,val
ID_S2NIY3PV,val
ID_PPRE7CR3,val
ID_T3FW7AON,val
ID_0EFX3P77,val
ID_QIJPNE4C,val
ID_CUFOZ65T,val
ID_6IY17R11,val
ID_7NPD4VU5,val
ID_7SAIMI3X,val
ID_06SE7LDB,val
ID_YWGGI0T9,val
ID_MQ9WRYN7,val
ID_PMAZ0S8V,val
ID_QSCG3V56,val
ID_1WZQG6G1,val
ID_UQT71KU0,val
ID_R78WJEPB,val
ID_G8UBYMO8,val
ID_VDJV89Z9,val
ID_CJOBZX8C,val
ID_03TFEWFA,val
ID_MPIRJ5NW,val
ID_YCKTHDPD,val
ID_MRIW5LXA,val
ID_EGV4THDR,val
ID_X1P1GAQ8,val
ID_0JJ52S7V,val
ID_AS6RU70V,val
ID_XK9G8YZW,val
ID_J4XK68UC,val
ID_IAAQFHU2,val
ID_6345SWCW,val
ID_9WGC2Z72,val
ID_9EY54FVW,val
ID_W30Q5CIG,val
ID_IB3BDOZS,val
ID_V8906762,val
ID_RTA2NW4H,val
ID_J8A94N4H,val
ID_N3QRNGIY,val
ID_PAEXSU1A,val
ID_FE8XFOQ3,val
ID_WHTE6GV4,val
ID_JFM5MIMB,val
ID_P7MGU98S,val
ID_YQZJA7BM,val
ID_HRWDDRV9,val
ID_RAD6OLB7,val
ID_2FCVUX7T,val
ID_92D4V0OF,val
ID_EAQ9QVZQ,val
ID_ZXM77J8D,val
ID_EMK1GZD2,val
ID_QENGV381,val
ID_BCQ20LEB,val
ID_BFK0753L,val
ID_2DJZKCZ1,val
ID_DVB2X242,val
ID_QAWKXQSV,val
ID_24N7BGCN,val
ID_2QD87URV,val
ID_LYNREKOV,val
ID_4Z833W8Y,val
ID_RNZ7IQ8C,val
ID_USTDU82R,val
ID_LVFK13G9,val
ID_TPHVRSGR,val
ID_B4OKXO7J,val
ID_YCJQ6KQ9,val
ID_EH537QZ3,val
ID_I5VZKAG7,val
ID_8EC3YZZ7,val
ID_USCBW0QM,val
ID_Z9R3XH80,val
ID_8FOJQB8H,val
ID_O3TCKTK1,val
ID_QYL9YJ49,val
ID_SPX3PE74,val
ID_TLJSOUTN,val
ID_AXIY0BWK,val
ID_JZK9YX17,val
ID_ZJGTJZOK,val
ID_FBVVTWTZ,val
ID_T8M49Z63,val
ID_37JVIB3V,val
ID_2DHJ5S7Y,val
ID_DVET0Q34,val
ID_392Y8J82,val
ID_WD14TY7P,val
ID_GAWC4B0L,val
ID_GCL8Q941,val
ID_LSX2SF1S,val
ID_URMY6FZM,val
ID_9BEKWH7G,val
ID_BR8JI6RZ,val
ID_X51KG4IW,val
ID_7E48ATLI,val
ID_O89CJBIX,val
ID_6RR604CE,val
ID_B1DJ0SFF,val
ID_N6J625RL,val
ID_LVT17GGY,val
ID_Z06PBL5C,val
ID_WUJIGLCX,val
ID_0IHZVZ1S,val
ID_GPLS3YM3,val
ID_7EP0EXMY,val
ID_O21SC53E,val
ID_DMSMSNIQ,val
ID_29CO5CEL,val
ID_6VJ9Q8DH,val
ID_G5PECIQY,val
ID_PX0WOS4S,val
ID_RFB91EKS,val
ID_AX48F9EZ,val
ID_C8NKIRP1,val
ID_RMQ3MNTH,val
ID_036NFFI2,val
ID_6P01VP9B,val
ID_GW5EN2TP,val
ID_39W5MHCQ,val
ID_MZO688CJ,val
ID_VSOQWGML,val
ID_NP4MTPXS,val
ID_8TGJ1XQH,val
ID_7CXUC4CP,val
ID_OI5D13R1,val
ID_QRXA48F4,val
ID_YPT0T444,val
ID_FRUA9W6W,val
ID_6CDHZBQ3,val
ID_FTDT8G5U,val
ID_90ABDVLB,val
ID_SNH2VMUQ,val
ID_59TADS1D,val
ID_HLF2YT7E,val
ID_2R18YR3K,val
ID_K9LONMBX,val
ID_IXVROFOF,val
ID_L0MDUEHC,val
ID_PTCA9NK5,val
ID_8PM61PM2,val
ID_07FB7J2G,val
ID_ZLJE5QJR,val
ID_QSI84L67,val
ID_ZNVU8UNB,val
ID_W6LAZ4S5,val
ID_39GZ27HC,val
ID_HFVJYJ54,val
ID_RX4XTLFP,val
ID_IBV8UHS1,val
ID_ZD3KCLWR,val
ID_8YVK1BGH,val
ID_J2TSENO5,val
ID_EFPE0Q1O,val
ID_47K9B8BW,val
ID_IZQ36W4C,val
ID_H0OU4AR0,val
ID_HSZ2EAOQ,val
ID_5MIJR4GI,val
ID_40HAP2WE,val
ID_MBUSD8Y8,val
ID_M17J0XF7,val
ID_5B3FPCHV,val
ID_POTBL41S,val
ID_SGLMRUC7,val
ID_2CNLT33A,val
ID_WGUQXCYF,val
ID_LBCIOLBS,val
ID_1T36D70O,val
ID_94SI8ZC7,val
ID_85F3ZIYJ,val
ID_IW8EUH11,val
ID_X9SWQOJD,val
ID_N7I6Z0T5,val
ID_KAOYIQYF,val
ID_LZI2KVVE,val
ID_ANKQXV8Y,val
ID_98ZAKKU6,val
ID_842E1Y2C,val
ID_3TYEP5ZO,val
ID_GU9CUO1X,val
ID_PZZXHC3W,val
ID_BFOWDNHH,val
ID_1ER7XDZD,val
ID_9MS5Y8XY,val
ID_AIOULRMV,val
ID_7DQ6IQY4,val
ID_JVZ36ZWH,val
ID_62P5AZX8,val
ID_Y63N3F9W,val
ID_YPI8Z3NW,val
ID_JCNJ5VCT,val
ID_ZMV3GILB,val
ID_L46RSK4G,val
ID_E3TXPZVE,val
ID_VTN4T8BX,val
ID_89Y1CXMS,val
ID_QSX5UFYT,val
ID_RWCA7UN3,val
ID_VRPF9V4N,val
ID_KQBU0MB1,val
ID_059XICA9,val
ID_RHXGBIYO,val
ID_XGBDAHPC,val
ID_U9JFW4P5,val
ID_0NWPSMOO,val
ID_Z6551UYS,val
ID_0B279ZY3,val
ID_QNGE2971,val
ID_RPVRW5L7,val
ID_T8G6SPLX,val
ID_TLJQLQK7,val
ID_M618BLB2,val
ID_ERTIRCTZ,val
ID_4SDH8VRL,val
ID_VUCGPPVS,val
ID_4AHPPLAV,val
ID_12SM7X23,val
ID_9ESVUU4U,val
ID_9C2R59IA,val
ID_9FFXTBBO,val
ID_RF6N3I56,val
ID_LYKHNR9Y,val
ID_YCQRH19B,val
ID_P3DBS8RP,val
ID_QZ4VDFUF,val
ID_OYFAE658,val
ID_4LNGKEAQ,val
ID_4NMSOBKB,val
ID_J03QJS7R,val
ID_P7HLVJ3T,val
ID_N8Y5YO8W,val
ID_BTU2SJ9X,val
ID_D6PE92YG,val
ID_KTVOKX4K,val
ID_3LH53LO8,val
ID_RXA6FMKM,val
ID_9LPCGMZG,val
ID_S26MN4DP,val
ID_63Y8PIOG,val
ID_1ZN2VH0L,val
ID_FEZSGGC6,val
ID_75SRWA0H,val
ID_XW4MHPBW,val
ID_E0Z45982,val
ID_8ADV6CPB,val
ID_EW1NJ687,val
ID_5HYYWTRW,val
ID_NIXEKO6U,val
ID_ACAET55P,val
ID_UKXR4VQM,val
ID_OOIVILXA,val
ID_LFHNNOJJ,val
ID_IWI5VO4J,val
ID_EWFXQK5V,val
ID_C2X0KO0Q,val
ID_QQJ8SHFZ,val
ID_FOC8PG69,val
ID_WBGSPU54,val
ID_G4TGF9Q8,val
ID_2EKL5ROC,val
ID_UV73L357,val
ID_9NVN3HHG,val
ID_FHDBY78I,val
ID_BN4YZLAI,val
ID_W76P5GVJ,val
ID_5JM7J6M9,val
ID_D60H48DZ,val
ID_GX9ANBYA,val
ID_0SDMRYNI,val
ID_ZM5ZUHJ1,val
ID_NJY7TBPH,val
ID_9MSROR53,val
ID_Q8B89S2Z,val
ID_JK6NX0ER,val
ID_5VF01GXT,val
ID_E56ZU51L,val
ID_5T3WJDRT,val
ID_O298J69P,val
ID_ZU2SIEV2,val
ID_PW61R1QC,val
ID_T226WM5Z,val
ID_ZE8S5CL8,val
ID_X7DM76AS,val
ID_SQSNXUV4,val
ID_EY4D0VWO,val
ID_Q5O94HWY,val
ID_ZKKHCVTP,val
ID_3HYBGNMR,val
ID_TLI2AU3I,val
ID_3EY37S9U,val
ID_B0K81GC2,val
ID_4XBQMEUS,val
ID_O1LYX61T,val
ID_RB32KYXT,val
ID_EVR33GMT,val
ID_17QTXFNQ,val
ID_AKTH6AMB,val
ID_E05N36Y1,val
ID_970X6EAG,val
ID_6ZUNMPKX,val
ID_ON2LK5J2,val
ID_YFN23W1X,val
ID_QEMQ5GH0,val
ID_Q67NYPVB,val
ID_R9PCXEVA,val
ID_2VWZ66M2,val
ID_PC90K3JM,val
ID_MCMNJVEG,val
ID_00Q1HAHJ,val
ID_8XTIJZ0P,val
ID_X5KJW485,val
ID_OD6DJDSE,val
ID_R04AQH3Q,val
ID_XDNTGR20,val
ID_VB8BO0DE,val
ID_Q5VCC3ME,val
ID_LW0LVQCP,val
ID_NLSICM0I,val
ID_5V03OX9J,val
ID_7J3CR9BH,val
ID_11GFIHTE,val
ID_9W158FAK,val
ID_1M5A3NB1,val
ID_SBAW3X09,val
ID_0GEKCZKY,val
ID_K521TCJQ,val
ID_WU5HT3PO,val
ID_1A63M3JX,val
ID_9TJ2J9YZ,val
ID_XGOT7ZSX,val
ID_72J2FBGI,val
ID_UMSHQYBW,val
ID_CPKHH6KM,val
ID_Q65GC37B,val
ID_Z1S9F0T2,val
ID_FUESKYT9,val
ID_8LO8XQTK,val
ID_G7D8I83M,val
ID_QAJTH6Y6,val
ID_JNO6G6R7,val
ID_15JHO52F,val
ID_LOJBOMUQ,val
ID_M98VBBR0,val
ID_GVP3023E,val
ID_1KORAFCV,val
ID_BVDGJI5O,val
ID_VY1PNU3J,val
ID_C4IWJ71L,val
ID_T9HG0IHF,val
ID_PEKAK2OQ,val
ID_PVL2GXPK,val
ID_QJPON9EA,val
ID_POFBXUI2,val
ID_2ZV4X2PD,val
ID_3XSCYB0M,val
ID_O0M9OTG3,val
ID_NXXWHFGX,val
ID_EWEBKQ0U,val
ID_FSQTDM84,val
ID_LFF46LCD,val
ID_VT8SSXTH,val
ID_80SWV2SR,val
ID_2AJHNR92,val
ID_TQHAC56U,val
ID_KILLIDYU,val
ID_G6LR1GLG,val
ID_19G7KSA8,val
ID_YA4IZLXV,val
ID_REVSHB95,val
ID_SAR7YP8G,val
ID_8PL1OTDF,val
ID_29CFBEGE,val
ID_TPX12C9X,val
ID_7U4SYZ5Z,val
ID_J6S1XQF7,val
ID_54HPXZD8,val
ID_L3U1V4SE,val
ID_CAQMV8Q9,val
ID_H3K7SCRM,val
ID_0942SA0R,val
ID_SBDOGA74,val
ID_EIRR0V74,val
ID_90MLIV36,val
ID_JYQJPR3S,val
ID_HZIHSU2G,val
ID_MCRVYN0S,val
ID_YJGI60WV,val
ID_PRNXA83S,val
ID_6NVR6ERV,val
ID_Q48CI3E1,val
ID_PTPBBFNK,val
ID_KOLGS4I2,val
ID_SOUUMJJQ,val
ID_IPAJA267,val
ID_2A2VIM8C,val
ID_NAR6CHJO,val
ID_PFK690CY,val
ID_1B33BWOL,val
ID_HO4SG670,val
ID_P77SB6CT,val
ID_VXJF1NMA,val
ID_XACXCWTZ,val
ID_2L0UBY9T,val
ID_O42TNTVE,val
ID_TNSE93JI,val
ID_0V3XYN07,val
ID_RAJ4X52Q,val
ID_OEJ6C1HB,val
ID_TEUN2D7E,val
ID_FROVBAYK,val
ID_0RIEM38C,val
ID_QJMLPUPF,val
ID_F66P3MAF,val
ID_UQKEQWCG,val
ID_15NVNJ3E,val
ID_QGK515SA,val
ID_EV8TNN64,val
ID_VTVZRC52,val
ID_FH2F0DDB,val
ID_7Q6UI3P3,val
ID_R6II6DCM,val
ID_Z2ZEP5XB,val
ID_E1OYYFIV,val
ID_MHXU6EH7,val
ID_EB1VKGW4,val
ID_46N76NYX,val
ID_H6OK5R5D,val
ID_J56KHRQV,val
ID_KEP57H3O,val
ID_S70AZ4MF,val
ID_ZX7Z2BI0,val
ID_4USIMR03,val
ID_EUUMD6P6,val
ID_9LN5DRYT,val
ID_6L6MHPOI,val
ID_PSRV92AK,val
ID_EL7WABED,val
ID_Q7NW2A8Y,val
ID_N947QWBW,val
ID_ZDAKZCFV,val
ID_652775KE,val
ID_X01S2RGX,val
ID_7UN8MJJL,val
ID_94PV69XY,val
ID_EWNQCBJ9,val
ID_K1XM6RW2,val
ID_AEXYY7EK,val
ID_3WLIFS0A,val
ID_XVE57R98,val
ID_BMSPWD24,val
ID_V1UNXE70,val
ID_182NP89M,val
ID_L0335O0M,val
ID_FWC6J853,val
ID_P0B3PH11,val
ID_9UGL6HU2,val
ID_7J514HXH,val
ID_WAS7B706,val
ID_TYVBFPQX,val
ID_GCEVFEAX,val
ID_FOBDAHP3,val
ID_JR400Z4N,val
ID_NS81WVS0,val
ID_PZOVI1IF,val
ID_XEHVM0UY,val
ID_CX3PMIP8,val
ID_13RO29TQ,val
ID_YFSHS902,val
ID_CMPCGRM0,val
ID_86IKYFKA,val
ID_X0UWQ8SQ,val
ID_RL28UHQJ,val
ID_8FHXDVKR,val
ID_7EOVSMZI,val
ID_2QOTT01G,val
ID_TJWAK1X0,val
ID_NWQEB3DZ,val
ID_S7W2PACQ,val
ID_DBXCGWSM,val
ID_YVO3213I,val
ID_PVQM7NGB,val
ID_GEQFDGRS,val
ID_J9OCRN6O,val
ID_8EDFRK97,val
ID_HBJZOV1O,val
ID_HBROOYMY,val
ID_F6G9GQUB,val
ID_8TEL1QUT,val
ID_9LAXY2IP,val
ID_6LFT2MGL,val
ID_9ARU7EGC,val
ID_XM9L998F,val
ID_VUOHPIRK,val
ID_YTVHYHFN,val
ID_6JXUV0G8,val
ID_6D3O5WSG,val
ID_B2P8BRIW,val
ID_9NIXGYZC,val
ID_EAMA647K,val
ID_PWPHBXFT,val
ID_7U1BFVBC,val
ID_BZM3QUW9,val
ID_WIDFHXW7,val
ID_HUCS8MNG,val
ID_TQ5E9V82,val
ID_2GFKZO2H,val
ID_YL9UWH96,val
ID_6JP8SF99,val
ID_KGQ1NL39,val
ID_719I2YCR,val
ID_UY01VG5J,val
ID_QMQQDO5J,val
ID_9SNPVCQA,val
ID_732N0ZJF,val
ID_CX6M2FGS,val
ID_17SV3OSC,val
ID_RTOXZ12J,val
ID_F854CXYD,val
ID_VGJ2OIIG,val
ID_JXBK9NXA,val
ID_66BP2JQS,val
ID_DEXT4556,val
ID_FZS4STY9,val
ID_CABK9NAH,val
ID_PV5C0QEK,val
ID_ZDHSRWW0,val
ID_5CCOZ4TI,val
ID_NALGW36U,val
ID_MZDODYZZ,val
ID_NY6TF0RL,val
ID_XF6B8Y29,val
ID_L3YSMKPV,val
ID_0Q2GLL4M,val
ID_UH3YDVIJ,val
ID_FGB547OH,val
ID_GQAW2Y8B,val
ID_VGKY17G9,val
ID_MJRKI0EQ,val
ID_JFQSO3ZU,val
ID_PZMFXRQ5,val
ID_05XELPRF,val
ID_AKHA912Q,val
ID_57J7NIIQ,val
ID_19C7VEHJ,val
ID_TDQWH7NS,val
ID_51UNP1PO,val
ID_WZIENTYB,val
ID_XJ9IHG8I,val
ID_N0Y5P5SQ,val
ID_6CKI2LL8,val
ID_SF60KAQ2,val
ID_VS7EK6AF,val
ID_EAU6L6KA,val
ID_UBYYCEW3,val
ID_018UIENR,val
ID_NISU6OYX,val
ID_0KVXSM1D,val
ID_GHETQQVI,val
ID_Z6OFU0DJ,val
ID_D2E9N5YP,val
ID_7TWRB8MQ,val
ID_S0H717CW,val
ID_T7EZROLO,val
ID_KC1DRO2P,val
ID_04TFK5CB,val
ID_3RPOTGNO,val
ID_NFXWNR83,val
ID_L5Z0OX41,val
ID_I9M17027,val
ID_SW5IROYF,val
ID_QY86C81U,val
ID_GC4T7X7H,val
ID_0A33W73G,val
ID_M566Q3HM,val
ID_NLSN6OI5,val
ID_3E5R08I9,val
ID_1OXTYJUQ,val
ID_FT2ZEPH6,val
ID_F7V5K1TM,val
ID_D05976JG,val
ID_6YMSD3A8,val
ID_CVC4ZHV6,val
ID_BKYSRLKJ,val
ID_L0TTXP7K,val
ID_HQM2992T,val
ID_A045JUII,val
ID_IQ24AFUG,val
ID_5IH31RO7,val
ID_M5OQ1NWD,val
ID_BJSYVKBE,val
ID_KPCAZX3W,val
ID_YX0UDUHL,val
ID_FPZ6W5N0,val
ID_ZNFEJDEI,val
ID_YHIH0A8C,val
ID_UN0T8KK5,val
ID_SA6QKUQ9,val
ID_PVCY9JMA,val
ID_ZHVMY4ND,val
ID_JQTZ8ED3,val
ID_3QILTXFQ,val
ID_G3FPCRRI,val
ID_FCU7850X,val
ID_6BU1UF1M,val
ID_LZD9L34V,val
ID_3Y8P4VZY,val
ID_8EURI7UU,val
ID_LJGCF4IP,val
ID_6A27PS9U,val
ID_BNQA56S7,val
ID_TE4UNWGR,val
ID_K51SGQYX,val
ID_31NNC0C8,val
ID_7BXWL7I0,val
ID_Y6ZC6207,val
ID_55784P8R,val
ID_O4FMQAWY,val
ID_5AAFL8MQ,val
ID_LD1X5GS0,val
ID_FHJD4T1R,val
ID_AU7WBUET,val
ID_3E65DDAG,val
ID_TAAPEDG0,val
ID_SAQTN7VB,val
ID_JSP016RL,val
ID_G4X4AD50,val
ID_3CAP0KB0,val
ID_B7425YNH,val
ID_EPDGAWWG,val
ID_GSYT7J1W,val
ID_GI5CKMCZ,val
ID_63H75IEF,val
ID_0AYMA5GF,val
ID_SY7JYVBY,val
ID_HBT2IPGZ,val
ID_KGZXPV9Y,val
ID_HNJUAEPJ,val
ID_XEI3A7LI,val
ID_L42SO7JT,val
ID_5S4VGBX9,val
ID_PYETAZ4S,val
ID_E1VT1U62,val
ID_SQE2RQDX,val
ID_UQA06SDJ,val
ID_4S773TPB,val
ID_YC7YB14C,val
ID_51C35MJR,val
ID_B8E9J4QG,val
ID_ZGXFIH87,val
ID_J621ZN6H,val
ID_KWQS3AH6,val
ID_Z96HFT8F,val
ID_TDSUB00B,val
ID_O48Q8O90,val
ID_6L43S7V3,val
ID_7GFMKYTA,val
ID_D5RX0UWS,val
ID_3Y8P5RS1,val
ID_A44163Z8,val
ID_6Q5EF4MG,val
ID_14O51OW4,val
ID_AKBSW5O7,val
ID_MC3DDA1D,val
ID_Y6V7WQ05,val
ID_CNZZXTH8,val
ID_O4EJVVJ6,val
ID_DKDUK526,val
ID_47VZ2HOF,val
ID_9A5UX54W,val
ID_B8DQ6OFA,val
ID_0ALZJXOR,val
ID_SZJJYIDK,val
ID_GPZKAGKZ,val
ID_9VMP3S77,val
ID_IZB1L3WU,val
ID_FOL9P6OS,val
ID_E09QMMOI,val
ID_VI5W4P86,val
ID_E9RQAYXO,val
ID_8XXKU2BG,val
ID_OL8M16Q1,val
ID_UM7IXS6G,val
ID_CVLE9FSR,val
ID_AOARPTJ5,val
ID_4RPMIO3Y,val
ID_WULYF1GP,val
ID_VR7WDCZS,val
ID_NWVECXQY,val
ID_OB8G02FV,val
ID_SYSN61SX,val
ID_NK4D9VYA,val
ID_EL6Z7EMY,val
ID_49XY52C9,val
ID_FD5JL413,val
ID_X8ZHZK0R,val
ID_GK0TDDFE,val
ID_KJZ1SZK6,val
ID_D58EN9IF,val
ID_O8WYU7YW,val
ID_QMG2W47E,val
ID_CJCF0O17,val
ID_DMAPWWV7,val
ID_IHXE60WK,val
ID_LAOU9ZR0,val
ID_KOC1U6Q5,val
ID_4QBSK2Y4,val
ID_YV3R2BT3,val
ID_8A10WTE0,val
ID_F696TNME,val
ID_7QNXKKGF,val
ID_NJAUT97M,val
ID_6RPHGHHD,val
ID_WFNGT2UO,val
ID_FLASKFZU,val
ID_G5V0N7L1,val
ID_8T866WWO,val
ID_QHWQWRX4,val
ID_LSAWPPHX,val
ID_OTC3BP5R,val
ID_DBSE1CZS,val
ID_CKVNRTD2,val
ID_TGY159Z0,val
ID_ST5M4MMA,val
ID_UWGKCSAX,val
ID_K1GBV9NN,val
ID_LGWEMCYZ,val
ID_W4YTMPY7,val
ID_G62GLVKK,val
ID_37JULZSO,val
ID_C8HMNQ34,val
ID_AKRWXYXP,val
ID_AYGE2FJW,val
ID_KHHS8XKE,val
ID_NLAPG60L,val
ID_ZAIL6SUG,val
ID_AKKBFVH3,val
ID_6DLUBQ44,val
ID_6WDO8VOK,val
ID_ABDRJZO2,val
ID_R8FCI0QX,val
ID_3IV9179Y,val
ID_GO95PNRJ,val
ID_5Y46UM86,val
ID_NKEL547Z,val
ID_R69SX9V2,val
ID_CPEDVRVS,val
ID_JV9D4SIT,val
ID_PW6EJPGO,val
ID_LJ2GLUKF,val
ID_55NRNPET,val
ID_JKP6RV96,val
ID_JIEZ9N5I,val
ID_6I2DCJ3A,val
ID_FPN53JIC,val
ID_XEPQ6DV7,val
ID_VIYH2Y61,val
ID_7L4LORAB,val
ID_QBWVT9X7,val
ID_ZSSYVMKM,val
ID_KRKCIX5H,val
ID_ILCYPBDA,val
ID_6XVKWQDT,val
ID_U8LHB2UA,val
ID_J583FDKQ,val
ID_U7BJTCUN,val
ID_MKCXC1E1,val
ID_F5M5ARVQ,val
ID_UB7AT5HV,val
ID_1HHE25OT,val
ID_V0VW8MSQ,val
ID_IMDKOZBH,val
ID_LRL8GFSW,val
ID_FGB8FWRP,val
ID_1BNR6B76,val
ID_QN51MIMV,val
ID_HBZHUJLU,val
ID_0KVO0QTC,val
ID_5UFBH9G5,val
ID_7TGQR3J3,val
ID_CGZJISIW,val
ID_GKC3IZ6M,val
ID_LNX05RRP,val
ID_7IMTERMU,val
ID_M1ZQHIT0,val
ID_NQ661S6N,val
ID_8GO88C7B,val
ID_RQN7KQ0P,val
ID_V3INOZYS,val
ID_K79KF40O,val
ID_J07WZMOP,val
ID_NRTML4RE,val
ID_CR5L4UCV,val
ID_77Q6P6SX,val
ID_8OYM0P0Z,val
ID_FQ6TY8CG,val
ID_7TH76JGM,val
ID_1UWEGMG3,val
ID_G79XOVFF,val
ID_IIWBLCEN,val
ID_I0KWF9BM,val
ID_G6Y1F2H1,val
ID_HUGP9GPH,val
ID_OZ28VH2N,val
ID_SD3CGJ3E,val
ID_0A17PN91,val
ID_0BP4K0U0,val
ID_LCB0RT4S,val
ID_5RGJZJOZ,val
ID_OUKE8NFT,val
ID_QDT7QAXF,val
ID_BVEK69K1,val
ID_Q55KFW12,val
ID_OQ3N3PD5,val
ID_3BGA2GRZ,val
ID_TKJKAH95,val
ID_WRDUB0BW,val
ID_6Q3YH9OC,val
ID_MGVO24CP,val
ID_UUXDZPRH,val
ID_4QYKF9NR,val
ID_K9L9XQM2,val
ID_H3KDPY71,val
ID_K93ISTL3,val
ID_COA5WBA4,val
ID_U19VM9HH,val
ID_SFH4TOGS,val
ID_HKY65IY5,val
ID_VXAYMG1A,val
ID_FAHS7GHQ,val
ID_F0912N5P,val
ID_ME2B9U7O,val
ID_HHI8OBL0,val
ID_RAGW23R5,val
ID_55EYAKL9,val
ID_7TKRD4BS,val
ID_S23Q3JYK,val
ID_UZNBGGDG,val
ID_W5MIYQ1Q,val
ID_1YUXXQHP,val
ID_EMZVKE7Z,val
ID_L44Q94H3,val
ID_JYQXRUFK,val
ID_WWX1YHCL,val
ID_2Y5Z69NM,val
ID_FVF3GOB5,val
ID_4QLCXAKU,val
ID_4HZGXUDQ,val
ID_BZT9WZQL,val
ID_5TX7IFEL,val
ID_5YZINITD,val
ID_OYNWU7KC,val
ID_91T947JM,val
ID_RXJZ4CVF,val
ID_B84CQ5EO,val
ID_YDP6SJ9A,val
ID_MHP1KUYX,val
ID_MHBBDGMZ,val
ID_OSMQC26Y,val
ID_CR4FBST6,val
ID_KTQEP0NY,val
ID_Y621IDUD,val
ID_N1DJBSP6,val
ID_DRVVVG7M,val
ID_714OUN9A,val
ID_4YD102Q2,val
ID_AZJAN8HD,val
ID_LTT8ST62,val
ID_79XBG8W4,val
ID_W6XWXMP1,val
ID_MXZ5BQY9,val
ID_XS6W0TCR,val
ID_QIZXP08P,val
ID_4U11Q75H,val
ID_8V6ATR2I,val
ID_DVMV8MBW,val
ID_QZMO5STC,val
ID_YYW6U87P,val
ID_KKFFJ8BB,val
ID_L4K0318L,val
ID_2MP8F23G,val
ID_H396C9TI,val
ID_774W0G0R,val
ID_81OI9ZWR,val
ID_EV3HH0E9,val
ID_3UTB7ZSH,val
ID_1BNAJK2V,val
ID_GZO851MW,val
ID_U4B7A2BL,val
ID_UBMECBSN,val
ID_PI2X77O4,val
ID_CW6O8L7F,val
ID_G8J5LXS4,val
ID_T84I82A4,val
ID_MRJJ9RID,val
ID_T51C3F0F,val
ID_JK5RJQQP,val
ID_MW3TKKJ9,val
ID_R3640OS4,val
ID_A83PA5NF,val
ID_TF21043T,val
ID_EPDUCBVJ,val
ID_P2RW0Z4M,val
ID_NI5M65OT,val
ID_M1D8KE1O,val
ID_BVJHI7KK,val
ID_W7WQAT3K,val
ID_F3HHJLJN,val
ID_YSKRN3DF,val
ID_RYEQCFGL,val
ID_570BU7H4,val
ID_P9QA2NTP,val
ID_PZZHGYT9,val
ID_NNK4IRV9,val
ID_SHKXRA5C,val
ID_B2BVAWWR,val
ID_ZWNB4D0N,val
ID_P7XZWJKH,val
ID_MCE07CVA,val
ID_PO06WTJL,val
ID_DO9SBLTV,val
ID_8IO1ONBS,val
ID_UMJGN1KZ,val
ID_REY1689U,val
ID_M8L73Q6P,val
ID_80BSHIDB,val
ID_JFB8D3ZO,val
ID_BZ6K91ED,val
ID_UV2AHTY0,val
ID_XJAY816X,val
ID_EQGIE0SI,val
ID_GXPLAXL0,val
ID_DU2AOY9E,val
ID_PAOQPPR0,val
ID_LPIL8R5B,val
ID_9KCD2QHW,val
ID_21CQBXHO,val
ID_BIWBDKIM,val
ID_LDK7TM42,val
ID_N3SI8VBD,val
ID_3HG6KPQE,val
ID_DRFJ5X9U,val
ID_4XGLEPJ0,val
ID_6B7AMC3C,val
ID_W0MFH8SN,val
ID_ZT30SHLK,val
ID_XSRIBEBU,val
ID_D0VS60QI,val
ID_AYJE89VO,val
ID_QZ0AJ5S1,val
ID_J143I905,val
ID_KP3W8W7L,val
ID_Y8ZVL50A,val
ID_U99EIKY3,val
ID_50NEUP8F,val
ID_CPHWNAOA,val
ID_QMV9Y4OG,val
ID_Z8UQF3CC,val
ID_M9MN6JTY,val
ID_8SACE7ZU,val
ID_NFSFTWGU,val
ID_D3BQBBEI,val
ID_CW16JT1K,val
ID_7U12MR8A,val
ID_FWM5O72K,val
ID_I8MFQ7Q2,val
ID_BGBOS5IH,val
ID_VEKEUDIV,val
ID_03Z96P00,val
ID_5Y8NK3QF,val
ID_S1FB825L,val
ID_UUHQ4XH5,val
ID_NTZWM4LO,val
ID_9B77UFMG,val
ID_OW4D0J12,val
ID_2NW76960,val
ID_NU45FBO7,val
ID_F23HV0L3,val
ID_2G35M89A,val
ID_G97J32EJ,val
ID_L7PDV37F,val
ID_F4Y07Q83,val
ID_CQ7AGZNX,val
ID_FYWWAAJY,val
ID_X1KR6KL0,val
ID_2MGMZ5FN,val
ID_BMNF50YS,val
ID_ZN7JLBZF,val
ID_SEVMP7TT,val
ID_KKPIA6BD,val
ID_VNW4OBT1,val
ID_DW8E7Q1L,val
ID_NDUTS915,val
ID_TXWYQATA,val
ID_GRA932US,val
ID_QVLAZQ6S,val
ID_OHAYWQEH,val
ID_AVFSAX1E,val
ID_TBJATX6N,val
ID_88DOZ45A,val
ID_MJDB8OSV,val
ID_58BEZZK4,val
ID_7AW2POQV,val
ID_BWCU2F3J,val
ID_O0Y177G4,val
ID_Z9RJKXSE,val
ID_7G99B5RU,val
ID_9UI4FQNH,val
ID_OQZTDKSB,val
ID_K3GM19RF,val
ID_5TIZWVCE,val
ID_CHP539Z5,val
ID_9YG2N9P7,val
ID_7SPNI1VC,val
ID_RFSKAHZ9,val
ID_6V8RB07C,val
ID_VPMFPVJS,val
ID_MFDOZQWS,val
ID_04BG2ETJ,val
ID_OF637NYN,val
ID_9PIWB14I,val
ID_AR5GPCOA,val
ID_FK9CNEFL,val
ID_LJMIO52L,val
ID_FCTGKMDC,val
ID_BUCBT224,val
ID_QW8M4HI9,val
ID_82CW9Z6V,val
ID_6FZDMCMM,val
ID_1XB82P3S,val
ID_MR85SETK,val
ID_6UI7N0GR,val
ID_AAJDZISX,val
ID_C42XHYBW,val
ID_66F7FPMQ,val
ID_XBPD2T73,val
ID_8VXQG4KL,val
ID_D4KA53L4,val
ID_R5N8B31Y,val
ID_IKESQH7S,val
ID_KF6A97BF,val
ID_4PVIWGOO,val
ID_VM7Z6Q15,val
ID_BHID533A,val
ID_Y65ULLHY,val
ID_S3QXP9Q4,val
ID_T8XP14IY,val
ID_L0RJV6S8,val
ID_74UR2LGV,val
ID_FGBCK28P,val
ID_3RBOM4GJ,val
ID_SHJ3NGJ6,val
ID_731RBIHN,val
ID_PSXRC6E1,val
ID_641C671Y,val
ID_CEJBW3KQ,val
ID_OQRT6Y02,val
ID_UCQ7PHFW,val
ID_ULYTPF2S,val
ID_NZTR06ZB,val
ID_NEUIT9Y7,val
ID_QVEVEFLQ,val
ID_0LCL8XJT,val
ID_UYGQQCX8,val
ID_OVJW9FAF,val
ID_BAPXAEY8,val
ID_CC8P6WLB,val
ID_TD2PM2L4,val
ID_XI0BVUPT,val
ID_OG1SMJN7,val
ID_9DX69M2H,val
ID_AET3DLAH,val
ID_5T6GFZWE,val
ID_F46DFWYV,val
ID_9MLTMLI5,val
ID_X5UZOGLO,val
ID_Z94XP13L,val
ID_K8LCC34M,val
ID_IY7MM2Q1,val
ID_TTXZR2ZZ,val
ID_Q695RI8D,val
ID_UJCI2NYN,val
ID_TR9AV7OH,val
ID_74B2CYH1,val
ID_ZGQW4IXB,val
ID_WYOWH24Z,val
ID_HLKL39HS,val
ID_2ZK130HO,val
ID_3JQ27A28,val
ID_HU17K7U3,val
ID_26YP8FYH,val
ID_YCMTUFB5,val
ID_KP7QST61,val
ID_RVX8G2FQ,val
ID_TKXDXTGL,val
ID_U3BMMSBA,val
ID_RHYZSN8K,val
ID_NSLTFNVX,val
ID_6HM6IB8Q,val
ID_DM49EU2C,val
ID_KG3BY6BE,val
ID_AAJUMJPV,val
ID_6EGDTA0Q,val
ID_4OZKIDI8,val
ID_2JAE27T1,val
ID_9DNC2KBB,val
ID_9IXA1Q0R,val
ID_W0C6Q59C,val
ID_5BSXYILI,val
ID_35GA0WF7,val
ID_CRPJ7A8J,val
ID_47VKPWAQ,val
ID_MEP07FIS,val
ID_23ZPPI47,val
ID_2W00X8UX,val
ID_WJSMY0RD,val
ID_GFP1MSJP,val
ID_O2HAZKBS,val
ID_V965RW72,val
ID_8FNUX4CI,val
ID_VS0R8APM,val
ID_9FJYAU6R,val
ID_FODSM7B7,val
ID_CJ5D2L57,val
ID_FPDHOVOW,val
ID_XMWG42WI,val
ID_ARB943LW,val
ID_NC7ZDCRT,val
ID_L4ZNW2A6,val
ID_9G9GZ2C5,val
ID_3TZ5SS1N,val
ID_DJWML0UA,val
ID_B56ZERZK,val
ID_LRULZB6M,val
ID_DB3JEH6F,val
ID_6LJTNFAJ,val
ID_6U70SM3F,val
ID_Z6AG6FR5,val
ID_9WLSNGOT,val
ID_Z3L8HJPH,val
ID_KFR2DKLA,val
ID_7L2WGKOH,val
ID_R23Y30EI,val
ID_IZXZ2AZJ,val
ID_SD2FOZYW,val
ID_H6ITAYS2,val
ID_CWR7JEXD,val
ID_A8IABJ5Q,val
ID_CCJD4OQI,val
ID_E34IIMC5,val
ID_NG6C4PP6,val
ID_ZF9NWRAA,val
ID_H8C96E9C,val
ID_4VJOOTM3,val
ID_VRHQVMKT,val
ID_TF5VU9O6,val
ID_CK20Q9DS,val
ID_V06JILZM,val
ID_RDF0CUYY,val
ID_LVQY86YG,val
ID_VN9M4VO3,val
ID_3FXAXOTM,val
ID_8C1RIROR,val
ID_NUFV7F3Q,val
ID_7TNZ9GN9,val
ID_1X18WMB8,val
ID_JDWHKQEN,val
ID_VYDRO8EF,val
ID_ZQ937AYT,val
ID_U0JN9UIM,val
ID_7ES4AMEU,val
ID_UVYV81N8,val
ID_KXUB1B6Z,val
ID_JSAI0S37,val
ID_JL88APQX,val
ID_39IJF7QQ,val
ID_M4F97PA9,val
ID_RWZDENU4,val
ID_5FZ8SX8A,val
ID_TNNMSTI6,val
ID_R6E00RIW,val
ID_4S5SMSC3,val
ID_FBL1O99Q,val
ID_D9OETRMC,val
ID_2M93WPAM,val
ID_LTTLW4Z4,val
ID_AT3M33C0,val
ID_ILZ57OVM,val
ID_FL7XFNNJ,val
ID_LNPJZ6GU,val
ID_GPDJFHUV,val
ID_7Y3P68AI,val
ID_CS4K4YFP,val
ID_A3SH6D97,val
ID_7PDQU3KI,val
ID_E5GNS2XG,val
ID_NZ9UYIQ8,val
ID_4N4K270V,val
ID_Z8H9G0OG,val
ID_8MPVKLZQ,val
ID_9G6GU14T,val
ID_S0RDR3NH,val
ID_IYPIWVCL,val
ID_SWPTWP82,val
ID_SJIZYHG2,val
ID_Q3M5LFQN,val
ID_HST6SPXX,val
ID_0R1T7LEW,val
ID_8GSTTTBD,val
ID_9WRLHGNT,val
ID_RMW3FVDR,val
ID_XG5LRBZN,val
ID_SQULHLU8,val
ID_8Q6SL3X4,val
ID_JFRFJIFT,val
ID_8C0NLXI4,val
ID_V4NTZM4X,val
ID_ZXH7M2SU,val
ID_PS296N3A,val
ID_KWRM72VF,val
ID_H05O3NVI,val
ID_6JYPDBR1,val
ID_HW02AYXK,val
ID_W8SQK1N2,val
ID_CTV8SUDF,val
ID_QVP88BXI,val
ID_D7MMIWR3,val
ID_EBVIEXW5,val
ID_F4OJ39Q6,val
ID_T2H0BWCZ,val
ID_Q2E6FCC3,val
ID_AKSD3L53,val
ID_XK2X44Y8,val
ID_OP9E130U,val
ID_6T2HS3N0,val
ID_GDACGY2P,val
ID_GUGUZ7NQ,val
ID_YJQ68TUB,val
ID_RQCDNDPU,val
ID_NY6E3Y7H,val
ID_0ROKUO4R,val
ID_S9JMV54Y,val
ID_AA4D5DFP,val
ID_G51VD4DO,val
ID_46HXT021,val
ID_VB7XTG9R,val
ID_M0ZRI5MP,val
ID_YG19W6VP,val
ID_WYEYTWO9,val
ID_M0TMJDHI,val
ID_D9WKFKWT,val
ID_IXRSRJYD,val
ID_MUOBDTJ1,val
ID_WQ8PUF76,val
ID_C8QJFOIW,val
ID_8QUJNTOK,val
ID_BIXLQKYU,val
ID_SO28XA9C,val
ID_QJWO84YO,val
ID_E2HS68GU,val
ID_93W36WIH,val
ID_A6VA4XCJ,val
ID_BPFSN9SR,val
ID_FIEXHI9Q,val
ID_G3WMTOZI,val
ID_4PEVOFH1,val
ID_61UEI44C,val
ID_ML0QV47X,val
ID_9CGP4K4R,val
ID_YI7U54YE,val
ID_RKV9LK1I,val
ID_LXSTOHRY,val
ID_U3WT15A1,val
ID_KP7JS0F1,val
ID_EY7RWL38,val
ID_CZ97NL5K,val
ID_TFFF3YTD,val
ID_6YXOSG1B,val
ID_WV6ZO42N,val
ID_VD1REUIV,val
ID_MPUSX7RS,val
ID_TTS7PN5U,val
ID_HJTBQWVE,val
ID_019Q1JHV,val
ID_MPZVMKKM,val
ID_MBGJ3F6V,val
ID_AZF5CAEH,val
ID_17ZKJ0C2,val
ID_SS9IK39G,val
ID_JOQS4XIE,val
ID_BZ212LIC,val
ID_TEGU1NZB,val
ID_3UDQZ78Z,val
ID_YIR5PTS3,val
ID_VKAETH7H,val
ID_3518FDVM,val
ID_CF92SIA3,val
ID_FBZWMIA6,val
ID_6V3TRIH6,val
ID_5TS8GVWV,val
ID_AGBZ9USE,val
ID_TTM8YT3C,val
ID_U8ZBFKLP,val
ID_U30Z12VA,val
ID_38MKOW9D,val
ID_H260ILUW,val
ID_W5IOHL0H,val
ID_14MKI6IZ,val
ID_PJKYGC9X,val
ID_CAOXI4M8,val
ID_NQEJWR0W,val
ID_6V7S3MJT,val
ID_G12V36PE,val
ID_SDLOKPQZ,val
ID_69AR6CID,val
ID_N8HU1HGM,val
ID_TCO4YI7J,val
ID_4OA0M1DC,val
ID_B56GUDQT,val
ID_37660SGE,val
ID_J94HRX8J,val
ID_QZFCDA4P,val
ID_L2RST38V,val
ID_AA0UWBJH,val
ID_W6KWZQ52,val
ID_6G5ERMRN,val
ID_RWT4YI31,val
ID_UHLQO2Z7,val
ID_O5Z5H2IL,val
ID_F7UN924M,val
ID_61CYBPA2,val
ID_OZNCLSBW,val
ID_R7RIP19K,val
ID_YGZNYMSY,val
ID_8NDSRSSB,val
ID_A8LYGGXA,val
ID_2QDRVXI9,val
ID_8CKTQ2MT,val
ID_VT8JAM0B,val
ID_V9IJ64SU,val
ID_PNPBIO8L,val
ID_EOHXSQ6B,val
ID_9EFWD74C,val
ID_38NLYCPX,val
ID_0PTBX7D4,val
ID_PVBPWGYN,val
ID_SWLKXF1L,val
ID_1PV4H1NZ,val
ID_N4O4D4P2,val
ID_IBMN7MJN,val
ID_4ULDDF4N,val
ID_7ULAGIPQ,val
ID_O9G2P2FV,val
ID_Z1U0URK4,val
ID_FDW60N8L,val
ID_TY2KAWAZ,val
ID_IZ26IDG1,val
ID_KRC9CJY4,val
ID_YMM2BVXE,val
ID_3A2MX1T4,val
ID_IJ4S6B0Q,val
ID_LOZ9Y99I,val
ID_VAQ0V1DF,val
ID_9YQPN05M,val
ID_W3MHWJAK,val
ID_KKZWZO29,val
ID_X8KZZXBR,val
ID_SVSF4WIR,val
ID_7UPRLJ48,val
ID_07F3OJNQ,val
ID_5Y49YIVL,val
ID_G1HIX0OP,val
ID_B2TIQPZI,val
ID_HC5QOZ7N,val
ID_S1LA8ERA,val
ID_42KOGRFF,val
ID_BJ1UT7XQ,val
ID_SALIR97L,val
ID_6RK54WJG,val
ID_JSHDIGMI,val
ID_U6CTX6OD,val
ID_JV19FPPL,val
ID_D5RTQ9XR,val
ID_NDMIV8RE,val
ID_274NDY18,val
ID_ULBQNUUS,val
ID_X6UNBM34,val
ID_W9YOSNB9,val
ID_3WBPBH39,val
ID_FM4A0FTT,val
ID_ER6AINJR,val
ID_Q17C0114,val
ID_19SZ23PM,val
ID_2UVZ5V0W,val
ID_68RQZNK5,val
ID_5EQSBMLD,val
ID_F53SSHDT,val
ID_545JRM9O,val
ID_SDTQS4SW,val
ID_CACUAX71,val
ID_Z86OEQXR,val
ID_2LLKKG8M,val
ID_N8CI5II6,val
ID_O2ISNDTE,val
ID_AAQX3V45,val
ID_45HSCTDB,val
ID_GYB6LPZD,val
ID_NMDTUF9Y,val
ID_3VLGQ2WE,val
ID_57FJA7UT,val
ID_YLMA6ZK9,val
ID_2HLQO5DP,val
ID_2UBP7MAP,val
ID_M05IAH8Q,val
ID_BTYA3FN5,val
ID_52YLJL5X,val
ID_WATFYXQH,val
ID_BG2QED8F,val
ID_4X3M9LND,val
ID_4VSHFEKV,val
ID_ERYNT97Z,val
ID_ARRYRK7V,val
ID_JF7R8FBT,val
ID_44PFAKMK,val
ID_9IKLFIB3,val
ID_1S4TDZJC,val
ID_LA916TPH,val
ID_3Q8GGUSO,val
ID_NXVIQGCA,val
ID_Y9ERN4CF,val
ID_0OC5XAK2,val
ID_HUWOZSGY,val
ID_0EL7ZMWT,val
ID_S58EAOG2,val
ID_7X9SFN2S,val
ID_XCWWQGK4,val
ID_XYH2976G,val
ID_GGEQ9KP5,val
ID_VIS8CNBQ,val
ID_XAKB2BC3,val
ID_DK9B62ML,val
ID_0ULNV7W6,val
ID_26WU3BZX,val
ID_FZWABGKL,val
ID_4HKBUJVJ,val
ID_ZDK6IOLI,val
ID_4U5FX7OK,val
ID_YG3GE0N7,val
ID_BVX6LJ0R,val
ID_VXJLV6NM,val
ID_OGOKA968,val
ID_BSGA9RFJ,val
ID_M1MOY8NG,val
ID_0RTEJ69Z,val
ID_SS3VZ3GH,val
ID_D08WTX1Z,val
ID_0DCSMMXJ,val
ID_3B4J89SN,val
ID_GV3XVJ52,val
ID_4FKZWWGN,val
ID_G2HAK1XY,val
ID_7BBW2LLT,val
ID_1XBTSVEZ,val
ID_NU9YF808,val
ID_4Y1R588B,val
ID_D7T1IEQQ,val
ID_Y0DEK90I,val
ID_TCQIQ8RY,val
ID_BAOHVW36,val
ID_8FVR26I8,val
ID_XU0CHU0U,val
ID_YTTUW1CA,val
ID_K27ARCYY,val
ID_ICADDX17,val
ID_KHZANUT5,val
ID_UDYWLSL6,val
ID_5PH8S6XV,val
ID_6BNB0JT6,val
ID_0KK4G0F5,val
ID_YMCDXDH4,val
ID_DIKVPRSC,val
ID_9P7NVX7V,val
ID_DV8ZBA51,val
ID_G9TBZNZ4,val
ID_X3QCX61T,val
ID_1FY6R2J1,val
ID_1V5UDBLH,val
ID_RE81ZTLT,val
ID_92SHCLSS,val
ID_GH3ZSH3C,val
ID_Y1LGHZ7M,val
ID_Y2OJXK9K,val
ID_VHEGM9ZA,val
ID_7DD9C39S,val
ID_88ANP7NC,val
ID_LB556JTY,val
ID_EE273RN4,val
ID_XN1W09IQ,val
ID_DX3QCD85,val
ID_FIKUXC3O,val
ID_LQ1HENM1,val
ID_VP7IWBSG,val
ID_J3QSNGD7,val
ID_DIKS5OUO,val
ID_M7PGLP0H,val
ID_IIR4JWK9,val
ID_HU3XQ4VJ,val
ID_BQ01150V,val
ID_1U8W93R9,val
ID_KPJDRDMC,val
ID_52ACN4Z8,val
ID_LP4H8IH4,val
ID_FK7D2W71,val
ID_LJ7NIBP2,val
ID_85IMTY91,val
ID_ZOQ7SYZI,val
ID_USVOTQEN,val
ID_1EVBZOYF,val
ID_756L37IN,val
ID_81KRQMHD,val
ID_28YM6J1U,val
ID_4FPBATEK,val
ID_XRZVMA5X,val
ID_2KAXL3S6,val
ID_4SQ50NWG,val
ID_98QA74OV,val
ID_33G5X4YF,val
ID_OG3JEP51,val
ID_WCA70P3L,val
ID_P27OA40X,val
ID_T77XLK65,val
ID_NA3IX5B4,val
ID_JK6G4FIC,val
ID_RK5CBESC,val
ID_XC2384QF,val
ID_9EE375CU,val
ID_OQOF5MW0,val
ID_IWV3991W,val
ID_A9E5X07Y,val
ID_PCK5D9SX,val
ID_7GCEB1GU,val
ID_CQ005B7A,val
ID_SUT4TJYW,val
ID_5DC5X9PN,val
ID_8FM5BA2L,val
ID_P3UPDOCR,val
ID_D2CG6273,val
ID_PK2Z118G,val
ID_WEM6G64Q,val
ID_3IJX2CF0,val
ID_MRFJ3TFC,val
ID_8ZWSGB0N,val
ID_D16H8IH3,val
ID_1IH8D24D,val
ID_XYSXX184,val
ID_DFMVBPLW,val
ID_6HXW4C6P,val
ID_KH41LBCD,val
ID_0TMBMR0K,val
ID_U4C83XPV,val
ID_ZTZ1NRS8,val
ID_G3YYD7L7,val
ID_5RTBEEND,val
ID_66Q9WLA3,val
ID_KGF2JRZD,val
ID_SWLVTRQQ,val
ID_EBZVZ3VU,val
ID_0I05NLU2,val
ID_Z4M7WIZY,val
ID_HLP98O5O,val
ID_YY2IR26H,val
ID_HYPAM8LD,val
ID_OGBF795C,val
ID_WRUNVAHN,val
ID_M5LHGO08,val
ID_B240WJHP,val
ID_S0GVEWHC,val
ID_JJWS7ENU,val
ID_UFR70QQE,val
ID_GUZNLC29,val
ID_2V840AJQ,val
ID_B9Z78G9D,val
ID_PZO1SXZI,val
ID_VIWEW0Y4,val
ID_4SLNOQB9,val
ID_03VILU9B,val
ID_U0L832QQ,val
ID_143MN8DU,val
ID_ANV4FN2X,val
ID_39ZGFOQI,val
ID_IGZSINE7,val
ID_K3KIXKHB,val
ID_J09KD63K,val
ID_F3CSWR9Z,val
ID_YAD30PFB,val
ID_YUFYK3F2,val
ID_3JYSZFE3,val
ID_21A2KQNZ,val
ID_99601MLT,val
ID_ZDLTUQCQ,val
ID_5ASZZH8G,val
ID_EXGVQJLO,val
ID_C4KANQDI,val
ID_YG7VWBC4,val
ID_ZJA99IVJ,val
ID_EWLVXISX,val
ID_9GGYTTSX,val
ID_7BVRQDGR,val
ID_JZW6GZ0R,val
ID_8PODTIFH,val
ID_OH5DDC47,val
ID_KN79OLDP,val
ID_V9RG5857,val
ID_BOV2D1ID,val
ID_WO7DKYP3,val
ID_E71TCJ90,val
ID_I7P76KEI,val
ID_O96MH57O,val
ID_LLVVQLHS,val
ID_488Z53JQ,val
ID_YE4UIXHF,val
ID_5T15OZ5G,val
ID_SOZ0V1OI,val
ID_65N1ARVK,val
ID_F0PZB9X8,val
ID_G9IO3SUQ,val
ID_Q96WJSJR,val
ID_78BEITV1,val
ID_10FDJLZD,val
ID_DKH31VJI,val
ID_E4UDMWR9,val
ID_2P3DP8HI,val
ID_75BPOHPC,val
ID_VIKW2GJI,val
ID_RNQ0RUAJ,val
ID_WLMUTOBX,val
ID_82IW083H,val
ID_G6F8YMI1,val
ID_X5QVO2PE,val
ID_JESV9RMD,val
ID_39JB61CP,val
ID_CV29RS3L,val
ID_3AWZM32A,val
ID_2DBL0C7S,val
ID_QXUQZ73E,val
ID_OYXFRXLZ,val
ID_FRCK6SWG,val
ID_I37NFKYN,val
ID_ZJERKIKA,val
ID_QP8Q93HT,val
ID_RLFLX55B,val
ID_DGLTCJZJ,val
ID_O0JXCNT9,val
ID_MKEQREZP,val
ID_DHB28WIZ,val
ID_O73ECZH6,val
ID_KBD4DYLD,val
ID_0QSCQZ2T,val
ID_5QB4UBYD,val
ID_IEAA31G4,val
ID_QO4GX1DP,val
ID_RDW9PEST,val
ID_MVB1MZLP,val
ID_0ASZX9GU,val
ID_3GF0TS0J,val
ID_AW0EVJTN,val
ID_L0UF2442,val
ID_BF9YU1FT,val
ID_2QJVTMG5,val
ID_3U56Q54K,val
ID_2EVSTHDZ,val
ID_J1VHWQ8L,val
ID_AAOC1PYV,val
ID_R9POMWOF,val
ID_Y50BKRH1,val
ID_CAE8HO0M,val
ID_K73PPLC5,val
ID_A9IPUBKC,val
ID_OWJLX42V,val
ID_QQNHSNNB,val
ID_2V6EIY3F,val
ID_11EBZ5Q1,val
ID_AW400YGB,val
ID_ZL950DQS,val
ID_VZ3DTNYR,val
ID_6C4OF0E6,val
ID_OWG6Y3XY,val
ID_SAGQO8DY,val
ID_YKV0RFQW,val
ID_E05D7G2K,val
ID_U2TZ0A2J,val
ID_KEBG0XIN,val
ID_BG781558,val
ID_WWJYAPAE,val
ID_G6PBGAF0,val
ID_BAGMJD1Y,val
ID_9DFS3U74,val
ID_E8WAB5EZ,val
ID_B75YXNJI,val
ID_8PGNSPKE,val
ID_WZ8VXPWY,val
ID_MC3IJKGA,val
ID_RGLBXF3X,val
ID_L8UICAIP,val
ID_DVLUTCEC,val
ID_1W6JQYLQ,val
ID_97UWR81M,val
ID_8JELQJTB,val
ID_TGOUYWTO,val
ID_778P1IM6,val
ID_7A1MKT2W,val
ID_RWGT47UY,val
ID_JMAT2KKM,val
ID_D34CJMDA,val
ID_3NJEBLV8,val
ID_E20XNMCC,val
ID_Y5WKCOM9,val
ID_IY5G4QRB,val
ID_K0VFFVPQ,val
ID_QXBZRV5R,val
ID_68WLVB76,val
ID_HQD7BG5Q,val
ID_MK0CXV27,val
ID_ZQLQDOCU,val
ID_O80RQFSX,val
ID_KEB1CGOJ,val
ID_S0VMEPNQ,val
ID_9G1DX183,val
ID_LB7S8UAH,val
ID_Z9L5Y3WZ,val
ID_2QWTCG7R,val
ID_D2BS5LNR,val
ID_LPCSINJ0,val
ID_M40DGTC2,val
ID_H2MULHJ9,val
ID_1F4U9QRH,val
ID_2PAD3WR0,val
ID_ED7QI9TA,val
ID_2SODIR84,val
ID_9W9B8Y0U,val
ID_ZKGJCOK6,val
ID_93FF6LZO,val
ID_9R8FT11J,val
ID_UL08KATC,val
ID_057UILF5,val
ID_PPEXBH0Y,val
ID_73QIR6KE,val
ID_HH26RZLB,val
ID_KCPH9VVV,val
ID_HKAQ1ZTL,val
ID_NIYKZEW2,val
ID_RRHLT8YX,val
ID_ERNQR0NQ,val
ID_LNSZI1R3,val
ID_H5B2TLOZ,val
ID_BWO7PD8T,val
ID_5LJEIELL,val
ID_X90OV5FD,val
ID_JYJ0SPK3,val
ID_JJBOTCIA,val
ID_6RP4DQ0D,val
ID_J45WDW5Z,val
ID_EGM04SRD,val
ID_IYI2ANH6,val
ID_U5YHXHB2,val
ID_ITPZNFPG,val
ID_X8W7ZYXB,val
ID_OK4XYUOJ,val
ID_AT1LVCGS,val
ID_US9NBRTV,val
ID_32OROOB4,val
ID_L3LLYFU6,val
ID_1SGAG59U,val
ID_MWBHKRB7,val
ID_2VG4Q7PB,val
ID_3KW8Q49V,val
ID_KS6QRTOC,val
ID_1YR83XU3,val
ID_XCPZ2QAT,val
ID_TCWOOR7L,val
ID_13GLCD83,val
ID_FOU304FY,val
ID_XFP3OLUX,val
ID_0LXVTAZA,val
ID_E5FLON81,val
ID_LV021UGF,val
ID_A5ZQ4F0U,val
ID_G87R48QE,val
ID_VG2XUA7I,val
ID_QZY97ZBP,val
ID_3BZT2HKT,val
ID_SL7765P6,val
ID_MS5BLY4X,val
ID_N0G24K0D,val
ID_4H54C1UZ,val
ID_W0MZRN44,val
ID_XSGAPFPE,val
ID_NWKUAAFZ,val
ID_Q1V4R7F3,val
ID_WUHGG5FA,val
ID_2X3JPG8D,val
ID_CGOZG4FC,val
ID_USK69Z9I,val
ID_HL02S4QI,val
ID_KXM3XFHP,val
ID_KY0BFC22,val
ID_7YRVJE8I,val
ID_41KKORLJ,val
ID_1ATS2DY4,val
ID_TWDS8FFK,val
ID_JES7YXCV,val
ID_ULI01K8Y,val
ID_QL1088Y5,val
ID_WYFXAHB2,val
ID_132YYNZE,val
ID_VUNRO6OO,val
ID_P0PS1NR7,val
ID_NBE6KJ8P,val
ID_DTYRM4BY,val
ID_QZSEA85S,val
ID_9CZCBLUK,val
ID_2PH1J4LC,val
ID_17RB5SRP,val
ID_65U3BCWJ,val
ID_TPF6HJ1W,val
ID_2JYDLH9I,val
ID_725KU66S,val
ID_0486Z6UX,val
ID_H61BVWKP,val
ID_HR21GKM5,val
ID_E9WE5P4T,val
ID_IY74M134,val
ID_LCM83GSW,val
ID_98M71G8N,val
ID_7XL8EPP1,val
ID_WDRNRJP0,val
ID_3R8YTWX7,val
ID_RUY7YEIQ,val
ID_A52ZWCSA,val
ID_JMWTCM9Y,val
ID_RXKUKI49,val
ID_U5WG8MJH,val
ID_V5J2J2U5,val
ID_4IQ9EKSU,val
ID_VICJ4J9U,val
ID_N6ACWM1G,val
ID_2FIA5ZDF,val
ID_M13Z2TBG,val
ID_WO33KUH9,val
ID_75XZFNU9,val
ID_C20245UX,val
ID_JWZN7P7O,val
ID_9U8X8CAP,val
ID_PNFAKT5U,val
ID_IK7QG1OT,val
ID_C2ROI2V7,val
ID_JJJIFSKW,val
ID_9OLNCK6R,val
ID_85LAYHAU,val
ID_ZCAZGSRK,val
ID_W5SWT97E,val
ID_KTGM3DRM,val
ID_0BVKD9LB,val
ID_4JYSKVBN,val
ID_Z2P678UP,val
ID_AM7ORSUR,val
ID_7GN3CSL7,val
ID_O2JH1FT1,val
ID_2ZH8IDEG,val
ID_BXCDQS4U,val
ID_FDIA3PKW,val
ID_F0M7UOSN,val
ID_GV0WSUA2,val
ID_QDMTZEN7,val
ID_ZWUH5ZF5,val
ID_YHGC2LF9,val
ID_VHBWLOTU,val
ID_ASVA2GVW,val
ID_W13JFXD0,val
ID_WCS5X08W,val
ID_WFF9ZVDC,val
ID_992GRROT,val
ID_0KBF6EMQ,val
ID_WS9564SH,val
ID_VUCEYILY,val
ID_DFILHR77,val
ID_1YQ2AWU5,val
ID_G6K4Y8P8,val
ID_NIGPESW9,val
ID_P5J3KP8S,val
ID_C7QI8L56,val
ID_AL8Q7YZU,val
ID_8STBT4HQ,val
ID_L3XPPXUK,val
ID_32M3T6W9,val
ID_IVIJWDTZ,val
ID_M2F59ZYT,val
ID_KP9TMTYQ,val
ID_88A73TZW,val
ID_CQ69OH6Y,val
ID_0Q4HWVEG,val
ID_CD4X6OU8,val
ID_O2ISFLPS,val
ID_ZANOPXBT,val
ID_CPR1UZZX,val
ID_1M0HUXN9,val
ID_BGP03O8D,val
ID_MQIERQIX,val
ID_7CCRXVX2,val
ID_6G8JXIHQ,val
ID_XRRI6K3J,val
ID_B77GBX7S,val
ID_B45ZPZDS,val
ID_4FR1RVTD,val
ID_0EJBS7BU,val
ID_ULFZ9YHQ,val
ID_9E55TMM2,val
ID_W6IEFWYU,val
ID_FX0UBD8K,val
ID_75F9QI4G,val
ID_4R92BQFW,val
ID_CHLYERHP,val
ID_PLF4G22C,val
ID_3RQB6FNS,val
ID_QDWT1JUS,val
ID_622704IU,val
ID_WEUGRTS5,val
ID_39X714AU,val
ID_SWL6MK4W,val
ID_D0EB1GAN,val
ID_KM5TEBPZ,val
ID_Q498G36A,val
ID_IYB0A6QL,val
ID_BGZUWD9K,val
ID_26EN61J7,val
ID_0DUIJ91T,val
ID_9B8XZLF8,val
ID_Y6BN1HFK,val
ID_4N3BCGVB,val
ID_TEQ6OB6I,val
ID_OY72Z74I,val
ID_FKSAENNV,val
ID_G7C5X6FP,val
ID_6GX6RHY0,val
ID_B5AUWNHG,val
ID_TDE73ISP,val
ID_58ETXX1H,val
ID_LXY9422V,val
ID_82T46R30,val
ID_U90QGLKP,val
ID_67RBBKCE,val
ID_CO7HSG2I,val
ID_00NQLUCP,val
ID_L25ZBHD4,val
ID_PN7XBNHJ,val
ID_P12H7YAV,val
ID_2MNRBBEX,val
ID_6LKWU6QR,val
ID_RVI0EG2Q,val
ID_4I2KIA7T,val
ID_1RYD367E,val
ID_M4646SGP,val
ID_HT1XV725,val
ID_60WDPYWS,val
ID_NKFMYU8L,val
ID_2IM47P1D,val
ID_B284ZI4Z,val
ID_UBKJXVBA,val
ID_3QDG3S5A,val
ID_9DPAVT4I,val
ID_J4DNQ4E0,val
ID_SXBNCWYC,val
ID_WD76DJL0,val
ID_LDN6A4IZ,val
ID_03WE3EVQ,val
ID_O0VVLOA7,val
ID_OJ27GTIH,val
ID_JXKN9GIN,val
ID_KK096QOS,val
ID_2KETOLPY,val
ID_AYLIEYYR,val
ID_KQPWCDJE,val
ID_O6189R2F,val
ID_QR916Z1C,val
ID_L62B132L,val
ID_0U7IM2K7,val
ID_ZBZ0KQ2G,val
ID_L9TUUBAG,val
ID_NYVC6TU5,val
ID_RB7KB0I2,val
ID_TFSYC02Q,val
ID_CU65PA7O,val
ID_4K8XXLB9,val
ID_HCGQ7PUQ,val
ID_YT6SZG2G,val
ID_C6SHF95O,val
ID_C6T9DTJ6,val
ID_O336E75K,val
ID_736MFBTX,val
ID_N9ID1TI6,val
ID_NBTBMW38,val
ID_DDUEE4V9,val
ID_P8PW0MW2,val
ID_ZE28I4ZY,val
ID_ZTC71ID3,val
ID_TZFO0LU5,val
ID_KT6YEZLK,val
ID_0AJ7CAKD,val
ID_P1KNJM91,val
ID_BCU9TWCL,val
ID_GMSL1PTS,val
ID_T90BPS06,val
ID_5XVS0AG3,val
ID_BQRZJKFC,val
ID_KS80SYVP,val
ID_J292XLBV,val
ID_460XLJX5,val
ID_80HQKM0I,val
ID_ZLB8FWL9,val
ID_3ZHWQNXY,val
ID_J7IM6FH5,val
ID_LVQEFK8L,val
ID_RYM9RC68,val
ID_YOLJRLOQ,val
ID_4W9XLYJ1,val
ID_LMXZ719K,val
ID_080NVQQM,val
ID_XBPOPUCI,val
ID_S5DDAOJF,val
ID_R2F2U3N7,val
ID_2PR9WP74,val
ID_LCI9Z7P2,val
ID_QQ3845NK,val
ID_CZC7XAI5,val
ID_J407PL14,val
ID_QUB9FNAZ,val
ID_1YE5FBLZ,val
ID_IYUDXEP4,val
ID_VVOZCKDF,val
ID_EKMUEUSK,val
ID_F61GSYE0,val
ID_XF86W9FM,val
ID_X1J80BEB,val
ID_VN1NAT1F,val
ID_SMZS1GV2,val
ID_CBNDLLV5,val
ID_RTI5HWHK,val
ID_XYZXWMWQ,val
ID_QCQAA4S8,val
ID_FEIYUQ16,val
ID_MAQE3C85,val
ID_GTCYIYMM,val
ID_MQ61M9BG,val
ID_I8WUGJD4,val
ID_9PELGYNW,val
ID_12E0A2DE,val
ID_AXM9GIA5,val
ID_OJVQXDB7,val
ID_GC1J7NEU,val
ID_NGDBAX4O,val
ID_2WLS60AI,val
ID_X6QGIVNM,val
ID_OXYG9KWH,val
ID_O54D7203,val
ID_I306B5CY,val
ID_3XZZRZX7,val
ID_W4ZRER5X,val
ID_6UPEZ0OP,val
ID_3UJMRYHU,val
ID_SRVJOCXI,val
ID_MQDMBFYS,val
ID_IBMGHGIU,val
ID_80SUHSAG,val
ID_2V42VH50,val
ID_TAYIPDQG,val
ID_6K01KORR,val
ID_G7P9ABBV,val
ID_M4K8XWU9,val
ID_E7OCAKYG,val
ID_FSXSGEUM,val
ID_FXQM61IL,val
ID_PTVWFZIV,val
ID_DK2HWHEM,val
ID_33SIJZZ1,val
ID_K2JKZJWK,val
ID_32L63LGW,val
ID_UH16V6HE,val
ID_KCG14OP0,val
ID_LKWLP8GR,val
ID_SXTZV928,val
ID_95BBIU0W,val
ID_7AVTEDK9,val
ID_IP43B59B,val
ID_6G8ZVFRE,val
ID_45OGP75H,val
ID_HHKGU2IZ,val
ID_QX3LEPWY,val
ID_80RJ055Q,val
ID_E2DFNGUR,val
ID_YPSRA0ER,val
ID_1ISQWMUQ,val
ID_11PJIOUU,val
ID_EWDUJPQA,val
ID_GUZMW7N5,val
ID_6CKPMNTJ,val
ID_5YE80CE8,val
ID_P6UO4PHJ,val
ID_MYMP0USQ,val
ID_RNHZEGHX,val
ID_I9IO8MWU,val
ID_8EVORIXU,val
ID_FM5KYRE7,val
ID_WUKTWFKJ,val
ID_GC3JBM25,val
ID_PK7TH0SV,val
ID_PAL9E4KW,val
ID_GUTX8ZUN,val
ID_74EKYV0V,val
ID_ZLVYUPVU,val
ID_USUWOIMA,val
ID_X2YTF4W7,val
ID_KKAK4TQH,val
ID_F0VQ0PVI,val
ID_9JN29EQP,val
ID_J3WXIO75,val
ID_6K35LQ8L,val
ID_9D30OO0Y,val
ID_GQ1YEMG6,val
ID_I0GZJBJ4,val
ID_MFD9TOTJ,val
ID_L9BYYW1X,val
ID_I9813P7G,val
ID_3MJJ0EIZ,val
ID_30DY4Y81,val
ID_TYNXZMHS,val
ID_UIK9UYK2,val
ID_IGEICFZ3,val
ID_C4WPGAXW,val
ID_E3Q0MVC7,val
ID_S5O9IOG6,val
ID_DVAKE88S,val
ID_3G631XHF,val
ID_QH078ATP,val
ID_PFDI7ZZ5,val
ID_1QI7E0LT,val
ID_DT7M5ZHA,val
ID_WHEXS8N0,val
ID_0EPVFVTF,val
ID_GI5NVHFV,val
ID_CF3BS5WL,val
ID_HV86J5MD,val
ID_WO5WCC9A,val
ID_NM5ETN7D,val
ID_YCAVEHFA,val
ID_K4RWE1M3,val
ID_3J03V2AO,val
ID_IY6Z3LX6,val
ID_JNM6CJU7,val
ID_TPYSJBZS,val
ID_79UG6679,val
ID_WE01GNY6,val
ID_XY20NYLT,val
ID_WBUJWRYF,val
ID_C3X4QL6L,val
ID_0CK9WYFA,val
ID_S8FA6NM5,val
ID_OBV060L4,val
ID_K6DO62NK,val
ID_J8SD8JBG,val
ID_S13G3ER9,val
ID_0DHGB6XX,test
ID_1ETCERKV,test
ID_KFKJROB9,test
ID_NL01OWIS,test
ID_3EMGICA7,test
ID_GN7PBOLN,test
ID_XZLRQG6H,test
ID_DT7IF0SI,test
ID_2HC3GRLQ,test
ID_EA47BV6U,test
ID_N0P4TMQF,test
ID_LEKEGT6D,test
ID_Q8NYIDQO,test
ID_B4WDE8NZ,test
ID_RXK8EH7C,test
ID_MW1O08G5,test
ID_3WT4ONAO,test
ID_W3JVC2H1,test
ID_IUCDW52C,test
ID_KM9C7D8B,test
ID_5G3V7QXF,test
ID_L3XPBO98,test
ID_JF0CDQ61,test
ID_SF7S1CW7,test
ID_ZJPYNI9W,test
ID_BBS9XJIO,test
ID_OA3FUTEB,test
ID_UCA1D670,test
ID_6CVHKW35,test
ID_0ERCOYZN,test
ID_70HXZ6E8,test
ID_QITW6GVV,test
ID_PIBN08EZ,test
ID_73HVVI0T,test
ID_80GSOWVT,test
ID_PYMVVDJJ,test
ID_DGFMOLIC,test
ID_S4J027P1,test
ID_0ERYMCE7,test
ID_UECGL4AQ,test
ID_VTV29ZUY,test
ID_8I51HQAL,test
ID_EATMIR4X,test
ID_NFNSVWX6,test
ID_EJ10DNAK,test
ID_ICW3BCHQ,test
ID_GHAK5QM9,test
ID_A07KKMCR,test
ID_0IAVKMF7,test
ID_Y7A7FYWH,test
ID_0WPL7P9Y,test
ID_8WMUJL1W,test
ID_O2R9AWCU,test
ID_19Z5151N,test
ID_MS9S8COV,test
ID_IMI6ALN4,test
ID_Q94NZK8L,test
ID_LDGJBSRC,test
ID_S1RVF6MZ,test
ID_3IX0KIAL,test
ID_TKWOEQKA,test
ID_PEYGBS6J,test
ID_A1K9E60Z,test
ID_GXO1IU4K,test
ID_2VJQXN76,test
ID_8VD52MCV,test
ID_ZM18CLGB,test
ID_6RBIVM6P,test
ID_IS1AK998,test
ID_3YXMRAAX,test
ID_430MU5U6,test
ID_NI8VOZW5,test
ID_RLB6E8PA,test
ID_AERSS9X9,test
ID_J9ZZSI3W,test
ID_PNTS9HD9,test
ID_LKSV68JF,test
ID_ZRRQ0AA8,test
ID_RLSA3UED,test
ID_31UR5BXK,test
ID_AZBX8TN1,test
ID_UASK3159,test
ID_NP9NZLH1,test
ID_MAVK2UG6,test
ID_ENT95AYI,test
ID_MXZJHU8H,test
ID_VQFWUC1A,test
ID_1E332A3Q,test
ID_POYUMP9Q,test
ID_7YM69KC4,test
ID_RXLCT48K,test
ID_J77FJDK0,test
ID_RY9ONFEL,test
ID_0RGC4TA3,test
ID_R3KFKWXF,test
ID_TG7X4QX1,test
ID_WQ8V3NLM,test
ID_C3XWGPHO,test
ID_EWZ9B58D,test
ID_8KZPUPQM,test
ID_COFG3CAC,test
ID_SXC2EKNG,test
ID_3JFE5E4Z,test
ID_ICIFV00Y,test
ID_AIUMA6L0,test
ID_01GIRAWW,test
ID_4YMVXX13,test
ID_C87NW4JT,test
ID_JWH86QXF,test
ID_XT8MO6SX,test
ID_S0DY4P9A,test
ID_G41I580N,test
ID_3YBDE3PX,test
ID_TFU56DC7,test
ID_Q63I8S6B,test
ID_66ODYSAA,test
ID_6W0MK929,test
ID_WTJPT07L,test
ID_7NA46V18,test
ID_F6G914BK,test
ID_L810NC5Z,test
ID_I75TD5MT,test
ID_MAY4GI9V,test
ID_404COG25,test
ID_DR3NU21F,test
ID_JM9Y06UT,test
ID_0PA36CNU,test
ID_HQLFZO9T,test
ID_FXXWNSUY,test
ID_9OIS0ZOM,test
ID_ZPGJBCME,test
ID_NP9VTXHP,test
ID_Q9AXWLRW,test
ID_LY5L4XD3,test
ID_2ZRFYZPN,test
ID_R3ADQ53X,test
ID_EHWJ2MZZ,test
ID_VCNPRNCN,test
ID_F0SPN813,test
ID_JFAP28RN,test
ID_PCP4A36M,test
ID_JEU8Y505,test
ID_R00C3VV8,test
ID_9ZHSS6BC,test
ID_3252SVPM,test
ID_NDMYIJEX,test
ID_U4R43RUW,test
ID_19XUV4FN,test
ID_TBLKTMP0,test
ID_QSDCEHVS,test
ID_8UOJQ5W8,test
ID_MBXZEG5I,test
ID_EELWMAKU,test
ID_P4K5K22B,test
ID_MJGIYJB4,test
ID_A6HTDOL2,test
ID_BQJD0Z16,test
ID_OMRCIVC2,test
ID_JREZFH8U,test
ID_6QJD2M46,test
ID_MGY6VU0Z,test
ID_CSVNAWJI,test
ID_LA8OUXGF,test
ID_XP6F2LUK,test
ID_4OAE8N0K,test
ID_PIBPPPPO,test
ID_3MCAYISE,test
ID_UY9VBCGC,test
ID_MCA49LR8,test
ID_6F3SZ3QG,test
ID_JNXGMBSG,test
ID_9CSJPFW1,test
ID_NK7I05MD,test
ID_QBKI1ODS,test
ID_SIK306LL,test
ID_MUKF09OM,test
ID_W12JPHJ2,test
ID_80GRO0RQ,test
ID_1SV3YQVV,test
ID_HZHKFXLK,test
ID_U2YAAEA5,test
ID_GYT8S4F3,test
ID_0MBF0D5K,test
ID_K8O2MVCA,test
ID_YY1X1U88,test
ID_SHNUTB70,test
ID_5WULG7XQ,test
ID_BQ2ZDZGM,test
ID_BCBM8MGE,test
ID_00MIXY6E,test
ID_EN6FL40W,test
ID_184SNHEJ,test
ID_GK0829J9,test
ID_GTEZRSA5,test
ID_AEKTLKUB,test
ID_YBRQIWUL,test
ID_488YJOHL,test
ID_659F9RYT,test
ID_QXZAQENX,test
ID_XOBVYU2T,test
ID_NZ82T82C,test
ID_AV40SIT1,test
ID_MMSFTUIF,test
ID_HUPCZM8I,test
ID_JYEFJ2H8,test
ID_78BFME14,test
ID_W5ZJ5DMN,test
ID_BOOZZOHM,test
ID_083IQSWM,test
ID_WZQIOQZ8,test
ID_G0SJ5SQI,test
ID_YR8NH4WJ,test
ID_MLP4LKSZ,test
ID_RVZQ1A42,test
ID_ERDLHX30,test
ID_2YHJB3VL,test
ID_RAFTT7V8,test
ID_H95OAV23,test
ID_JY0BWGEZ,test
ID_XTYQO03O,test
ID_ZDHTE24C,test
ID_V43QCF9P,test
ID_T83MMGYF,test
ID_N6TQETZV,test
ID_08IOT3XS,test
ID_LGHSF3CO,test
ID_CHKH8R1E,test
ID_HCY19G9R,test
ID_7FK3R20K,test
ID_QPFTUMYZ,test
ID_G47AGU1Z,test
ID_Y4R61GIR,test
ID_QWOSACKT,test
ID_5X9V3X2A,test
ID_QUD9XG23,test
ID_XVQCGRWC,test
ID_3AWAJPYY,test
ID_FQUWI3LU,test
ID_II9FPW13,test
ID_R5WXE5XD,test
ID_EPUCKEWC,test
ID_WUAHJMRO,test
ID_D1U3EKIV,test
ID_OEK5IW3B,test
ID_I4WGNXDY,test
ID_SK3QCQLM,test
ID_4C4E4DKH,test
ID_NJOSHTB0,test
ID_ZRZPJXCG,test
ID_PM99V9VB,test
ID_YSMYUVTF,test
ID_IO4VNXIZ,test
ID_YRQBUEZ8,test
ID_22DITNE0,test
ID_U3TSHZQF,test
ID_NWLP23HR,test
ID_RYNE34UI,test
ID_X07YYO08,test
ID_4EPU4FKF,test
ID_W961SX88,test
ID_VNM9WKO3,test
ID_LSTJXS8A,test
ID_EXLS78XO,test
ID_OEJR6H18,test
ID_IHX5VV8M,test
ID_CCORU2XD,test
ID_XC053982,test
ID_YPT8TTX8,test
ID_UK9D33M5,test
ID_XR322V64,test
ID_AIJEMG8P,test
ID_AZ0MRQT4,test
ID_ENPYKRUP,test
ID_AQ1M79CM,test
ID_ZGXFBRBY,test
ID_1Z86DOY4,test
ID_8LFV6B0U,test
ID_AW1G2K0W,test
ID_DA7WI1RG,test
ID_RWZESSBS,test
ID_QD4P844G,test
ID_OO43VXZZ,test
ID_7IB1O1D3,test
ID_Q9SVU7VE,test
ID_I51VTJVQ,test
ID_PTJ6CKUH,test
ID_QF87VTM5,test
ID_MV6U4P9C,test
ID_XCCF9CNA,test
ID_83N3PACS,test
ID_UAK9YMBW,test
ID_3D8BA20G,test
ID_1140HX9F,test
ID_2G1WM3NV,test
ID_QF475K34,test
ID_YDAN10GM,test
ID_0JOUSB83,test
ID_26TJM3HX,test
ID_DBYLDTRH,test
ID_5FJ66TL9,test
ID_ERFSLK96,test
ID_UA8RDW31,test
ID_XAT9HZ3O,test
ID_04J0QDOR,test
ID_HJHYXBLB,test
ID_QKWMKWJE,test
ID_2FV4LBL1,test
ID_1815T6XS,test
ID_UYNMZTHE,test
ID_QRA9GB5L,test
ID_4JTF2MV7,test
ID_OX1I4O97,test
ID_J1J8YFF3,test
ID_XMYEU37W,test
ID_Y4PSXB2G,test
ID_0TVCD0QU,test
ID_K7IOYY4H,test
ID_Q4U3HUY6,test
ID_M2BTDGSK,test
ID_M7OGKWW7,test
ID_QSL6NDVO,test
ID_1Z8OHH3Y,test
ID_LP3EAE1G,test
ID_HCK3FZQF,test
ID_OZ67E8HW,test
ID_ZIRH8NFY,test
ID_W3PG07RC,test
ID_3DFRSNSD,test
ID_WBGXHI4U,test
ID_6UQX26VB,test
ID_5NUWHVD8,test
ID_X31884UP,test
ID_T73HFKTS,test
ID_ZJXG3XI4,test
ID_B8GH8WCB,test
ID_CYNCKLSM,test
ID_VE4QTTF0,test
ID_IESHNSSE,test
ID_YKFITX95,test
ID_9Z8893RZ,test
ID_I398KX1W,test
ID_ES6XLOB1,test
ID_8CFN64SR,test
ID_AETT2X38,test
ID_PR0SWWQ5,test
ID_4DBPGJPH,test
ID_B2N9LX0T,test
ID_JCD4WGLU,test
ID_5MIGRW35,test
ID_MJA5G4FJ,test
ID_NZYO5DJU,test
ID_J21GNBXB,test
ID_J0HSV21K,test
ID_Y82QL1B2,test
ID_787EO3WQ,test
ID_KADM7SFB,test
ID_2QGUP0LT,test
ID_LVU3AKQM,test
ID_1RUCJ4J9,test
ID_HQU91CDX,test
ID_9I92NGRL,test
ID_WOZLA8N0,test
ID_2R1ZAVEL,test
ID_WERX75JQ,test
ID_KBUTUD8A,test
ID_2W2Y5JRD,test
ID_KE3V54K6,test
ID_D7IK40NO,test
ID_ZP9968KI,test
ID_KMXPX7E6,test
ID_WWRGV1ZJ,test
ID_PFARSQLM,test
ID_422MTB2L,test
ID_Q82S00IS,test
ID_77GDAZ5Y,test
ID_CLTV5OBX,test
ID_64MQX3L3,test
ID_G4BMN59T,test
ID_4XX0ZB18,test
ID_ASBYDBM1,test
ID_QI5703H7,test
ID_XBVPZDMF,test
ID_PJXX7B4O,test
ID_26M5GH0W,test
ID_4GGWRPKI,test
ID_61O2HMTB,test
ID_VUDV0PXB,test
ID_FDUEX9I7,test
ID_L4RZ86E6,test
ID_IWU09E4M,test
ID_PYSSKQ4K,test
ID_SHNLM0UK,test
ID_OGQSVZ8M,test
ID_5CL08HP6,test
ID_TZQBX8KS,test
ID_ADC126YZ,test
ID_VIY5LQV2,test
ID_C4VU8VLS,test
ID_YRLAK4LT,test
ID_ENGSY1B2,test
ID_W8NXMXDQ,test
ID_7E2MY4L6,test
ID_WPYHM63I,test
ID_7G6X47Q1,test
ID_14PBI7J1,test
ID_QEQARCHH,test
ID_B7WBSVAJ,test
ID_W1TLJY03,test
ID_2YE9E7R6,test
ID_3Q8655S6,test
ID_SSUSAELX,test
ID_QCV48TQ0,test
ID_MW95FL7L,test
ID_T7DIE3PD,test
ID_2TDV8NY4,test
ID_17W6FOZF,test
ID_I5E5P3QU,test
ID_CCEGE7QF,test
ID_4HMXIU2N,test
ID_04GRJ60L,test
ID_TC8FC0JI,test
ID_RO6UB0LM,test
ID_L7QD9FE4,test
ID_7N7ZF9SF,test
ID_6CUTCQW9,test
ID_299TD7H2,test
ID_LHEH0HB7,test
ID_6MIUTFHF,test
ID_YZ9M6FB6,test
ID_LY0B83R6,test
ID_E2WQZEX5,test
ID_I7SAWW06,test
ID_ALR3C4QZ,test
ID_CCTNRW83,test
ID_UWK54UEK,test
ID_I04Y2IEM,test
ID_63NUBZ4B,test
ID_YDCZAQCO,test
ID_RGCM8VPX,test
ID_4XU4W2FG,test
ID_O1GV9IMH,test
ID_WAEW8BN9,test
ID_BEHXF0CS,test
ID_1VY7UGI2,test
ID_PWHV6QL3,test
ID_RKXVXK6R,test
ID_U4EQP2S4,test
ID_OU245ZPI,test
ID_1X7GM6IU,test
ID_7B5TU9ML,test
ID_KXEL71U8,test
ID_ASBNBLK0,test
ID_CYXUD348,test
ID_03A99YUP,test
ID_ZUIV492B,test
ID_4WF8FC3J,test
ID_4EY4SY8K,test
ID_SA85S6EG,test
ID_5ODRXNQO,test
ID_L6AICZQZ,test
ID_L4ENMROE,test
ID_JY5AAT02,test
ID_HLKX3CEP,test
ID_0RJOTFX7,test
ID_WGATKB93,test
ID_BPKSII59,test
ID_O796X9R5,test
ID_DU1YPTKP,test
ID_6ZKPYGUZ,test
ID_BGXT4DGV,test
ID_4IYJ8Q61,test
ID_7B4XBYKX,test
ID_1WEBFAR5,test
ID_URJTVZCO,test
ID_SJNK0YWW,test
ID_ZRJBJ122,test
ID_D2MEYIVF,test
ID_ZHE5Y4YB,test
ID_ZN6TPU7G,test
ID_97CJU3KG,test
ID_OSUOL2N6,test
ID_OO23MI3M,test
ID_6625ACI8,test
ID_FXO6UDRJ,test
ID_8TYR0QP9,test
ID_6B7KEWHD,test
ID_YO3IMO1J,test
ID_IZ2U4M2N,test
ID_0KLLSFXO,test
ID_AZB1WKZ4,test
ID_1O2FP4YU,test
ID_D69AGMJ9,test
ID_FUUNX9B5,test
ID_NHSYKXIE,test
ID_W5H9LKBE,test
ID_2395QX0C,test
ID_OQYQ97P4,test
ID_JWZ11A3M,test
ID_3UJ6D0ZU,test
ID_M3ER41IK,test
ID_8LR3MPJC,test
ID_5FLXBDSP,test
ID_SI41ZCFA,test
ID_FVWGXG86,test
ID_ZBF7FH8W,test
ID_THMO3HF8,test
ID_0C89HNR9,test
ID_YBDJLZAZ,test
ID_8UAM3702,test
ID_52MGQ883,test
ID_9JTL5FK5,test
ID_UUVKXOJC,test
ID_05DRP0VC,test
ID_Z432YWEQ,test
ID_O39VNXGG,test
ID_WF5852RN,test
ID_MYDTWQ2G,test
ID_GIIYA0LV,test
ID_JBNCNT08,test
ID_WTZ4B12U,test
ID_TH9B64ZT,test
ID_J7FV8I44,test
ID_K5V0TQ2X,test
ID_B6UQJOM9,test
ID_RW1A12RA,test
ID_N9BHP8O0,test
ID_RYASOSCV,test
ID_IOT6VG4T,test
ID_C89Q9ZA0,test
ID_LZLPM9YG,test
ID_O4549V6A,test
ID_F30Z309T,test
ID_EL3XHY90,test
ID_HXTSOXSQ,test
ID_P0GWDAUA,test
ID_R58SISM7,test
ID_B72VG6HM,test
ID_4M0J365Q,test
ID_0VAO8AHP,test
ID_ULYKT19V,test
ID_KA0BVAIZ,test
ID_1IGYGPDX,test
ID_DYZ03WYX,test
ID_CXQYYRD9,test
ID_VPG0TJP1,test
ID_2QVKO5DR,test
ID_VOSJF0AN,test
ID_TQ2M84BH,test
ID_6C9EMW8L,test
ID_5ZL4L6Q9,test
ID_P3AVVL2P,test
ID_QNJZRWE0,test
ID_ZT6GZJCC,test
ID_PRUNNSDN,test
ID_X8PBE952,test
ID_1NN2QDPX,test
ID_VN1KR4CS,test
ID_PVGUELC6,test
ID_EWDJT5FS,test
ID_AH12GI6H,test
ID_IEB25JOO,test
ID_USB08GFH,test
ID_CKF456MJ,test
ID_SLPJGTDR,test
ID_VKK6D2N3,test
ID_UA7GWLYK,test
ID_DL6GNTLI,test
ID_KO3JIZND,test
ID_TYZI7I87,test
ID_YHYV3R11,test
ID_GPUDEA5Y,test
ID_AFVYN662,test
ID_LMB05IAF,test
ID_RSDPTHDL,test
ID_J84YBRXX,test
ID_GAVGZ54H,test
ID_B6AELTR6,test
ID_L0QQ8JY5,test
ID_6KBYKXAN,test
ID_4DLGQXHZ,test
ID_FMGP6BO2,test
ID_OQH8E885,test
ID_1ZI790WL,test
ID_6OPMRLBE,test
ID_GRNSESBW,test
ID_JF9CFU5K,test
ID_3H5JD5OY,test
ID_O1BHUY3I,test
ID_7UMH16VD,test
ID_65I5YYLA,test
ID_S4PU55SU,test
ID_RAANWQK4,test
ID_XQDN8300,test
ID_IXAC61K6,test
ID_C038W5ZE,test
ID_6OFSNA1S,test
ID_AIUBSCUT,test
ID_KN77EKFJ,test
ID_EB1Z3228,test
ID_AMFQOQ2U,test
ID_U0810OJ3,test
ID_1LY6615X,test
ID_YP7H2NHJ,test
ID_1UVGP9NO,test
ID_R9KQ954J,test
ID_8AG6D1ON,test
ID_2I6G79ZY,test
ID_LF6EJ7K7,test
ID_RSJB1K8K,test
ID_O6MKPSFV,test
ID_ORNYTU2G,test
ID_ZQNJ0DM2,test
ID_UC8SULKW,test
ID_13T3F2ZI,test
ID_ID35XOBG,test
ID_Z2FL590B,test
ID_XTZB9959,test
ID_Z7U3F295,test
ID_NMYUO0I6,test
ID_7RL9VQX7,test
ID_7L4L0YS5,test
ID_Z0ZY082Z,test
ID_RJZFQK1P,test
ID_RJUJXCE9,test
ID_13IOQGMX,test
ID_DG270IX0,test
ID_U8YH7FBZ,test
ID_M98QQLSN,test
ID_M1M1MCP2,test
ID_GQHNNF29,test
ID_86MROUQO,test
ID_NGMQDSXT,test
ID_DO473H39,test
ID_AEDKNM2N,test
ID_H15BVDV8,test
ID_CDJQ7PD8,test
ID_R2Y1TRW7,test
ID_GPEVM2X2,test
ID_EF78N60Z,test
ID_08I7FVYY,test
ID_8VO04C2K,test
ID_794Q6IC3,test
ID_BQQBQV4J,test
ID_2NML1DIO,test
ID_JTWKL1IA,test
ID_8VO9T77U,test
ID_H9YFPXZQ,test
ID_TJRXA51M,test
ID_CJPEZ4K4,test
ID_4PFT1E8G,test
ID_B7PDWTS6,test
ID_CEJTFZ8W,test
ID_7PD3P7MN,test
ID_37E8ZRBV,test
ID_TT3ZEYC3,test
ID_V1WZQKXJ,test
ID_V9IFSC0M,test
ID_J6377DXP,test
ID_N93U8HHA,test
ID_BFXYEPRW,test
ID_PN00KEPV,test
ID_SE76Z4G6,test
ID_YTUG3XHK,test
ID_WN80WDQ3,test
ID_KGH4DP8E,test
ID_PYABX3EF,test
ID_ULX91CBT,test
ID_2FODJNQE,test
ID_64CXIC2D,test
ID_3L9N4TA9,test
ID_9FB0XKAK,test
ID_EV9J058W,test
ID_63UNGNO1,test
ID_MSVRUIN8,test
ID_J9R86PJI,test
ID_Y68URUY7,test
ID_G9DDIGRB,test
ID_TDJ3BZRB,test
ID_JMW8D3JY,test
ID_JA3RMXOO,test
ID_F7TGFT35,test
ID_S8ASGZDK,test
ID_F7TU1CL2,test
ID_BVPDQWOW,test
ID_8225X3Q9,test
ID_D1MDSJTI,test
ID_QQPZIJU1,test
ID_PEWA5PLQ,test
ID_C4847OLO,test
ID_MBAZGYB8,test
ID_CS1N6KYJ,test
ID_VL3BXZGU,test
ID_90KS56HV,test
ID_V9I6PY17,test
ID_M1NZHTPE,test
ID_F38QFIVW,test
ID_EU3TU1BG,test
ID_JZD1M0C8,test
ID_BUDL0ZGI,test
ID_P9YU8QQI,test
ID_Z08JPRJA,test
ID_3J9NDP31,test
ID_WOQD1WLK,test
ID_WXVE2Z3Y,test
ID_PMU8T1I5,test
ID_0IKD5UPH,test
ID_B6PD8J82,test
ID_QYPJCYAO,test
ID_AOT4URLT,test
ID_O3T1METF,test
ID_2G3AQW3Y,test
ID_NVHOTPWY,test
ID_DZJEWWTS,test
ID_AEMKFB8Q,test
ID_LR3JJNYF,test
ID_P5UXP3FM,test
ID_C4YIF6KH,test
ID_4NAJ6306,test
ID_FZNI9ZS9,test
ID_1HHJ5UNV,test
ID_X0M9A1F4,test
ID_ESOCPJNX,test
ID_40VFNXC2,test
ID_JJHLSTPC,test
ID_VY456RPC,test
ID_XOAHZ6SW,test
ID_XRLWGZEH,test
ID_YDLFJGG9,test
ID_508JCL2N,test
ID_AF7K88JS,test
ID_IDRL239J,test
ID_BXOR8ZEP,test
ID_D2RQ14QI,test
ID_5TTECX5K,test
ID_R1EHJQUJ,test
ID_H9Q7V0TA,test
ID_PUR1YBUB,test
ID_CRMPG4D4,test
ID_LWO6TFVW,test
ID_9LX81KBC,test
ID_TB5ORUZK,test
ID_N1VA1785,test
ID_9WRB723W,test
ID_TZTNZZG1,test
ID_GP2515SF,test
ID_7FNOKX67,test
ID_OYUIC8VJ,test
ID_D34GMX9F,test
ID_3YVTWNMQ,test
ID_4FDPBY73,test
ID_KWB7E8ST,test
ID_Z0H44LFD,test
ID_4FRP1MNH,test
ID_CC0I3R63,test
ID_6JWD9Z1J,test
ID_LDH9O0WL,test
ID_GRRC6IUZ,test
ID_2UQ5MXSU,test
ID_RT1E0UNN,test
ID_3RS8EA31,test
ID_K5VUMJKI,test
ID_62QNF2W8,test
ID_8335AS3T,test
ID_N9VK4PLR,test
ID_0PJPPT7U,test
ID_KZ6L5SRI,test
ID_VTSZL8W2,test
ID_B9CTM8VE,test
ID_S65YREGT,test
ID_NP17KL31,test
ID_1KPQ9E3F,test
ID_C4R04MIR,test
ID_T5XDUEZ8,test
ID_BKGQ1AK8,test
ID_WB32CPHK,test
ID_OB2NVXX2,test
ID_6KMVK5Y7,test
ID_K8IB5YU4,test
ID_MVMF66QP,test
ID_IRXUB54O,test
ID_9TOLSFY6,test
ID_KL5CRK5V,test
ID_KSXCRPKF,test
ID_Y1X2SYTP,test
ID_UQMK8P8B,test
ID_RCVAVCZC,test
ID_U3QR2PO8,test
ID_MVV9QIKE,test
ID_JE5VFVFK,test
ID_VRXW8JZQ,test
ID_61MAE6M3,test
ID_EUGRBXHF,test
ID_X3TWSWD3,test
ID_DOSZP2IL,test
ID_IOVCHHLJ,test
ID_XOE5I6LA,test
ID_TSA189W2,test
ID_8XUGUTEH,test
ID_II4ZUMR7,test
ID_LPM8WL3L,test
ID_WLVP3C2Z,test
ID_1LXDUF0Z,test
ID_XM8TK6Z5,test
ID_FG8M52T2,test
ID_O3ZDGRPA,test
ID_QRS62Z2D,test
ID_B7OWZAFX,test
ID_GDRSP072,test
ID_MHBK7TOQ,test
ID_EV8UTHL8,test
ID_9JOHJZQ1,test
ID_ZQKUQQNA,test
ID_IR24Y5WC,test
ID_S0IGDCXG,test
ID_F31JNTPL,test
ID_3Z4V24GT,test
ID_4QF87183,test
ID_UCLGUEOG,test
ID_H2VG3TAD,test
ID_KBFVOSG0,test
ID_HLJAMWKW,test
ID_ORHNL6GH,test
ID_5G8W11L9,test
ID_10FHV8KR,test
ID_SO7T7TAX,test
ID_2UFE4K6J,test
ID_3ZO159L6,test
ID_QO4THAHW,test
ID_ZI8DP73H,test
ID_YZEXDG9S,test
ID_PJZSQZUQ,test
ID_6DQWTUJ6,test
ID_DPSICRM0,test
ID_S7PNRKC9,test
ID_MJK716NP,test
ID_WWMS4A4X,test
ID_NWOAFZHP,test
ID_G4SYKSWP,test
ID_QADAY053,test
ID_PYHDO0F4,test
ID_JIQOBVOX,test
ID_AGGIPMCJ,test
ID_16FMF7JP,test
ID_DM8TSODT,test
ID_6OXOPZ47,test
ID_OTEW85W8,test
ID_HAESJX98,test
ID_R0PRVT99,test
ID_L8BPJDHU,test
ID_WIFWVB44,test
ID_WQ0PK918,test
ID_5DZ4QKM9,test
ID_7M4PRZ8E,test
ID_BBC83M1A,test
ID_FK9YZZ01,test
ID_IJ11B7WA,test
ID_YSJPWZ2B,test
ID_4V5GCEWP,test
ID_61QOMHKL,test
ID_S3832BOK,test
ID_0C0ULQKL,test
ID_E8BBC5N5,test
ID_TWFVNQXQ,test
ID_G35RJE6C,test
ID_JX446BSP,test
ID_X4WUDYNG,test
ID_XYOM1NJT,test
ID_5KRKNLRW,test
ID_KECA96UY,test
ID_VPM23U2I,test
ID_M97Y3WSP,test
ID_C91O8KVE,test
ID_L9621D5B,test
ID_01UHFEDB,test
ID_4J8W80NJ,test
ID_K2BX66OA,test
ID_AYEZS28F,test
ID_BRRVFBNH,test
ID_H7D4MK2H,test
ID_W2TT5PNN,test
ID_JOTJXOFP,test
ID_T0AV8MUL,test
ID_O681O653,test
ID_1SEBU9SM,test
ID_HRM7HLJ5,test
ID_EZEI46A7,test
ID_QP6C3MZI,test
ID_J3OHLSBM,test
ID_07WU62K3,test
ID_JIQ32L6X,test
ID_JPK88RZK,test
ID_YPX6J304,test
ID_YM7NC3XN,test
ID_RWB24SNU,test
ID_SHTZBNPC,test
ID_GPWKL4RN,test
ID_TGY190X1,test
ID_6KSWPVN1,test
ID_9F6S867L,test
ID_0KZ2C5TH,test
ID_W1ORNLMC,test
ID_GEM08BU9,test
ID_OUZHJ3YH,test
ID_0DM7WP6W,test
ID_F8QW72SV,test
ID_3N4XIJ0B,test
ID_CUEKWNMY,test
ID_4QH1LX7B,test
ID_U0O1REGN,test
ID_01YR7ASW,test
ID_9TJLIXSS,test
ID_JO349N34,test
ID_2W7LJCBB,test
ID_IE08O62L,test
ID_WXCJNP1B,test
ID_3PQBBCJ0,test
ID_LALU7Y90,test
ID_HGPWJYA1,test
ID_32BR3LOY,test
ID_Z85PZEWG,test
ID_3UK8KXM4,test
ID_4Q6STD80,test
ID_AO26JFVB,test
ID_HOCDCJO8,test
ID_2GLCMHY6,test
ID_JCRUHK17,test
ID_6DXACPWI,test
ID_1CFVPUR0,test
ID_ES74ON1G,test
ID_APTN7AW7,test
ID_61TWWFF2,test
ID_OUTPNPYN,test
ID_2TBVQUYI,test
ID_YGW7C7WN,test
ID_2LJOK1DQ,test
ID_54K8BX58,test
ID_O3YG3MLH,test
ID_901LW9GV,test
ID_L2KLNNIX,test
ID_WPZDQUJ0,test
ID_F6WH47ID,test
ID_EOSZEHKO,test
ID_O79U4TN1,test
ID_KTHFZB6X,test
ID_X50QXSWB,test
ID_EWSIG6EF,test
ID_A41TKVUS,test
ID_URXERLQS,test
ID_UOZNRH9P,test
ID_VOQT1ML0,test
ID_UPO33KQZ,test
ID_V79SVMCB,test
ID_OD81TCQD,test
ID_NSGKRWDU,test
ID_0ZQ5SMKA,test
ID_0Q4AZ9F6,test
ID_VSBQ4CC4,test
ID_JHB1YIFJ,test
ID_GOHRW7GH,test
ID_CQ8BDWO4,test
ID_NVJOWLSJ,test
ID_N0BHEXIA,test
ID_6Y096CZN,test
ID_KW85F93Q,test
ID_PC6HFIBA,test
ID_6LVGXKJJ,test
ID_GX82VTJV,test
ID_BEJDIF1J,test
ID_YMGZBK3J,test
ID_TUCY47CV,test
ID_PK947VYK,test
ID_B7CV07VD,test
ID_PO72IWMR,test
ID_KOT2EI7E,test
ID_JYF037IL,test
ID_T2COXKDJ,test
ID_V8TGW55I,test
ID_30DAF425,test
ID_MVOVVYR3,test
ID_7NRD9BG6,test
ID_MV5680SU,test
ID_3VL9BR62,test
ID_QOC8BJXX,test
ID_R7H3F31Q,test
ID_R3RL3UXS,test
ID_XNFISVZH,test
ID_VY8TTGVN,test
ID_J4TUK67F,test
ID_14EJP1R5,test
ID_7U8A0HAO,test
ID_SI3XTLAZ,test
ID_ENW8EZCT,test
ID_A3MW1GD5,test
ID_DUAY9RWR,test
ID_4CKPMJPF,test
ID_B563337T,test
ID_67X1YW2X,test
ID_EVJQCGYJ,test
ID_ZMEB6TFT,test
ID_N8VYGTNF,test
ID_G98VQP1T,test
ID_ZIX0ABJR,test
ID_R1PXWBD3,test
ID_79PFHR56,test
ID_DZ157S47,test
ID_M51AMY1T,test
ID_TQP4R8BD,test
ID_714WLQN5,test
ID_ZEXP2OV6,test
ID_R6V7BM6W,test
ID_BAKLEATK,test
ID_408PA4XF,test
ID_IJGYN5F9,test
ID_11X9LVQM,test
ID_SR1EU1NV,test
ID_1UGPDPKG,test
ID_PAGZG2RK,test
ID_DPZ9I6C0,test
ID_6TF0EMUK,test
ID_XESBG20U,test
ID_GZFM3PL0,test
ID_MJ3PWJ4R,test
ID_BJSR7QW3,test
ID_U9Z5RF29,test
ID_Y1UITPUJ,test
ID_BOVNW7B9,test
ID_2J6WKXM8,test
ID_7NTD17YS,test
ID_9RKZBZYP,test
ID_FW1ARX45,test
ID_M18ITITO,test
ID_9SA84G6Q,test
ID_CIIY4G4P,test
ID_QZJKG2C7,test
ID_YDEO6ZJ1,test
ID_CPYQ8E1J,test
ID_FQXLRB3J,test
ID_SEQDB05U,test
ID_M5069FUV,test
ID_559QFUS2,test
ID_6PZYVF1B,test
ID_5GW25W0N,test
ID_9DL6EI7H,test
ID_BNEOHI2E,test
ID_QT7PIN6O,test
ID_0UJJ3EBA,test
ID_ISTBJQO6,test
ID_MXS5LLXP,test
ID_XS1RHC2R,test
ID_3YVC959Q,test
ID_49SN4I4X,test
ID_VXFS4C4D,test
ID_QCQ69SGS,test
ID_VVAVYK9H,test
ID_YEAD65T6,test
ID_F6AFL9T1,test
ID_EE2YNF6A,test
ID_D02Q0IS2,test
ID_0V2R8TYO,test
ID_JJ9ESXE8,test
ID_4A8LFT8U,test
ID_ANWWMUEE,test
ID_XVRS27QG,test
ID_92DH7TKL,test
ID_I81DO12M,test
ID_C0JJ9V8J,test
ID_97BUBBGH,test
ID_51D9N3RK,test
ID_NHPJ4CY7,test
ID_3QGJ5AK9,test
ID_FO6WT2HE,test
ID_9K2ENLPI,test
ID_XUQH584P,test
ID_P68PBKFX,test
ID_FRJEE92F,test
ID_QHBIEMIW,test
ID_7QCWVW9F,test
ID_DGLUMC7U,test
ID_ZWN5TKAN,test
ID_M3O2XZKR,test
ID_J69J4G1V,test
ID_IYX9YUZ4,test
ID_I1FG6MJ6,test
ID_3GI7C3HL,test
ID_VTP7MS6X,test
ID_NZJFANVL,test
ID_UWBM3EVN,test
ID_LDGIFWZ3,test
ID_NC5M10RL,test
ID_BQUIVRQT,test
ID_NCJ9W5ZY,test
ID_W0OF89VG,test
ID_KJW9S2IZ,test
ID_GQGVOGKM,test
ID_VQFRBE9C,test
ID_UCA80IBA,test
ID_WUZ003DY,test
ID_7N6W3JKQ,test
ID_VO3YUSZ4,test
ID_8CP3AQNF,test
ID_35SSGN6C,test
ID_33GCL0Z8,test
ID_UGQD5EJ0,test
ID_Q22D6CPD,test
ID_7O7HGNFU,test
ID_GDABYDVS,test
ID_HB9FCYN3,test
ID_E282WBLF,test
ID_G4SP3DTW,test
ID_63G7A4SF,test
ID_94B805ZZ,test
ID_EPJ6O36U,test
ID_5EQIP1OV,test
ID_FONO7456,test
ID_JEAZYWI2,test
ID_N5BCQ8EE,test
ID_03XKHV0B,test
ID_SBMLOYN6,test
ID_X1ACYGSQ,test
ID_3HQN4R4C,test
ID_EBZK2J9S,test
ID_44HFETYT,test
ID_DF1BABZL,test
ID_G6LXE9D6,test
ID_ZJY9AEIF,test
ID_1OH8C7UB,test
ID_60VFR4DH,test
ID_JXRYVK2H,test
ID_ETEN6T5E,test
ID_RBC18GNT,test
ID_02LBDT3D,test
ID_G5TXTNDP,test
ID_D3WFMGYL,test
ID_00X0905O,test
ID_GX94US7N,test
ID_X22PQFNF,test
ID_W0AT225N,test
ID_XRMYUXMI,test
ID_BY8GYCGY,test
ID_MEHLD1LZ,test
ID_X2FL9XZ2,test
ID_L5838YSC,test
ID_MFQEE8P9,test
ID_R6VD9N37,test
ID_EE0ULOHY,test
ID_8P4OWNIL,test
ID_NAT5S5XU,test
ID_X9DPGMHQ,test
ID_0DBI7008,test
ID_0JOZ4Q52,test
ID_0QXBRS0K,test
ID_47GT9TNM,test
ID_YEIDXC2A,test
ID_4578OMHO,test
ID_O0R0LX3H,test
ID_U8N20API,test
ID_KL8F0MQZ,test
ID_ET85NYTP,test
ID_UPE3V3W0,test
ID_CKDIYIJ6,test
ID_132G8T3B,test
ID_K6MOVXCX,test
ID_ME8J5HL8,test
ID_UGQJ2EVO,test
ID_OVOET57D,test
ID_2WN3OSB3,test
ID_J26EA45T,test
ID_DNX4GRT8,test
ID_M8QFLM3D,test
ID_FORFZU6K,test
ID_33RYNXVO,test
ID_IY7PESEI,test
ID_BXO8CMIF,test
ID_O5M8TFSJ,test
ID_5BICU9V1,test
ID_T1UV1A58,test
ID_9DVPBPAA,test
ID_AH2LTDCQ,test
ID_HFZ3KHQ5,test
ID_B9OHQI8G,test
ID_N6DZ95E8,test
ID_AIIEY4V1,test
ID_ZWH9PNPT,test
ID_18B7GZ7X,test
ID_VNBKDALU,test
ID_BLA7Z9AC,test
ID_9BDWS4SK,test
ID_W0BK5Z0F,test
ID_CLLV0MLJ,test
ID_9LI0QC7K,test
ID_9713TO7Q,test
ID_QG72U8KO,test
ID_YT27ZP6N,test
ID_PZKGPZ1U,test
ID_QR8I9X2E,test
ID_WW1522IB,test
ID_67QMMGUW,test
ID_9Z8SHQWK,test
ID_V0MGDXRL,test
ID_EAROC95M,test
ID_RPB5YYQ5,test
ID_4YCXES9V,test
ID_WZHFNYJP,test
ID_OATJ6SH2,test
ID_RD7H3GIY,test
ID_Z2HFF3OH,test
ID_VY43U3SY,test
ID_PSQI25LQ,test
ID_T74VL6WX,test
ID_IP250LJZ,test
ID_H67P2F4W,test
ID_R16CR75F,test
ID_QISIMUI5,test
ID_8M2U0WUO,test
ID_12MIYRDI,test
ID_3JUHU2AA,test
ID_DEQJIK5C,test
ID_W2H5S5XA,test
ID_0D5C80YN,test
ID_NVOO9T4V,test
ID_QSGHQNXQ,test
ID_3BP3U1CC,test
ID_IBSLJSQ3,test
ID_KWIBKPCX,test
ID_3OSLJRM2,test
ID_R47VUUJF,test
ID_D0BT792H,test
ID_D5LO5CB2,test
ID_GWDBIRIE,test
ID_SY36WSQM,test
ID_C5ADOOHU,test
ID_8IFOZM1V,test
ID_37RG1OYU,test
ID_0DH63KAQ,test
ID_2XJU6L6T,test
ID_33GIM5M1,test
ID_NHKBWMUQ,test
ID_9M1QX70T,test
ID_97DMHUG1,test
ID_60QXGEEP,test
ID_1O5DF21H,test
ID_JNJ64E2N,test
ID_QD07VDCK,test
ID_BTVGSSD9,test
ID_V9Y8QZR7,test
ID_5JSDTWOV,test
ID_2F20CBVV,test
ID_3COWYPIZ,test
ID_I8L4XVG8,test
ID_O85KGTD5,test
ID_MO8PLOOW,test
ID_OYN556Y0,test
ID_GG8KAZ3D,test
ID_3A2WPO1D,test
ID_1NVFOSEE,test
ID_64E02507,test
ID_5Q3R85C7,test
ID_MMH817J0,test
ID_R98ZDKDC,test
ID_KBFP6LVU,test
ID_O2WRHXKZ,test
ID_A9JR4FS6,test
ID_YBSUYKN6,test
ID_2RDB653B,test
ID_VOO6IMAQ,test
ID_Z272UPE3,test
ID_95K003K5,test
ID_O09ZAN20,test
ID_SYS52OHU,test
ID_I3H40GTZ,test
ID_9CA4YQFS,test
ID_CQQ0GD9Z,test
ID_F9WNXT1U,test
ID_ZV64E96F,test
ID_5WLU4UYS,test
ID_QWGU7TKI,test
ID_C7D66U6G,test
ID_ZFI9AL9C,test
ID_96DC1IW4,test
ID_1KPCALIX,test
ID_2XDW0SMU,test
ID_CP2U0U43,test
ID_A22YAM9L,test
ID_NF540HDN,test
ID_SV4RLZVB,test
ID_A8AS3OG9,test
ID_GCJ2UYAZ,test
ID_00G8K1V3,test
ID_1PYANST2,test
ID_M32BS1ET,test
ID_92IZD262,test
ID_MAVM8Z2X,test
ID_SH8YOHBD,test
ID_6WPQCH9S,test
ID_MG41ADIE,test
ID_GM5E75TV,test
ID_ZOK2TIOM,test
ID_KMHY021F,test
ID_TY188LL9,test
ID_GY2MDX9W,test
ID_RO8UPAA2,test
ID_DUF2JZPY,test
ID_L9K517PH,test
ID_293XB06D,test
ID_ITFUF331,test
ID_IVILI4KV,test
ID_27AX0F0T,test
ID_EB1ZCLRB,test
ID_8YQ0ZRMH,test
ID_0K7EL23D,test
ID_35NMBC3U,test
ID_EPSUINYP,test
ID_33AI6EGK,test
ID_SJKK9NUE,test
ID_VF46N8RY,test
ID_TSUQXRYM,test
ID_6T38KZM1,test
ID_8IGIB56P,test
ID_C9QEWHFK,test
ID_H435C9W3,test
ID_D85DF300,test
ID_5ODKOJM5,test
ID_T3CPJQON,test
ID_SHMOD4MO,test
ID_BFY11SBM,test
ID_19TCGHF9,test
ID_5FR9MEBW,test
ID_JAM0NCBQ,test
ID_GQ4JS6G6,test
ID_RR450OYP,test
ID_BTUKHIGY,test
ID_HCLLU9AH,test
ID_7UNBVN42,test
ID_0O5NIKWR,test
ID_BWKJP7OA,test
ID_PLFP81FD,test
ID_EAITIO8U,test
ID_75PWPFPB,test
ID_CYQ27IQK,test
ID_74VA3IIV,test
ID_NGZ5IQVH,test
ID_2ZZ7CLRG,test
ID_2K50QY3Y,test
ID_LPROR07Z,test
ID_R84SANRR,test
ID_XBULBD4I,test
ID_SSG7IHZ3,test
ID_GNSDMS4R,test
ID_YQ95OOA3,test
ID_K2KXV6QZ,test
ID_3VCSV7C5,test
ID_PUUMEIY1,test
ID_GHRD0HZA,test
ID_KBYI7FHQ,test
ID_PSB4DK5Y,test
ID_OJ3CC54T,test
ID_DABZT1LH,test
ID_ZWHF4AMN,test
ID_96FV1J9J,test
ID_HFT1R7FV,test
ID_UWM32KEC,test
ID_7C9JZK8D,test
ID_KWGBMCFO,test
ID_8DUKSFJ9,test
ID_Y78DIWAY,test
ID_D8ZTFUQ9,test
ID_E4D1RFPE,test
ID_OFE92H2C,test
ID_IM0JACFS,test
ID_BVLSA6O8,test
ID_RB72U3PN,test
ID_A65EIJZN,test
ID_CPDG72SX,test
ID_KYYCXLPN,test
ID_FR6VVIOB,test
ID_N3LNGGRN,test
ID_I0BMXV0Q,test
ID_O2W3JPCL,test
ID_5HGSYMPG,test
ID_MUW85LO2,test
ID_Z0TK1IEF,test
ID_JRC5R9CX,test
ID_J5FCOG34,test
ID_JX37YVSC,test
ID_SET9X7YS,test
ID_EZFXSVXF,test
ID_ZW6DB8DA,test
ID_86YIDMU8,test
ID_C132DAFK,test
ID_YBL1TUH2,test
ID_U9Z6JVAC,test
ID_64C3CLUO,test
ID_CZMC9PIU,test
ID_FCYDF28P,test
ID_X187GWTR,test
ID_ED8CLGLJ,test
ID_8N1JY13W,test
ID_BMNIVFAZ,test
ID_2HSDCDRE,test
ID_56U1JUR4,test
ID_KNOLXPWQ,test
ID_DEYJJBD4,test
ID_RQAJ3TGY,test
ID_MOQ5TMLE,test
ID_K1840Q0B,test
ID_1M5PAR2N,test
ID_A4ZB6Q48,test
ID_HA58V1W9,test
ID_1O1BRGNO,test
ID_FVT60YYX,test
ID_H2CC5Z9T,test
ID_N0MRMNFC,test
ID_3ZZLEBAL,test
ID_4P39GKZQ,test
ID_5SCPIJ75,test
ID_2E2BUQB0,test
ID_XAY5D6T0,test
ID_445R8O45,test
ID_UL02FL79,test
ID_OAOWCPJX,test
ID_OS2P4D3O,test
ID_QMGJI5GS,test
ID_L80NOM6D,test
ID_Y1HC4D2C,test
ID_TO937UJS,test
ID_5Z3FCL3U,test
ID_2ET0CYW7,test
ID_TSZYQ2S7,test
ID_KFHYIIA4,test
ID_7YLHPUC5,test
ID_SXCODTCU,test
ID_CQLQTMUB,test
ID_VE76RMB5,test
ID_KQS13WUC,test
ID_6NSRQYVD,test
ID_1NKCD9U6,test
ID_TUE44ZMC,test
ID_LE2VTUO8,test
ID_TCH1IQ6I,test
ID_29WBXQ8D,test
ID_J9DKXTAB,test
ID_EYQE91VX,test
ID_LFI8RSTN,test
ID_545N88WM,test
ID_ZZ2Y80HZ,test
ID_024SOV2N,test
ID_YCPUN5PB,test
ID_F173OMEU,test
ID_2QOVY4GW,test
ID_66FB5PP0,test
ID_J2VGFFY2,test
ID_XKY01BNY,test
ID_3JXI1IKO,test
ID_NQPEGGFA,test
ID_YNXZ336Q,test
ID_CV5GX8S9,test
ID_ENP8LT07,test
ID_RUG1S110,test
ID_WYLAXZDB,test
ID_8DJKTRHU,test
ID_BRO8XWCK,test
ID_5267D76Z,test
ID_W9AKBEUA,test
ID_Y29RAXV8,test
ID_QB6X6XNP,test
ID_XU4STMAZ,test
ID_O7NT1EPA,test
ID_S129O2MH,test
ID_K7AP9L5X,test
ID_EQ88ACLI,test
ID_A1CUFKG0,test
ID_GRNUCYA7,test
ID_JFEUV286,test
ID_JHVCF19U,test
ID_VM79RKQD,test
ID_84WKCOB5,test
ID_MKLT0ENB,test
ID_O02JSW4D,test
ID_0YSBOCRI,test
ID_PRWZHAPO,test
ID_CIFH3CQ3,test
ID_EWSOVJA4,test
ID_TL574ISC,test
ID_9LIMFBXD,test
ID_MY7IL81S,test
ID_LVYAA7DQ,test
ID_OJYLZMU9,test
ID_8V75S3YS,test
ID_DT37B9LI,test
ID_3MHGVA05,test
ID_RSD9XYBP,test
ID_4P3BN7XV,test
ID_FULTLCJU,test
ID_TES2F3SU,test
ID_G1BNAURJ,test
ID_1HXMTSZ3,test
ID_1DO8PV7U,test
ID_AELCQ6CL,test
ID_NAIH9DCC,test
ID_JMNZLQ7G,test
ID_NZ6S6M54,test
ID_1Y8J26DS,test
ID_DUIVJKE6,test
ID_0UG9T4Y7,test
ID_Q6JESO14,test
ID_4N1V836M,test
ID_HK297BSZ,test
ID_JR0O4ZXX,test
ID_0TSGGSH7,test
ID_2CEHKMDZ,test
ID_75T4KOC7,test
ID_GGC3GXN3,test
ID_HH0VF68P,test
ID_G8WP1MYB,test
ID_WOY6E938,test
ID_IAV2JJ3U,test
ID_6GIT6Q20,test
ID_Y8C7MVF8,test
ID_56LPS0EW,test
ID_3FM4JDXG,test
ID_TZRBNTFA,test
ID_5Q40L8YF,test
ID_5295L26R,test
ID_298QO2X0,test
ID_0AQH3NCQ,test
ID_LE3WSED3,test
ID_0WGA68YM,test
ID_J8OMB4DV,test
ID_3E7IMJ82,test
ID_NAEE3E1D,test
ID_IGX4TWO2,test
ID_YTRH9MRA,test
ID_Q7Y2TS5U,test
ID_TGGB70E1,test
ID_SDBIA0NO,test
ID_BYECTMFI,test
ID_ZH46E53P,test
ID_8DUJFHLA,test
ID_BHL9GONO,test
ID_2MZ8A9YI,test
ID_9W38H2CB,test
ID_CJ09XY4B,test
ID_H4G81101,test
ID_YR4FR49K,test
ID_YNIA9SG1,test
ID_9LHOGRHI,test
ID_EZUITD0T,test
ID_VV864H73,test
ID_5CN6N8ND,test
ID_1B5BRXSX,test
ID_A6GQU6FA,test
ID_DY3J0AWJ,test
ID_784QSZIA,test
ID_Z1QUTT2J,test
ID_QCOHW5JS,test
ID_FH0QXOLN,test
ID_ZTMLW133,test
ID_DD1FPN3T,test
ID_7X5045JK,test
ID_M3HDH5BP,test
ID_I2000I81,test
ID_47X5RNYO,test
ID_O89LVIY1,test
ID_1JKMVREB,test
ID_3UH2J4Y6,test
ID_TOHF63VS,test
ID_GKKO9XQT,test
ID_SUCEE8RW,test
ID_FFH25I00,test
ID_HXMKAEPN,test
ID_3737SUAU,test
ID_A7UG8DP0,test
ID_W1W72XB1,test
ID_R4ZSLLWR,test
ID_TRYK5GC5,test
ID_402IX9MI,test
ID_330XBGAD,test
ID_PZHP8CGH,test
ID_08TTVM05,test
ID_U9YYQVVV,test
ID_527Y4O7J,test
ID_RVGXQDY6,test
ID_AL1GW6NE,test
ID_FAD4QWMH,test
ID_MLX7MGB7,test
ID_PZXMPHA5,test
ID_JXTFUYTS,test
ID_HPUK4PAM,test
ID_NDNBZTDM,test
ID_5O80M0YK,test
ID_LTXVM1EQ,test
ID_ZSHD3Q4M,test
ID_54K7EXG9,test
ID_XVMVWEQE,test
ID_ELC9N042,test
ID_I78BAEPH,test
ID_BP8305LU,test
ID_9Z58FE66,test
ID_YM2WTJNC,test
ID_PMRFVOMZ,test
ID_7QSMIMQD,test
ID_CU2A2HFG,test
ID_05IM1Y8X,test
ID_6L5LXO3O,test
ID_GXZCD2J7,test
ID_Z9RHBGAF,test
ID_08V6QIAE,test
ID_NC03N6M8,test
ID_60LETNLJ,test
ID_Y8U7K6Z2,test
ID_6DWGWMQU,test
ID_XDSZRVLO,test
ID_DQZUVM4X,test
ID_NAWPF717,test
ID_BAKUDB50,test
ID_2SPBNBZ3,test
ID_54N0D69T,test
ID_X6G6PZUZ,test
ID_BSTVMPHD,test
ID_BA4FRU3G,test
ID_GFZSY39X,test
ID_DA3ARTGM,test
ID_8M51K5S1,test
ID_OB8Y9TPZ,test
ID_VTLWJXLL,test
ID_CUO9C0AM,test
ID_GOE58QFB,test
ID_9MCBR9DU,test
ID_8PP0KL2A,test
ID_4NFWHJ2O,test
ID_L6G1ONF3,test
ID_KV5LPH6V,test
ID_2USD22CZ,test
ID_C1C36AFI,test
ID_J1I2QGTW,test
ID_LC8M7DAL,test
ID_7WJN86KW,test
ID_IUN5ONNH,test
ID_JJEF5DYQ,test
ID_5WK43FEV,test
ID_WMVQO0TR,test
ID_3FEGHII2,test
ID_8PXMRM76,test
ID_USCFEPGZ,test
ID_KNR2T25H,test
ID_VCMC6V4S,test
ID_LROU4410,test
ID_45KSTJKD,test
ID_3N75H3GL,test
ID_WNOKECVO,test
ID_39E1BWJP,test
ID_27XX0SXA,test
ID_NI3W11LN,test
ID_5OUWUP4B,test
ID_SUXP9M9A,test
ID_DRCBSK25,test
ID_NO8CTIKK,test
ID_YMW5C9CH,test
ID_EJTRFNR4,test
ID_MAAWVLM0,test
ID_762GOWFB,test
ID_QA840HRM,test
ID_EXC7VL4E,test
ID_RNDZGL0A,test
ID_9TIBNAVY,test
ID_FZ2DRDP5,test
ID_LTXZAYNS,test
ID_9EHSACKN,test
ID_C6LXDZ7P,test
ID_VRSXJMJY,test
ID_BS0GH7QM,test
ID_IY1M2TLQ,test
ID_DONIHTC6,test
ID_70HZJ5K8,test
ID_GMBSVCTT,test
ID_XMQWDAM4,test
ID_FS9AK3C5,test
ID_GLDOBK8C,test
ID_PAOB5TQI,test
ID_LIW882NU,test
ID_97W5H38D,test
ID_3F12K42A,test
ID_VFTRAE1Q,test
ID_ZVU5GNWA,test
ID_SZ7Q2EYG,test
ID_DGFP10HG,test
ID_PL66OOKN,test
ID_X99PDI8U,test
ID_RJWOBZJG,test
ID_TMMH4NM0,test
ID_AWA2C1MH,test
ID_HNC55R7N,test
ID_TDMW33BS,test
ID_9KVXGH1P,test
ID_XEPIKNHU,test
ID_CGPE7QXN,test
ID_WX4XR666,test
ID_HYZA4I1M,test
ID_Q8A265UM,test
ID_97WIY46C,test
ID_FG5D6S1T,test
ID_WZVR2HU0,test
ID_DP5U4XZU,test
ID_YBLRS1NA,test
ID_3MW221TG,test
ID_CL8CH99S,test
ID_XCO9M8GI,test
ID_GH3956SK,test
ID_B9EVLDC4,test
ID_8NPX4G1Q,test
ID_QB01EUAH,test
ID_BI1NG5GS,test
ID_8J44IOH8,test
ID_T2HP95WY,test
ID_9CYKQ5WN,test
ID_IKRLWEAX,test
ID_67TLB7ZV,test
ID_XFUILB8B,test
ID_N2SO39DJ,test
ID_Y87T1C8N,test
ID_S5FONZ7T,test
ID_4DBR7H5W,test
ID_P24MMFG5,test
ID_JLLOR0IB,test
ID_X6KTZJSK,test
ID_I5ZZ9ACE,test
ID_B4G18HF8,test
ID_DRF5XD0O,test
ID_LUVFFN90,test
ID_ERZXY88R,test
ID_8SP904UE,test
ID_MBDL7EIF,test
ID_HB5935YI,test
ID_E42W3TLM,test
ID_KF3T3GL5,test
ID_7D3N2OOP,test
ID_6EMCIQ3O,test
ID_MWFR0QKX,test
ID_BYZGEWFO,test
ID_B8X58RQR,test
ID_5U3HQZRI,test
ID_19VO7CEK,test
ID_AFZBMM0L,test
ID_THTKNIYM,test
ID_IN5TB7CR,test
ID_548HKLUI,test
ID_E8JZA44A,test
ID_7RAFCT0T,test
ID_PXR4TVLN,test
ID_5LSA8S1H,test
ID_FS8ELG8C,test
ID_LVS8FTF1,test
ID_IKUKVUFW,test
ID_0SEYEL8J,test
ID_2IUIO9PO,test
ID_PUF6DBZ2,test
ID_5WHU3BEP,test
ID_DDNN2XII,test
ID_C049Y0U3,test
ID_U4ZOBDWI,test
ID_J2YIBOXB,test
ID_115J8YGT,test
ID_6I86DQ48,test
ID_MJ7FK8F5,test
ID_LSWMRX6I,test
ID_1DTGFUV6,test
ID_UWY101IP,test
ID_89AW7CBN,test
ID_EGIRVIR7,test
ID_WLX3K4GV,test
ID_VKPTNX68,test
ID_KFO4YRC0,test
ID_HA9K85BR,test
ID_RX358K2A,test
ID_E9ZTMLF7,test
ID_6MG3KUU6,test
ID_PDCC4BZZ,test
ID_XYTODOA3,test
ID_95O1P55T,test
ID_DJSHAOSJ,test
ID_NOE9D082,test
ID_GLFCCU3P,test
ID_TULJZZGL,test
ID_PIMYZKFY,test
ID_S09H3TF1,test
ID_IDPJOXYN,test
ID_YYMZPG99,test
ID_ROBK8ZJB,test
ID_NPY6ZAZO,test
ID_MGIZPKAU,test
ID_J19IPTRO,test
ID_SUQ9MXOB,test
ID_TEVLC0D7,test
ID_VTXARCLJ,test
ID_5U5UEE90,test
ID_MAAA5BSN,test
ID_0PGQ9SEY,test
ID_137V5ZGA,test
ID_XVH72FW1,test
ID_1ZKCNBDU,test
ID_43OHIISD,test
ID_8V9SVKFG,test
ID_08CN1OKJ,test
ID_34YTGN3Q,test
ID_5O9C9QP2,test
ID_EV70ZI8B,test
ID_3Q3X7MN1,test
ID_ZYU9NFRM,test
ID_JG577DDQ,test
ID_DO7T438W,test
ID_XSP2L5YU,test
ID_8XZJWBE3,test
ID_ZUJK4WXW,test
ID_LRGG9OM1,test
ID_5U3I3ZW3,test
ID_APV72QGJ,test
ID_RECAOR72,test
ID_GHB94X2O,test
ID_5JRFWBW7,test
ID_GVH5QQEH,test
ID_2QP59X0K,test
ID_3EGGXJC5,test
ID_JKAO6MPN,test
ID_MH7YR6OM,test
ID_FVLP6NJI,test
ID_EQ5BTWN0,test
ID_WS6LCOLC,test
ID_BPSJSRTO,test
ID_ZB5FCIKR,test
ID_VHLSXSWV,test
ID_CU3HTUGQ,test
ID_3MOEM04X,test
ID_1Y9WG5XB,test
ID_K6H1WHQ0,test
ID_D4OIYERL,test
ID_2WORIXPH,test
ID_EMTUTB5P,test
ID_MONINVJL,test
ID_MCC45CLD,test
ID_742BM6CA,test
ID_QQCCMZ9U,test
ID_UZHYM44Z,test
ID_HZ1C3AXR,test
ID_DJ5F7X3O,test
ID_0VMYJX98,test
ID_A4X1N8FM,test
ID_SB018HN2,test
ID_3I8FJP3T,test
ID_713MGIRU,test
ID_4RG00BYP,test
ID_5RJJWPAY,test
ID_S7FYRBT5,test
ID_UC91UZQW,test
ID_K9ZJOJ2W,test
ID_UDAPPXVZ,test
ID_73LERL6X,test
ID_NQK7GYRT,test
ID_SIH4QIU7,test
ID_EJ07KO0R,test
ID_7YXKV5YD,test
ID_3BZ8AFVH,test
ID_AE1SB3XA,test
ID_UO36FTJ1,test
ID_OJW2EVCS,test
ID_HKHWFUKZ,test
ID_507HPVDB,test
ID_WCTG452E,test
ID_PI0L9I61,test
ID_F91QC8VR,test
ID_GAX0WC1Y,test
ID_X3XK9UYY,test
ID_4SYFZCV1,test
ID_L7ACDO3G,test
ID_NA8YRT7U,test
ID_CCV9RZNN,test
ID_1JHK54DF,test
ID_2XQB9ZZ9,test
ID_RGCY8P07,test
ID_GT82DO9D,test
ID_YCJCXSCV,test
ID_HKTQI26O,test
ID_D15EBGKN,test
ID_KOR0877W,test
ID_YRE4BBNO,test
ID_3RPKHPWQ,test
ID_U42YUKO7,test
ID_JFH777KT,test
ID_BSALBBBI,test
ID_JV079ET0,test
ID_FZUGYIAE,test
ID_RZC07W6X,test
ID_TEX7A4AA,test
ID_0Q6EHB66,test
ID_GB2KOX8E,test
ID_4CXN7NHA,test
ID_DQ9FMVVH,test
ID_V2HOJMZX,test
ID_8GCQS2VU,test
ID_IJFL565X,test
ID_AF1DABSW,test
ID_EUMUT2YA,test
ID_G24F011C,test
ID_ADXZM2GT,test
ID_TU7XHQRS,test
ID_92JPTDKW,test
ID_42F26ZET,test
ID_CZSW86Q7,test
ID_NE3TOKK0,test
ID_QLS7PI3K,test
ID_W3GHQTPB,test
ID_5YEXDDSI,test
ID_S55MY6FF,test
ID_6W4U8PU6,test
ID_A4TJDVRY,test
ID_GNQGM1W7,test
ID_AKUHV4V0,test
ID_DYJJ2PTS,test
ID_B8MSTFQ9,test
ID_F6UP8RT0,test
ID_F86USX8I,test
ID_WOE05U56,test
ID_H8Y3ANZW,test
ID_7Y5MYL6A,test
ID_CGJJ8GSW,test
ID_ADPLP2UC,test
ID_N269V6JE,test
ID_33U8YWUZ,test
ID_Y4KR2N31,test
ID_X4JBLPAW,test
ID_JPZWVI9C,test
ID_SMURCAOD,test
ID_CL1NVYMV,test
ID_THMUAISV,test
ID_KDWCCP76,test
ID_4DHLQ9WQ,test
ID_LMCAT93R,test
ID_RP2VVLQK,test
ID_DDAVAS43,test
ID_MH5V8RN0,test
ID_GBN82SYO,test
ID_AJIGYUKB,test
ID_XZE5J28C,test
ID_3O4J220Q,test
ID_Y9ZGK3OM,test
ID_G5A2IEJT,test
ID_VZKFO81A,test
ID_VPNB41T7,test
ID_JGQUFAK0,test
ID_XC23CQXM,test
ID_MKUM65L7,test
ID_E9U9Z2JU,test
ID_WTLJY8TJ,test
ID_WTSVGQOO,test
ID_CGFZK3S8,test
ID_PRQZXS1K,test
ID_D9LFQ1SM,test
ID_R6PC39ZG,test
ID_XD19U3T5,test
ID_21KKIO8N,test
ID_7INMODWB,test
ID_UAZL9DV0,test
ID_R59889TE,test
ID_MPFDYX3M,test
ID_HHS7AML6,test
ID_ZHZYAOUX,test
ID_QFS7NF6R,test
ID_GP079JVQ,test
ID_AI3FBOVJ,test
ID_N4670QRR,test
ID_WLSJ4TOZ,test
ID_V8ZSLJ9Z,test
ID_VK95HLH7,test
ID_VFBRX64C,test
ID_SSSVL3X5,test
ID_TLXD2FVQ,test
ID_WGF3SG0S,test
ID_SLS05H2H,test
ID_IHTLFMI7,test
ID_ED6CPMQR,test
ID_U3UNK3QJ,test
ID_8PWK9CH9,test
ID_MCBYWTB3,test
ID_LNP8UKB1,test
ID_ZHN8XIT9,test
ID_AVUWDTYE,test
ID_K9NQQI2O,test
ID_GQNPIY7O,test
ID_ST22NEKL,test
ID_3W77WJKL,test
ID_5Z0F3Z3X,test
ID_MSTEXMJ5,test
ID_ZYCD93WR,test
ID_WW2XGU6C,test
ID_5DBI7ZV5,test
ID_P5PF4B10,test
ID_KW1QBTOL,test
ID_YJXAVX46,test
ID_B03P01S6,test
ID_NUW46361,test
ID_41RPLHT4,test
ID_W3HFYL1K,test
ID_HD4BCW4S,test
ID_M8IBK213,test
ID_YQQHK42Z,test
ID_WBYTTOY4,test
ID_58AUOAIV,test
ID_K4DHRY0W,test
ID_YHN431CT,test
ID_A2KNWB3W,test
ID_JBHLHU2U,test
ID_YR9RI3DD,test
ID_W9226Y4Y,test
ID_ZECGNRMA,test
ID_CBMQ6LZL,test
ID_3FXSSIAI,test
ID_FTGDSGTF,test
ID_48OIMLNL,test
ID_RMU9MORY,test
ID_2AWMADQW,test
ID_KZ10K5BJ,test
ID_YY927T5O,test
ID_T07G466L,test
ID_X3BSRALB,test
ID_A9G3LENR,test
ID_D06ZQ77W,test
ID_Z7VVMLH5,test
ID_4UZSMWFY,test
ID_9I03XCTL,test
ID_USS8MDH9,test
ID_7QLJN3UM,test
ID_WWX8VMUY,test
ID_XPDZZEPY,test
ID_40JLMS51,test
ID_B1X27SH6,test
ID_N60PTEDN,test
ID_OADBZVKZ,test
ID_KBFTZOMO,test
ID_6QD87RL0,test
ID_8TRRS15T,test
ID_9FEKO0VI,test
ID_5LMYW92R,test
ID_TDQOMQP9,test
ID_UMZ3GRJ4,test
ID_4OYVEZ4T,test
ID_6P2LRD9B,test
ID_D66FGIA2,test
ID_U7FZNHH9,test
ID_BG0M5W1A,test
ID_AE51K889,test
ID_L997MR9Y,test
ID_VGU13HID,test
ID_YUSDHX7V,test
ID_CGOK641T,test
ID_CFGW6KRE,test
ID_CGW2CB1R,test
ID_K1XUEEQM,test
ID_BTDI4AN8,test
ID_5FAR4CUU,test
ID_3DJTYPOP,test
ID_5TPWHDEH,test
ID_Z48VA2T5,test
ID_2R1IKUPA,test
ID_OGM5Q0YV,test
ID_8H0O6861,test
ID_XXTDQX1H,test
ID_T5MRJ9DB,test
ID_ROTN0NNO,test
ID_VCY8NG5N,test
ID_9FTUXPAQ,test
ID_DFOW9V32,test
ID_I5XYXLWP,test
ID_UDHWME1N,test
ID_5XEDCW36,test
ID_1JVJGHUQ,test
ID_WN7IGNVS,test
ID_1UMJ5PH5,test
ID_XLFRZRJ7,test
ID_W19ZZIVI,test
ID_L5HH6JED,test
ID_3Q12297L,test
ID_TR23MKQ0,test
ID_UC7DTWT6,test
ID_PJQHUGZM,test
ID_BSWIBL3A,test
ID_M5KHHLG0,test
ID_75MNNTBF,test
ID_MDAJ2TO1,test
ID_ST48UCPB,test
ID_1KMC8R0O,test
ID_81M1Q77X,test
ID_T6I9KDH6,test
ID_UWZ5GPJ3,test
ID_ZRCLDSON,test
ID_8U3I51FT,test
ID_E19F7LZH,test
ID_HT80HSHM,test
ID_DWGGL1K3,test
ID_9Y975HPD,test
ID_M3EJ895F,test
ID_OWHE98P1,test
ID_F5QLQM1I,test
ID_OGLKJIYY,test
ID_R4PMR42Z,test
ID_DMCRSE70,test
ID_G2YJCDQR,test
ID_LR5Y531M,test
ID_UVE1IYM7,test
ID_0QOGP70H,test
ID_VBPCZ47U,test
ID_NEOR73E2,test
ID_3VHZO87M,test
ID_HV562VBM,test
ID_YTNQK2ZR,test
ID_ZKPOPFPB,test
ID_DNOFIAAT,test
ID_N5S44HD4,test
ID_R32DOX9W,test
ID_MD9A7SSX,test
ID_7HBK3I9B,test
ID_YBUDEYT0,test
ID_59ONRD7F,test
ID_GOUSAN5L,test
ID_N4ESGSMN,test
ID_RD5MR8C3,test
ID_924JHUCY,test
ID_LQG4OI03,test
ID_8SZINKBO,test
ID_27UTFJ3V,test
ID_OO57O6IP,test
ID_W9BC6WRM,test
ID_9HGMP69Y,test
ID_RQHDMX6Q,test
ID_WS40L0IA,test
ID_MZS0RJHP,test
ID_V4NAEE93,test
ID_2908XHNJ,test
ID_ABH295DA,test
ID_AYOVZ21L,test
ID_77EBI8SE,test
ID_HSDRW1F7,test
ID_XHGT8B8D,test
ID_303A086M,test
ID_5S15GFOL,test
ID_XWMC9119,test
ID_2NL8MHN4,test
ID_R2X3OJ6Y,test
ID_OI7NJ0CJ,test
ID_511WB5GU,test
ID_HURKQWF0,test
ID_9BFEW058,test
ID_N1S5UGYM,test
ID_86AYZU58,test
ID_SVMLPB7L,test
ID_TRQ4IM1A,test
ID_UHH6TKLD,test
ID_77NBZM9Z,test
ID_EDT3LQNV,test
ID_WM13WIHX,test
ID_SOZB6UOJ,test
ID_ITPW6M9G,test
ID_A5F086WV,test
ID_5BJKNXWT,test
ID_WDE7D1A8,test
ID_EAM1OA3M,test
ID_0TC2FVMD,test
ID_QTK5VN3O,test
ID_6RERZX5O,test
ID_NS9MXIV3,test
ID_2AGDG6O9,test
ID_OUBVLWB7,test
ID_E2JONDT7,test
ID_FKSSJWKZ,test
ID_GXUKC3NZ,test
ID_PZWD73F0,test
ID_IWH2FTVT,test
ID_HL55F9GU,test
ID_UU2WS6AY,test
ID_F7OVASWJ,test
ID_XUGVUBTL,test
ID_23LPUG5W,test
ID_3C4DC1VG,test
ID_3NZLF4RZ,test
ID_PVCJ50KE,test
ID_EQ3H8B5F,test
ID_YVKV7KLP,test
ID_PLLU0T1S,test
ID_ZCKY1SG8,test
ID_JT6YIQ5S,test
ID_34HNIPKJ,test
ID_X5DB72IT,test
ID_YJB19BOS,test
ID_124PLLRG,test
ID_QA3AR3X1,test
ID_OCSPLYWZ,test
ID_RHOZS58P,test
ID_BDWUYEYQ,test
ID_WGKOL9N1,test
ID_BL1SUEQZ,test
ID_1JZGFF62,test
ID_8YDM8F9S,test
ID_HBLUOAO5,test
ID_BSHLFGWM,test
ID_R1Q12UZP,test
ID_FWSUH1EJ,test
ID_91PPREIT,test
ID_S12KAF5B,test
ID_OBY67YUF,test
ID_DSG06SGA,test
ID_4W28AQD3,test
ID_PQULNGA5,test
ID_30V2S9PI,test
ID_OTCB6X9Q,test
ID_0YOVC5CB,test
ID_LPD2PCIX,test
ID_RI8EVKRY,test
ID_UW1IAMOD,test
ID_BJFDZK4P,test
ID_ZIJ9E0R9,test
ID_ZETKMILR,test
ID_8UV1N16J,test
ID_QJZDM1C9,test
ID_UIEVXOOR,test
ID_0CF605CY,test
ID_S9V7YJCP,test
ID_FUK2QIHR,test
ID_JZ9S1JLQ,test
ID_YSHREMM4,test
ID_FXGF8AE6,test
ID_PYG8ZB5J,test
ID_XKBJITXA,test
ID_S4I7GPR9,test
ID_2VT6EK1I,test
ID_9X93ASKW,test
ID_O5GC74OW,test
ID_3SEE9QL5,test
ID_MEDVO1EZ,test
ID_WSWQEYV9,test
ID_CUNXAMP0,test
ID_TRKAVRRD,test
ID_DAHNGEW6,test
ID_ZLMWEQV5,test
ID_7HWMXCS0,test
ID_Q3JIHBTC,test
ID_P2U908O9,test
ID_PGTYDSRP,test
ID_X9D1ULME,test
ID_YTQXX8LK,test
ID_ZIQJJL6W,test
ID_05AB8CRE,test
ID_6T24KUX0,test
ID_ZLU9Q3LT,test
ID_UF2WHZ3Z,test
ID_69UUVFSD,test
ID_57E1V987,test
ID_QVEAXQTV,test
ID_IYGV36LH,test
ID_F9XX8ZBG,test
ID_1WK27C39,test
ID_C5I7YNWX,test
ID_S99E8WE9,test
ID_P883AYNE,test
ID_TQPAWUL6,test
ID_O5DKFDV5,test
ID_QEB7BQZC,test
ID_7RAGM4WK,test
ID_OXSYJ6D0,test
ID_7L19KW7H,test
ID_GUU2JSWC,test
ID_QOCZNG08,test
ID_P51F560V,test
ID_HM8IQHXR,test
ID_IGIZJY2W,test
ID_S5471CTY,test
ID_6HCQMS1T,test
ID_JRJMMU58,test
ID_U1GH2VNQ,test
ID_N8WAP118,test
ID_YF4S26NF,test
ID_7A4ZMNWJ,test
ID_5JIFZJXI,test
ID_0QYIA0W8,test
ID_NYTEBP19,test
ID_3VXJO3SO,test
ID_BBQ10M3S,test
ID_AO0VZTHE,test
ID_DZZYEP3Z,test
ID_G803NF3E,test
ID_FAPJOVX7,test
ID_Y7DQ9WZV,test
ID_FIJY2TM8,test
ID_79OITLU2,test
ID_HEJFSRPI,test
ID_FJGY7VHX,test
ID_KRGMSPXX,test
ID_3HPNCT5C,test
ID_UG8W7VP4,test
ID_ISYST1MM,test
ID_1VFT1JZ4,test
ID_JU4UW23G,test
ID_F5ONEPD1,test
ID_Y508BD4K,test
ID_QJVBKNG0,test
ID_A5RE6U73,test
ID_NKZ0OLQ1,test
ID_R2HXVL4U,test
ID_LU05MT4E,test
ID_HV5HR2XP,test
ID_ZR22E20N,test
ID_QMPAS07R,test
ID_XP0HKKZQ,test
ID_DJIKW93I,test
ID_X631C5WE,test
ID_NLPHSSQI,test
ID_1P7NFADS,test
ID_7IE8JHF0,test
ID_PCL5F7GF,test
ID_71DJM340,test
ID_WRJY3NVB,test
ID_9G0J55UA,test
ID_Y1OLISC9,test
ID_MM608TXN,test
ID_Q4CYO6N9,test
ID_DRP8BIK4,test
ID_Q9JGE8JK,test
ID_JHVV5S62,test
ID_QJJBSATF,test
ID_78UKOIS5,test
ID_WCK3SRQP,test
ID_SGUQBM52,test
ID_25VPKAVP,test
ID_98JFV33O,test
ID_GECRX3TP,test
ID_J5R00WHH,test
ID_1IC3YNBD,test
ID_WE5UZ5WK,test
ID_9JNXXBZH,test
ID_ICIFM8GB,test
ID_BAW4LMI3,test
ID_JCSBF4O8,test
ID_M95ETYFP,test
ID_0ISV7ZK9,test
ID_BZ19S1OK,test
ID_6XD8IFTX,test
ID_4DAANKWV,test
ID_ILG6J0EH,test
ID_V46JEO5S,test
ID_V0MCJ3C6,test
ID_7DGE2C0D,test
ID_4HMLRL7E,test
ID_FBBYR2M9,test
ID_2IT5U4L9,test
ID_WPIA2TGW,test
ID_9COZ9JNO,test
ID_88HIXTRP,test
ID_8Q4XILMW,test
ID_VHP06ELI,test
ID_NKZXXWLE,test
ID_989TA0UQ,test
ID_3SMKZ90B,test
ID_RCVN8Q76,test
ID_GK0NZ1FD,test
ID_PUPVTSW3,test
ID_BQ9M2FQJ,test
ID_LSMKUTBY,test
ID_4FO9XILF,test
ID_04DCAOGB,test
ID_OJD5H8DC,test
ID_W9OP5QWC,test
ID_OZHZC6DQ,test
ID_XP7IRNKO,test
ID_4K6MFNPY,test
ID_5MS57O1W,test
ID_4I0DWY2Q,test
ID_X5G0RWLL,test
ID_SR1CDO3A,test
ID_Q43PVKVM,test
ID_JD4IFU4K,test
ID_CZHDF85X,test
ID_JDZ70SMV,test
ID_OBF6GEVO,test
ID_NB98WDD0,test
ID_BISIOFO4,test
ID_B4T4XI9P,test
ID_5HSFKPZ1,test
ID_0T61EWTV,test
ID_UIRD41HV,test
ID_EOW2VTWD,test
ID_M9Q82WPR,test
ID_TRK67Z4J,test
ID_DYR62CIM,test
ID_AZ96JGM3,test
ID_R417RBJ2,test
ID_0ML6MD8O,test
ID_A86HKS20,test
ID_FHPVHD5E,test
ID_S1DYKVBP,test
ID_1N0ZV8TC,test
ID_N1HNS7NW,test
ID_YR7DH03R,test
ID_S6TIOIEA,test
ID_HECZIFW6,test
ID_LKPH3R5K,test
ID_SNJRYCEQ,test
ID_7DSNVJIG,test
ID_H77QGY6H,test
ID_EYVPW5G0,test
ID_FQTXSIS4,test
ID_6VSNJRPF,test
ID_PPJT4EOJ,test
ID_BSB7B9QS,test
ID_4V5WMZBU,test
ID_8984WTEE,test
ID_5N199G10,test
ID_GYC09BS0,test
ID_QHFOSG3G,test
ID_9LYXP1Y9,test
ID_REYJGDM7,test
ID_EOEE6KFY,test
ID_N95E5MPM,test
ID_YSW8KW8G,test
ID_NEP17P36,test
ID_7ZAPPM0R,test
ID_1SWDV1VT,test
ID_WDTHZIH8,test
ID_L6G27U4M,test
ID_32CQWA28,test
ID_068F8CH0,test
ID_LZGTTVSQ,test
ID_XSKZA1CE,test
ID_UAPMDP5L,test
ID_WSPUYVNW,test
ID_M62BOFK2,test
ID_VCA0GBJ2,test
ID_60TWP4GT,test
ID_TS4LDQQF,test
ID_2X4UDP7G,test
ID_L6O3UF3R,test
ID_A31RS4O1,test
ID_IHRTMHL7,test
ID_Z3C5RBM2,test
ID_64WS0VVR,test
ID_BPFV7O08,test
ID_627KEMRR,test
ID_APRP4O1O,test
ID_KKTCXWFW,test
ID_LAJETNYZ,test
ID_LAREEHQU,test
ID_FMVTXA9Q,test
ID_Q60GU6G7,test
ID_YAK7FO9Q,test
ID_SR4TP4SE,test
ID_AW9AC0DA,test
ID_LLW2X16N,test
ID_IGIE3TG2,test
ID_I8Y4C4IB,test
ID_5BI64T2V,test
ID_8REJC86T,test
ID_QI5OI88V,test
ID_Z2BS0EUV,test
ID_E8SZIMWP,test
ID_GYZQBJ3Q,test
ID_L1RF8ERM,test
ID_5YU5I1DO,test
ID_FHRSBK7F,test
ID_IOLY3WNS,test
ID_XBFGWP9W,test
ID_AK9WQXM3,test
ID_CXE8SXOR,test
ID_I4OFUCP4,test
ID_RIKCNSM8,test
ID_3VW9ZS5B,test
ID_GV5QKHZO,test
ID_U5DHJAN8,test
ID_T5PU94E1,test
ID_T776XQ3B,test
ID_9DSJ3ZOJ,test
ID_O5SNP301,test
ID_BC0K1YYB,test
ID_50D98IM6,test
ID_HW1S6I8C,test
ID_GXZDNJQE,test
ID_5C7H8I2N,test
ID_25XJ8OB8,test
ID_ZUC2ZEJR,test
ID_4E6SO6YY,test
ID_MHOB5WOV,test
ID_X2KXIABO,test
ID_PCQRGHLV,test
ID_4Z9FZJ7R,test
ID_22OX685X,test
ID_4CC6Q35C,test
ID_52ULRNES,test
ID_4F53ALU9,test
ID_UM12QZDY,test
ID_OS63JW9B,test
ID_WKHTJ2QS,test
ID_0KLMAFHR,test
ID_SA66TF89,test
ID_TMGJ1RKN,test
ID_KAN3MV4G,test
ID_IKHDPRTX,test
ID_05HFC6W7,test
ID_C3T025PC,test
ID_36IKJ9KX,test
ID_UXOX91VS,test
ID_YGZUDVJ9,test
ID_WEFP5XVQ,test
ID_GBFMOXDY,test
ID_LA3H0B5G,test
ID_EEQU6YKT,test
ID_6KUFTO1N,test
ID_8PW11R4X,test
ID_GLTP9S6O,test
ID_4T0KWIZ6,test
ID_QEYLEZ39,test
ID_XV2HCOI0,test
ID_JQ4CW6Q7,test
ID_PUA5KYLR,test
ID_S14NJAMK,test
ID_8LDNCF7M,test
ID_5MFGXJFF,test
ID_TLJZFZZ4,test
ID_TKD7LUIP,test
ID_7ZPXFD1A,test
ID_QCIQQTFB,test
ID_TFX6K716,test
ID_MT0XNFK7,test
ID_3JPWCFHI,test
ID_MSXX5BQU,test
ID_DN57LM7Q,test
ID_QP76UUFH,test
ID_H9IDBOUO,test
ID_SATZIEST,test
ID_KODIZJ4N,test
ID_CSD8E1JW,test
ID_TI60RIGV,test
ID_9XHNK8RU,test
ID_36RCF2LB,test
ID_PGL49B5H,test
ID_15IBFGEO,test
ID_K9RPLH40,test
ID_TNHISP38,test
ID_VF4CK1PB,test
ID_ATB5HNE1,test
ID_Q5K39FSI,test
ID_L5SXKYIL,test
ID_BQQY3NQY,test
ID_Q5GWHI7Z,test
ID_TZ99ZRQN,test
ID_POIQ41LC,test
ID_94NADRFX,test
ID_FWBOC3KE,test
ID_P4YEQB6K,test
ID_0OK0ZGEJ,test
ID_E0QGU4DD,test
ID_23I7Z0M1,test
ID_L0H66W4C,test
ID_NCQWG99K,test
ID_WZEFTZ6E,test
ID_YHBPGGCF,test
ID_PXSVNPCJ,test
ID_FZHIGWGB,test
ID_METMF2V2,test
ID_C8MOSDFU,test
ID_QQA269VF,test
ID_LEXS6VVZ,test
ID_3G8N3P9D,test
ID_BXJXIE9A,test
ID_PV17W7XC,test
ID_ZDAI424E,test
ID_13DOIJXI,test
ID_2CYNCPJ4,test
ID_574XM046,test
ID_EVBSW6CK,test
ID_KN0775UG,test
ID_2N22KAFD,test
ID_SCUXUPTQ,test
ID_4UY50347,test
ID_MYEUUF9T,test
ID_PX9JENG9,test
ID_12INK9IW,test
ID_M1L56IJZ,test
ID_B5VXRBNU,test
ID_7CI76LNS,test
ID_LJLW970E,test
ID_N0HOIN2P,test
ID_1C2NSSLQ,test
ID_DR6GQY30,test
ID_D00E8499,test
ID_UUHI6CIQ,test
ID_Q2RKN5SL,test
ID_MY3PV9IZ,test
ID_7SWR4PP2,test
ID_NVLFVIAW,test
ID_WRSYUHUR,test
ID_A7UXG6K0,test
ID_K67YLPLU,test
ID_UN9L05J4,test
ID_FDZJC391,test
ID_QE7AGZH5,test
ID_QZKZXL9Y,test
ID_NCAONYQZ,test
ID_R14M9G1C,test
ID_RJZDB9XU,test
ID_WLVT31RU,test
ID_V9369KT6,test
ID_V7MZBV0W,test
ID_R5NRQSCC,test
ID_ES8UQT6Q,test
ID_K29R999K,test
ID_1LO0EKU7,test
ID_PF1EWOEJ,test
ID_XEVDUJ37,test
ID_1YIB1OUG,test
ID_C88GSC9Q,test
ID_JQQR6TJW,test
ID_YZHZ91O4,test
ID_OI8KWBPK,test
ID_SAUWALX7,test
ID_D5U548Z1,test
ID_7BUZZJAN,test
ID_QED03WWR,test
ID_0PM1BXWT,test
ID_0ERDHS3Z,test
ID_A02U0KHK,test
ID_ZQ4BPJFT,test
ID_PXZMJD5H,test
ID_XLS32DLM,test
ID_UL6ESD9U,test
ID_YYS5C51H,test
ID_ZAUM6P9K,test
ID_SKUMP5TA,test
ID_QH1TMBAM,test
ID_THL4B72P,test
ID_BWMTC3UO,test
ID_D4RJHPSY,test
ID_NM4V24JU,test
ID_EODO9IA0,test
ID_G7ZCOKZR,test
ID_WEYDJONA,test
ID_EJNW42K5,test
ID_2OWJIWSS,test
ID_9HUORVAC,test
ID_QY3FBBAD,test
ID_VRI98DVZ,test
ID_SLMU2NOO,test
ID_M8FP7R0Z,test
ID_Z5ENFOBT,test
ID_NZ33N4XL,test
ID_XS8DBZ1K,test
ID_48Z70FBP,test
ID_41RKCNGM,test
ID_TW9XBQZN,test
ID_SJ1J8IDG,test
ID_S79C9SOH,test
ID_CG6TFQG8,test
ID_7CF7OZVQ,test
ID_QPASLOSF,test
ID_9ZYG4HVP,test
ID_LFFMC0VA,test
ID_JE370G8A,test
ID_VIICFWK8,test
ID_26FQUHYK,test
ID_KKZXUFDY,test
ID_J7BR0ICM,test
ID_CO4RSURQ,test
ID_0702I5DZ,test
ID_KO62X15Z,test
ID_V37KNXN3,test
ID_A8J3D297,test
ID_4F82KDVV,test
ID_748UZ4WY,test
ID_0N0JKGD5,test
ID_EH5XK2R3,test
ID_IYLTF5IV,test
ID_FHTQILEN,test
ID_PRFZGUBH,test
ID_PQ2KKZPS,test
ID_BTGUJGIS,test
ID_JY3X6SXW,test
ID_IFHJ7ZUV,test
ID_LVHH1T0I,test
ID_SY81QRYM,test
ID_IVP2XD59,test
ID_XK91UBL9,test
ID_KSLUZTNW,test
ID_C1ZR45P5,test
ID_68RSYG6V,test
ID_37EN6AFL,test
ID_LZDUUXV3,test
ID_9I7FDB8W,test
ID_9QTDNWER,test
ID_U460TTM1,test
ID_4SNHVC7C,test
ID_FXYKWZN8,test
ID_VMSWA34F,test
ID_35QEDG07,test
ID_5EJQXSI3,test
ID_SNQS43O7,test
ID_RNKYMES4,test
ID_TP2AY50T,test
ID_HQGQSEPI,test
ID_I5FMOP8E,test
ID_LNB8VFN3,test
ID_IIWE0MXK,test
ID_LYQCNW7V,test
ID_MUOHPUSM,test
ID_POECJ63A,test
ID_V4PTPBDL,test
ID_HA4ROA84,test
ID_2ZMKIJDL,test
ID_9M42CP4R,test
ID_LYWK3P89,test
ID_ZFJL0VX4,test
ID_70Q1U6JG,test
ID_Z51MH8L2,test
ID_CNHHS7T4,test
ID_TPO1NXSO,test
ID_D5GW0EWE,test
ID_TWYX8YUB,test
ID_M58YT4BY,test
ID_05GHB0IM,test
ID_M3M5SVHM,test
ID_IRLQZUW8,test
ID_GAMGGAU5,test
ID_9CZSSAVR,test
ID_6N5EMQDX,test
ID_5TIYHSRT,test
ID_WYVOFZUR,test
ID_2CS15I0H,test
ID_MHE4ODHY,test
ID_DXXCYG66,test
ID_UA057JNV,test
ID_D2VOOMWG,test
ID_J726YYDX,test
ID_ENHEKOI5,test
ID_H7PAZYEN,test
ID_J2JZFOIX,test
ID_4YNJNYMG,test
ID_BQB4K56H,test
ID_RK8FWPEN,test
ID_XHBFYA7J,test
ID_NC4GH07X,test
ID_KVJ02H2G,test
ID_OUQ54RUO,test
ID_OHQPN4T1,test
ID_MSFMA8JV,test
ID_8TGDSJHX,test
ID_3FMNTVTG,test
ID_VKVWAI9D,test
ID_608SQFJD,test
ID_QI1TBQA2,test
ID_U8F5WHOM,test
ID_TZGBUQZK,test
ID_0ZU6J8TQ,test
ID_DQ2UW984,test
ID_9J15KETF,test
ID_744ZZ85H,test
ID_CNT0IXHI,test
ID_JYXA183C,test
ID_YNGYFFA8,test
ID_IE6551QN,test
ID_FDX8WNB7,test
ID_85ZDKGIR,test
ID_GCUJD40Q,test
ID_IE52NUYW,test
ID_VCQOO4T0,test
ID_7DJKGH7T,test
ID_KVMXXXF5,test
ID_0DXLYZR2,test
ID_3F9Y4QDN,test
ID_609H860N,test
ID_3OXHOAHL,test
ID_DSOMYD92,test
ID_FEIT9TX5,test
ID_JY0UT95G,test
ID_RDH2HJYX,test
ID_IANVC7KP,test
ID_H7F37E7D,test
ID_IAM0CAY8,test
ID_K3WJ62AC,test
ID_TAB37XV0,test
ID_L9NSFOW7,test
ID_8RG1MGG2,test
ID_E39NYMDF,test
ID_LKCO06L0,test
ID_49QXH68Z,test
ID_YLUEZ2KO,test
ID_B7QF9WYA,test
ID_HKIXG2RB,test
ID_YYY1S3LM,test
ID_0L8I11MB,test
ID_6TS6PGIP,test
ID_Y9JQ8VPW,test
ID_V4XZO26U,test
ID_VEXC3H5I,test
ID_H3HRFM5Y,test
ID_CR2AV7UH,test
ID_DEWSZS35,test
ID_GGGLVBMY,test
ID_LRVB3QO7,test
ID_PA4ECYF9,test
ID_QKZZOFLM,test
ID_K4HEMLPL,test
ID_Z2VC076Y,test
ID_J4QBA9BZ,test
ID_WTYXAOQC,test
ID_R9GJBGEW,test
ID_BPL6U002,test
ID_5KLU04AY,test
ID_NN59O3XS,test
ID_UMSZFQM5,test
ID_LQ8X12F6,test
ID_PFE461PY,test
ID_CM5HFYR7,test
ID_9YTO9PLC,test
ID_8LUU416J,test
ID_T733L1UI,test
ID_87TCLPP5,test
ID_W3FJUHA1,test
ID_07Y2LNPP,test
ID_J5R8J89Z,test
ID_UKX4NHRV,test
ID_VQ9PU9T3,test
ID_56TWB06R,test
ID_8LV00OAQ,test
ID_G5DS95V3,test
ID_R3Y5MVXY,test
ID_UA7H5HLC,test
ID_4TYUBX7G,test
ID_8XM8UY4M,test
ID_GZM6OYDS,test
ID_THJ34XT3,test
ID_6LB0N8RV,test
ID_IH6669ZC,test
ID_GDP1671Y,test
ID_3D67O6Z8,test
ID_K15OFJAF,test
ID_S9HLZDCP,test
ID_A3RYXOT3,test
ID_QS393USD,test
ID_BWIMTHJG,test
ID_UN804Z5C,test
ID_6OVFP0GU,test
ID_GZOT06DC,test
ID_VUI1I1VA,test
ID_J0Y93XCV,test
ID_3FXSR5CR,test
ID_Z24WLKGV,test
ID_4BUFETUE,test
ID_0P5ELTWH,test
ID_54PDCWRR,test
ID_JGBJXIB9,test
ID_Q6IUMYK1,test
ID_ODPM1XVJ,test
ID_HP2UHB2D,test
ID_7EJVVQIJ,test
ID_WRK59U3S,test
ID_DI4PN0ML,test
ID_363YANDL,test
ID_S851LERD,test
ID_K80HFOFO,test
ID_2BR3XROB,test
ID_HK9LWUUB,test
ID_L1PQ5M6F,test
ID_QGOUXIUE,test
ID_2G4UOAY0,test
ID_3IS9T3FF,test
ID_8M2ZN906,test
ID_KY2NFLGB,test
ID_JAS9OHV9,test
ID_VV94NG3U,test
ID_VILGJTY8,test
ID_57OMNH89,test
ID_N1Z2UNHW,test
ID_ECV1NNN3,test
ID_5L5P4BJI,test
ID_6KKWFGSG,test
ID_RO1DAT8N,test
ID_1HQNYY44,test
ID_7I6XN9FP,test
ID_FWTNTA2J,test
ID_AOSOZ4RX,test
ID_EUUQET0P,test
ID_8MJQCTPR,test
ID_4IJN4WLD,test
ID_QFTYSCDD,test
ID_ESDN0XOV,test
ID_4PVD6OWS,test
ID_9PKKWYNE,test
ID_43EJOJ7U,test
ID_ZK4VBURN,test
ID_MNA3FFB4,test
ID_Z313K5BN,test
ID_AFFLFQEE,test
ID_37UZNPR9,test
ID_AEFRWLHR,test
ID_T5L6V2L7,test
ID_6VL5C1R8,test
ID_R1QLCRPI,test
ID_3TSY6G9X,test
ID_V8YR76OL,test
ID_UPK1TUW2,test
ID_IT3KH01P,test
ID_X57WCRKV,test
ID_HVHZLSOM,test
ID_0PWW525L,test
ID_NKSZCOB9,test
ID_767YJZTV,test
ID_SFM3GE8S,test
ID_UXA4X5K1,test
ID_Z5LRNBVJ,test
ID_F5RNDG24,test
ID_Y730M7HN,test
ID_57IEI6Y4,test
ID_J0XR3SYX,test
ID_YTPSK5MR,test
ID_C78QO3VE,test
ID_BR58VASY,test
ID_5N88918I,test
ID_Y9GDCEMB,test
ID_IFLOIZ4S,test
ID_2GKTNGHE,test
ID_77MJIPYR,test
ID_6JZMXZGL,test
ID_LC0GCG1U,test
ID_NRVR7VTG,test
ID_L8CPEYCZ,test
ID_ZDEQ0FK0,test
ID_826UG33O,test
ID_B1739KVQ,test
ID_LJN0CYKI,test
ID_UT064QOL,test
ID_CHREMEDV,test
ID_OYL6SDHH,test
ID_A7GMDS6H,test
ID_E5FU2NN6,test
ID_COFQ1J5W,test
ID_T25S2D1D,test
ID_XGO40AF4,test
ID_MK4V00N7,test
ID_I49FSKK3,test
ID_RCT45FV0,test
ID_AX9HDLIZ,test
ID_YVYUMWV7,test
ID_HK6LLUBW,test
ID_QJ7YWW5B,test
ID_FDSFOC19,test
ID_1Y4IVHC3,test
ID_TG9ZFWXT,test
ID_IF0KJXKG,test
ID_5BA9GNST,test
ID_55I0X5PP,test
ID_E5HAX6T3,test
ID_7XPI3J6K,test
ID_L9LE6TDC,test
ID_BE9NDASE,test
ID_YVE0V09A,test
ID_NARBNCUI,test
ID_HKHO8YJB,test
ID_Z5O8AYKO,test
ID_ST74C2CG,test
ID_ICRXTS74,test
ID_SYEC08SS,test
ID_50GZL4DM,test
ID_7G8LHBNJ,test
ID_M36PTAU8,test
ID_OOMHB0NC,test
ID_EO0NU5SV,test
ID_KVAUN1EF,test
ID_WJ4ATCMH,test
ID_7J2RQ0KA,test
ID_SHUECT9L,test
ID_FHIR6WE7,test
ID_CRMDP179,test
ID_A94M3UP9,test
ID_2CXQ37F7,test
ID_Y7Y6O3PL,test
ID_VM91CJHZ,test
ID_RVC9ELVF,test
ID_9UKQ33P3,test
ID_YG58ZTDL,test
ID_MY950LKC,test
ID_BHVJMQU3,test
ID_APJ2M48A,test
ID_9HPT5PEP,test
ID_MGHSST71,test
ID_MYKXY98Q,test
ID_FOOGZY6G,test
ID_JY2W6WCR,test
ID_OWL57LBH,test
ID_OH6O3JLE,test
ID_MGZP3IOR,test
ID_VL0EW69U,test
ID_NIVZAHNC,test
ID_6AANR4T7,test
ID_9BK6WLJ1,test
ID_FABJ51O6,test
ID_65T1BIIB,test
ID_W383224V,test
ID_5TYNB0BQ,test
ID_P2FKW1AP,test
ID_E1U3HGMC,test
ID_LMCZP92C,test
ID_W9Y9E932,test
ID_16IG4QIH,test
ID_TVQR183C,test
ID_GPURNFOK,test
ID_OCKTSQDV,test
ID_3GZE0SCC,test
ID_W8HXUK2X,test
ID_MPM591XR,test
ID_P0DDM9PQ,test
ID_3S6A1QZG,test
ID_FK7G2LKI,test
ID_G220L9FP,test
ID_HEL0X4K0,test
ID_B2APH4CG,test
ID_JDZ3AMHK,test
ID_BGML48OJ,test
ID_QSVMAHDZ,test
ID_YO3GJE6R,test
ID_REM15H4D,test
ID_TJIXVFVT,test
ID_R3W9D7WR,test
ID_TK6L633A,test
ID_B6ADCCQ4,test
ID_SQUFHAYL,test
ID_N6GADOGB,test
ID_A666XSE5,test
ID_I4YJ8EZG,test
ID_W3WCJ5M9,test
ID_RDOWZG8X,test
ID_W094YFI5,test
ID_12Q33OI4,test
ID_V740T051,test
ID_ELW1JKZV,test
ID_50IDC1EI,test
ID_4WTDCNIP,test
ID_0TOSPSKI,test
ID_LWJEDBP6,test
ID_I96J7L6X,test
ID_HENSHVSW,test
ID_BD042OE5,test
ID_RVUF35RF,test
ID_R0T771FB,test
ID_XFM30HOR,test
ID_I7PXVCKJ,test
ID_7DJJASRG,test
ID_3ZHJ5EW6,test
ID_6JD80Q3B,test
ID_7CP5YGWA,test
ID_71FCAD9B,test
ID_MC9OWZ77,test
ID_3MTI8PKH,test
ID_CLHC4555,test
ID_CJTQL7IP,test
ID_U02U7SIS,test
ID_LC8OC0K7,test
ID_VBNX17PI,test
ID_FH1UBVWB,test
ID_A1TZNU5X,test
ID_AW5JB3MM,test
ID_9WSVNDLV,test
ID_RQ6TLLQK,test
ID_8Y39V5II,test
ID_8S39F01S,test
ID_5RD6FRTH,test
ID_ZIA4O91O,test
ID_67HYNI0F,test
ID_H9XKW282,test
ID_05R05ZLJ,test
ID_6O1IB3B9,test
ID_WCMEQHYR,test
ID_IBZ679B4,test
ID_2CFKU5BX,test
ID_EK51A1E3,test
ID_7Q8YROA4,test
ID_9B0LL6JU,test
ID_6NVAAR4B,test
ID_I0ZAZKND,test
ID_PMXP51SU,test
ID_PKRMYRNC,test
ID_GYTZX0GX,test
ID_79S8E2G4,test
ID_82KOY13N,test
ID_XFHGJG5S,test
ID_BWZQY2ND,test
ID_PPBR61JA,test
ID_D6V3SM45,test
ID_L2BZUAL8,test
ID_AREP0WM8,test
ID_NH0TGGTD,test
ID_W80G3NGD,test
ID_SYUU6CSC,test
ID_AJ4X1FIT,test
ID_ATA8XJ2Y,test
ID_RKGEAO7G,test
ID_9CYZRZHI,test
ID_5XP3WUF8,test
ID_VEVPUVD9,test
ID_Z53A5GWZ,test
ID_IMRL55O7,test
ID_N7OOW03U,test
ID_UKL0WP6Z,test
ID_RJ1YOOBD,test
ID_SRMCPXNE,test
ID_MZP7NJX3,test
ID_GCH4T816,test
ID_M1E7R1Q3,test
ID_GM8IA6FY,test
ID_CW6RJGRJ,test
ID_FPERQHHV,test
ID_FBLZE32D,test
ID_FIGEHLN4,test
ID_UQECD20L,test
ID_7QJECW43,test
ID_ZNC5Y8IZ,test
ID_CHW26M10,test
ID_SZPFTZCS,test
ID_F8F3WV0D,test
ID_5TZ1WBIX,test
ID_83QE7QJN,test
ID_9DHEKGVH,test
ID_JEYX5F71,test
ID_IQBC69AY,test
ID_PXPZBUDS,test
ID_DPORHNW7,test
ID_X0J27B15,test
ID_GF16BWLJ,test
ID_7JW6RRXA,test
ID_NU8ONDCA,test
ID_BNXPPJMI,test
ID_ATYY2MNE,test
ID_UCYD856H,test
ID_BIQXT3KE,test
ID_LZI9SRK4,test
ID_43SSH9WD,test
ID_28033SX6,test
ID_E7SIAVZD,test
ID_KTRFL3WB,test
ID_8OXQ4WZ9,test
ID_9WI0P18O,test
ID_TH5VLDDL,test
ID_EOTXERQS,test
ID_LF7FC1ZD,test
ID_6D4MIDBM,test
ID_S1SJFF55,test
ID_X08P9OEB,test
ID_SK9TIE5I,test
ID_8S93Z18M,test
ID_TLL7A4AE,test
ID_2UOHCTLV,test
ID_W01J0SV3,test
ID_3DE957PX,test
ID_3141J9KU,test
ID_JMCHNCHG,test
ID_Y9S0OTON,test
ID_FA3VCF2N,test
ID_JUB00UV7,test
ID_SC5983ZN,test
ID_9XFNTXJ1,test
ID_V04GDR5B,test
ID_ULHTVKWU,test
ID_T7TZ05AW,test
ID_XSWUQMSJ,test
ID_ZG2GRDOW,test
ID_WYTK2FW4,test
ID_9Q7LPT26,test
ID_YO4TUO4M,test
ID_I7UOB1VI,test
ID_19M6FO9Q,test
ID_0YVQP62P,test
ID_RRQ1S0YA,test
ID_G7EB2G80,test
ID_JA8HHZ40,test
ID_95TL2ULB,test
ID_O1C4VNP7,test
ID_VY110GWZ,test
ID_9TBP4Q09,test
ID_4HHT6O9M,test
ID_JVE4R9K9,test
ID_YBEZ8CU8,test
ID_TOS2Y905,test
ID_M5OLJG53,test
ID_FCM5RP4O,test
ID_ODG7L74M,test
ID_3ZAM3TN7,test
ID_P56JIE8B,test
ID_7T8279WJ,test
ID_X14X7Y0X,test
ID_KER9BGS2,test
ID_DECDPOPO,test
ID_RSHF3D9M,test
ID_4QJZB14L,test
ID_4V7ZE79Z,test
ID_QFO6B5XI,test
ID_FYCXQHA5,test
ID_ZNEZJ2B6,test
ID_Y8301VOU,test
ID_97VF4CER,test
ID_XNX9XV9N,test
ID_NX49XY02,test
ID_1AIC4UP0,test
ID_2TDT9XDU,test
ID_QC6J0KLD,test
ID_IP58IORF,test
ID_F4QAQBLT,test
ID_DHJTCLX0,test
ID_B4PUVVVW,test
ID_3999D87E,test
ID_BX3XZN8K,test
ID_26YSX86O,test
ID_3IODSLO4,test
ID_992PFB64,test
ID_WSLYQZ69,test
ID_S1JBNU1T,test
ID_8Q3O3COE,test
ID_PAS929JE,test
ID_AH5061KM,test
ID_BT859TXQ,test
ID_6R8RS8XU,test
ID_XQU9ZUOY,test
ID_AURNSQML,test
ID_IQAC4R5P,test
ID_BFO0YHKH,test
ID_ILU5DVMS,test
ID_VK011HX1,test
ID_64FA7THO,test
ID_RIYGVOZO,test
ID_NDP98SLY,test
ID_O6VILZRU,test
ID_0CUEQFW9,test
ID_TWHRIAE5,test
ID_9GN45MX3,test
ID_BPMZA118,test
ID_A5J0BVS7,test
ID_RBDYQYHI,test
ID_Q86S4F7D,test
ID_HHOA9NUB,test
ID_0KYI1FGP,test
ID_0X7RPVEP,test
ID_OLEQ4KOM,test
ID_6BUDNT0Z,test
ID_8LZ1AL57,test
ID_RT2N86FC,test
ID_TI1K7DVK,test
ID_94CGJ3BX,test
ID_JBAUK71D,test
ID_ZNFDP3D7,test
ID_TMLGRR15,test
ID_11VBTCFU,test
ID_YOVBTE4V,test
ID_JIDRNIGO,test
ID_4G2WEP65,test
ID_M0FV7NW6,test
ID_PHAQTBKL,test
ID_IG9HG1YC,test
ID_0R8Q4U0G,test
ID_THGACSG1,test
ID_NT5VNHNF,test
ID_8ZNUFF0K,test
ID_61Y54O87,test
ID_18B41TIU,test
ID_3GW0MGMR,test
ID_DTLDMF0F,test
ID_CQ30N4ES,test
ID_ZOQ7J0D9,test
ID_O0YQLCDS,test
ID_SOQ8AYS1,test
ID_4HZX1IBW,test
ID_UFT0FFPA,test
ID_NFOEVWTO,test
ID_1OQKBKFF,test
ID_9EOKKG76,test
ID_1TXO5U8A,test
ID_Q3QQFR2N,test
ID_V5MEJC48,test
ID_CAPZUZD2,test
ID_J649ZOSY,test
ID_OOTYFUUB,test
ID_MV5VCYGI,test
ID_1AFJUHZ0,test
ID_2S9WIUQF,test
ID_8L4DH5UQ,test
ID_ASU8M4TN,test
ID_M35SM8SI,test
ID_MC1BMW4K,test
ID_STGCCX21,test
ID_D7SHXY3M,test
ID_9XYNBNND,test
ID_CYHJ8K0R,test
ID_ZNJ2OHYT,test
ID_6JEOC2BM,test
ID_PJDT7HVN,test
ID_U27ASYRQ,test
ID_9UN5VHNX,test
ID_H5E2MTHF,test
ID_QR22IS0U,test
ID_DT96UJL0,test
ID_2TQ5GR27,test
ID_X684JQSJ,test
ID_8O11NP4A,test
ID_4D2MAUQ3,test
ID_SYT8ZQGO,test
ID_TVJZNBXF,test
ID_83UTYBUN,test
ID_X1UFUT5U,test
ID_DFFBPRDJ,test
ID_JXPMQCQO,test
ID_KHG0IN1G,test
ID_0LBD1FPL,test
ID_N1F55EZK,test
ID_G2PJVL91,test
ID_B474W66T,test
ID_SRUVHW92,test
ID_IQJE7JUT,test
ID_FUCWBDV2,test
ID_91WKJYTO,test
ID_CK96PTHE,test
ID_IMANCATA,test
ID_H89LKLG7,test
ID_KJA1ZD0R,test
ID_AJBCDV2H,test
ID_W9K9IYF5,test
ID_7X6G32XL,test
ID_BDO4F3AF,test
ID_49PJSQFY,test
ID_67WSI554,test
ID_37R4O1AZ,test
ID_4JRRKTQW,test
ID_5V5I198T,test
ID_5280USJ6,test
ID_RREQ8VVI,test
ID_5LYV5O41,test
ID_RDUPQ15S,test
ID_68ORAVCN,test
ID_7E5DMAHU,test
ID_FRMXYMRX,test
ID_R4XWHGLX,test
ID_75MEUFL4,test
ID_UI35PBHZ,test
ID_CG1XIO85,test
ID_1W4RTQDL,test
ID_NNDPL9CO,test
ID_MDANVX94,test
ID_L177M1QX,test
ID_HU81TE9Z,test
ID_TF0IWKHI,test
ID_A3P1IFRT,test
ID_YTOB4QZJ,test
ID_ZYFBCVXT,test
ID_FNKYMJ7K,test
ID_VO9V8PTU,test
ID_6WAGAOIA,test
ID_LLGVN4X8,test
ID_AVB630MZ,test
ID_Y3OZPEW9,test
ID_QGT2E1UG,test
ID_TSEZL4EL,test
ID_Z02WWYWX,test
ID_7G7LP9ZO,test
ID_O5S18O5U,test
ID_IQRNFTPV,test
ID_GB3EDRWH,test
ID_PGL3UNHF,test
ID_7V6PRK1A,test
ID_SP70EUSX,test
ID_4291W0AT,test
ID_4XFESOOA,test
ID_10307841,test
ID_AIILIMFF,test
ID_YC2Z4IBU,test
ID_SG556MKR,test
ID_UY4DFBNB,test
ID_VES6LKTP,test
ID_IBHK2P5L,test
ID_2WD0RW08,test
ID_OXA00N4M,test
ID_63YHFUZ1,test
ID_4JIIK9F8,test
ID_PC93NLFA,test
ID_981U64I9,test
ID_2R7GIIIU,test
ID_O8M8D2CS,test
ID_BHG5SX82,test
ID_0DBFGFZV,test
ID_U1XAJZ78,test
ID_VCVO35CM,test
ID_A1X92NGB,test
ID_PLKQB643,test
ID_0WU0C9U6,test
ID_1LFYVUIC,test
ID_O1QPWHKM,test
ID_LAACOC4N,test
ID_TA1LQQIQ,test
ID_UUYVEOAS,test
ID_ALA9RQMH,test
ID_CYYILE9H,test
ID_1BO29CRA,test
ID_YNEJGB9R,test
ID_XRU0S389,test
ID_WBI69Z3A,test
ID_3ELNN150,test
ID_MTY0W02L,test
ID_VSJ8NCVG,test
ID_7S44NH5F,test
ID_MV930KS6,test
ID_QXAA0S77,test
ID_CULXOCXZ,test
ID_LM7AWBVP,test
ID_VFK645U2,test
ID_574YY6F1,test
ID_LV4MEKCD,test
ID_FM2JIEN8,test
ID_8M7MJTGB,test
ID_56YTDCYK,test
ID_ZHNL5EEH,test
ID_HHDM8AZV,test
ID_0E8JZ3X8,test
ID_YQFPIU7R,test
ID_3A9SCNLW,test
ID_0VX2AWVZ,test
ID_KP51ZN39,test
ID_QKA0BE1U,test
ID_HMSETC29,test
ID_DEEXCU32,test
ID_CB9D8H7E,test
ID_QCMEL5HD,test
ID_FEAPCOHA,test
ID_S27JQ7X4,test
ID_INI5SNA3,test
ID_G3QX5M4W,test
ID_0VMJ03UD,test
ID_MNS4483Q,test
ID_YD6K9RSX,test
ID_IH05BF9Q,test
ID_H5G8TSVR,test
ID_1AOEC6VU,test
ID_ATCXE8EL,test
ID_1O08CQPK,test
ID_JBWS9CON,test
ID_OWQDUSWA,test
ID_4IHGP70B,test
ID_PSYGHL13,test
ID_DH2HX888,test
ID_KRA7JK2J,test
ID_67KDYOEQ,test
ID_V05FWGFZ,test
ID_83UDWVRO,test
ID_97TXOK2C,test
ID_9UAXJMUS,test
ID_J48XZEWX,test
ID_2Z4Z7JQ6,test
ID_8DYGB1DT,test
ID_0XBV0QR6,test
ID_A58RNP5M,test
ID_2B5YEK76,test
ID_VXWD9JIM,test
ID_RD0T73T7,test
ID_38TI6EVN,test
ID_4KJ5OOZ4,test
ID_TS3BPY62,test
ID_2S5IMHCJ,test
ID_6EZO75MO,test
ID_R0944FU8,test
ID_FBLMIXIL,test
ID_BFDOKGTD,test
ID_3BX5OLL5,test
ID_3YEVY2TU,test
ID_V195F436,test
ID_OKCHQUMG,test
ID_Q5XLJMT7,test
ID_8B9M0196,test
ID_D4NIC1RS,test
ID_9VNF1VAQ,test
ID_0GESMT3M,test
ID_KKTXQPD7,test
ID_2Z31BYGM,test
ID_8DFWO2SK,test
ID_8H9SHPV0,test
ID_2JGLA6ZJ,test
ID_QTBVNC6C,test
ID_UBM7XC1C,test
ID_81BRGC69,test
ID_8IT6I65L,test
ID_H2O22KNO,test
ID_N4DYZZZT,test
ID_00T0L0SW,test
ID_XQPBON0F,test
ID_NRI4AAK7,test
ID_37JKPDN3,test
ID_HIHH7F2Z,test
ID_4HTZT2MD,test
ID_IX9ABPSK,test
ID_489N6SFE,test
ID_0S098QJL,test
ID_T6GQ1HM6,test
ID_DKRNTZIS,test
ID_DVB9Y4XM,test
ID_7LE9KZVJ,test
ID_PJOJ1YCL,test
ID_KF4U3I1J,test
ID_FPLEWPYF,test
ID_F2SD3IRV,test
ID_VV1D7PMN,test
ID_6AB34V1F,test
ID_Z15EGZGZ,test
ID_Y76JF40S,test
ID_LHWK9VQG,test
ID_409ZU6NT,test
ID_4LNT651U,test
ID_87SV0DZF,test
ID_WRTRQ7LE,test
ID_VE6ZHOKT,test
ID_00395QYM,test
ID_572N5P13,test
ID_SI7TXQZ5,test
ID_BYATWONB,test
ID_JD3T1DT0,test
ID_CROAKHOI,test
ID_KB97DRKT,test
ID_XJIQADXK,test
ID_QDPE1WW9,test
ID_HHBTQWJ1,test
ID_5TA2BEMG,test
ID_BNI796UE,test
ID_E7CN38Q3,test
ID_02FFCPSG,test
ID_MG81HP2C,test
ID_1WQ8VCLY,test
ID_K4VUD53I,test
ID_V910KK6R,test
ID_3EB4YJCR,test
ID_BZUG1MJQ,test
ID_TMB40SCS,test
ID_DMOG8PW2,test
ID_MMM1DF2F,test
ID_992LBKA0,test
ID_YZS06M8P,test
ID_QCD3H0BP,test
ID_H4LJ0CXO,test
ID_VIA8SVKJ,test
ID_NPMQKCUA,test
ID_K3P66GOR,test
ID_8F2DQZTV,test
ID_AN2F6G33,test
ID_ZTSSVNAZ,test
ID_6LIGDFI0,test
ID_WFXJDMEJ,test
ID_7ELVG81U,test
ID_8TBQPBU3,test
ID_IIW7A0ZV,test
ID_Q02AANA6,test
ID_JGV0RLIN,test
ID_SHAZ5ZA8,test
ID_QOPMF7JO,test
ID_38S99J5R,test
ID_EHJP32P1,test
ID_Q53IGUJ4,test
ID_KPAPWK6O,test
ID_O3O9AXHL,test
ID_7VUIC0G3,test
ID_0T0315XB,test
ID_T4E1Y7EJ,test
ID_XEZYLZA0,test
ID_CKLAVOYW,test
ID_WG7RMC00,test
ID_J4D349WX,test
ID_5GO681T5,test
ID_FSKR1NG6,test
ID_KPIXQNZA,test
ID_U7BUNXKA,test
ID_8UPLNEOB,test
ID_GD6BO31J,test
ID_98IG7V0T,test
ID_F5WSOMNS,test
ID_7AWO4W41,test
ID_CW9F61EE,test
ID_ZUB8ATMC,test
ID_PHPB4VPC,test
ID_ITB0W8C6,test
ID_MEXRJJZL,test
ID_S0AE5TK3,test
ID_QY15AFUY,test
ID_VVJCXFWZ,test
ID_05VH99XZ,test
ID_GIHPWYJ4,test
ID_Y25VAXII,test
ID_7IHUTWUE,test
ID_A8ONK95N,test
ID_M55BQ9LW,test
ID_LHWZST4S,test
ID_CYB39HWQ,test
ID_0X24U4II,test
ID_F572WNTU,test
ID_G3SLMYQW,test
ID_5J8FAJ6A,test
ID_8YBPGO37,test
ID_RRMU8ATK,test
ID_KA1COVAP,test
ID_H7RIV3TR,test
ID_87VUAISC,test
ID_9M34EOMS,test
ID_CNA8SQWB,test
ID_ROKPO8R7,test
ID_CRTRIQOM,test
ID_JPKHA1Z4,test
ID_O2XSNB3O,test
ID_LYP95J9O,test
ID_20ZKWAH7,test
ID_A3TKEGL6,test
ID_Q6A87X5F,test
ID_BQ3RJTQ4,test
ID_74C8K8FI,test
ID_HXOVY5GY,test
ID_IF403PPL,test
ID_R5MMNXNJ,test
ID_361L01U5,test
ID_O46A7CS4,test
ID_W3MX3I68,test
ID_GYFGIVRK,test
ID_50UOA6GU,test
ID_3LLG7YBY,test
ID_RR9WM22M,test
ID_BMDQ3TC6,test
ID_6EKQX26O,test
ID_4ZCO16HQ,test
ID_EOV4O7HF,test
ID_K9DZQU7X,test
ID_U4DEUOD0,test
ID_5CE5YV9Z,test
ID_2LCOBHGB,test
ID_FF3B5Y3S,test
ID_L2MVOVEA,test
ID_UY0Q4D36,test
ID_W84Z4ZFG,test
ID_HTRHMZ6E,test
ID_AMDXW6YE,test
ID_JD8GY66S,test
ID_SRZCG6EG,test
ID_HG2MUS9Y,test
ID_WNLTNI1M,test
ID_I0A3DCNJ,test
ID_EMGSOGP2,test
ID_N5RXS9V2,test
ID_P9OWYG0L,test
ID_N9HZHSN0,test
ID_JJGM5D7O,test
ID_ZZQGY22D,test
ID_IQF1SMJN,test
ID_D3H8BLYY,test
ID_Y3JHFM0E,test
ID_9QHQZUVK,test
ID_0NAJH016,test
ID_0IFQZGLM,test
ID_HX08CQO8,test
ID_9JJUGOPN,test
ID_GOZ3X73M,test
ID_YRYCZPK5,test
ID_OARCQGWO,test
ID_PM9RPFWF,test
ID_AF4SPXSF,test
ID_7T73ZOD2,test
ID_QLC8EPUA,test
ID_BFTIGWZV,test
ID_ZC90JUM0,test
ID_VZMBG6OG,test
ID_1GZ4RGJI,test
ID_Q4QFR81M,test
ID_1F2TY4WZ,test
ID_2O1REQDB,test
ID_TFXXFFHM,test
ID_GNYCNWJ2,test
ID_7XULDURE,test
ID_35DR9T2D,test
ID_S5CK7ARM,test
ID_4NANDQIC,test
ID_9T90FX7N,test
ID_5K0WZ8ZH,test
ID_LHNOT58K,test
ID_TK9V6RMH,test
ID_VH1OR01V,test
ID_IB10I5RQ,test
ID_9ZTD2VP2,test
ID_EUKE8LBL,test
ID_OX5EYJQY,test
ID_CK5JL8IH,test
ID_ZMYOD2MG,test
ID_O5HIU0BD,test
ID_1NB9I3OJ,test
ID_NRUTDWWT,test
ID_4F3JAC33,test
ID_65BD8M49,test
ID_EPW3ADMI,test
ID_SJJHK1GI,test
ID_BBFUEDM7,test
ID_JEAZWJME,test
ID_IKNJXMS4,test
ID_PBP6FIKV,test
ID_153QOFR9,test
ID_JE2QW6L4,test
ID_WP9JLTFY,test
ID_XKXI0E5O,test
ID_8TFQTYF9,test
ID_0M4DI66X,test
ID_1EYBAVQL,test
ID_RVZCOPFJ,test
ID_31XJV6C2,test
ID_UFI2SBOS,test
ID_IYQICTG1,test
ID_SP2NRYLQ,test
ID_TXCDPPZC,test
ID_CFX8D82L,test
ID_7JVCO1GU,test
ID_K1CQ7NXK,test
ID_MPMX4UBZ,test
ID_2CWNIRQ6,test
ID_FR49IL2J,test
ID_UAHXGW0D,test
ID_RB64NY6E,test
ID_701VMENX,test
ID_BI0GM9B3,test
ID_JE7L692E,test
ID_PR40Z2S9,test
ID_QGNEMGVI,test
ID_XSX2PZFX,test
ID_INJIV2SW,test
ID_C1M1GT03,test
ID_6CDTWBA2,test
ID_CZ5UPNA3,test
ID_01SOOBBK,test
ID_LQDQA6TB,test
ID_PYOA8NMF,test
ID_BL2286VK,test
ID_XKHTBMNP,test
ID_KHNASFAG,test
ID_I28Q969Q,test
ID_K6JGDCC3,test
ID_YGRU6Z9O,test
ID_61KOLLZ5,test
ID_MMTQJM3F,test
ID_1EMFV8JK,test
ID_48JOTM0L,test
ID_GGXQVJTU,test
ID_8J6ZD2WK,test
ID_C1T9B5NW,test
ID_0271YPHN,test
ID_QM8YRGB3,test
ID_HUZL8Z75,test
ID_PATYUQRP,test
ID_4VGSNOJ6,test
ID_559UCEA8,test
ID_4YAOG42P,test
ID_CB8WO85V,test
ID_QUBFL8JO,test
ID_MKF20KUC,test
ID_XAIPSTNU,test
ID_1ZT2VYCR,test
ID_NSQZIVAO,test
ID_U0U17P32,test
ID_BUKMPY6D,test
ID_77ARH1S6,test
ID_O3F0RUMT,test
ID_36VOKXRR,test
ID_UMJD684N,test
ID_UII3E91I,test
ID_EPOTRIRM,test
ID_Y9SAG6XD,test
ID_4919O75R,test
ID_6N6VFJ1Q,test
ID_WIY8IYGV,test
ID_GFJKYN8K,test
ID_5I1RWS7E,test
ID_ZJGAFKW9,test
ID_SMEB3P48,test
ID_PCZ13X1V,test
ID_R04T1IPP,test
ID_NZ5KPGTM,test
ID_2TZLLT80,test
ID_EICYDBA5,test
ID_4CJV5TVJ,test
ID_9J2Y5HE5,test
ID_QD44DU5C,test
ID_9LMRABPU,test
ID_6DIXOWGS,test
ID_OJ3CG6MQ,test
ID_0K81TLHM,test
ID_MHSO17ZE,test
ID_1XPSZMM0,test
ID_2FX5J9QI,test
ID_2BB360Q3,test
ID_8GLKFFC4,test
ID_9PKK4L95,test
ID_6IU6MCXU,test
ID_Z21B18D9,test
ID_46KCKLL5,test
ID_1QTDG5HC,test
ID_EQJ63018,test
ID_XDDKNRA4,test
ID_F1SZK0UR,test
ID_1X71AZC4,test
ID_818RH8Y4,test
ID_DOIQV4OO,test
ID_85L64KE1,test
ID_291IW07W,test
ID_SQATL45M,test
ID_XZS15V2W,test
ID_9F9D0CWK,test
ID_444AFN46,test
ID_OXRC9W83,test
ID_RMNNMEZK,test
ID_7J7RM6C4,test
ID_D4YQF9FB,test
ID_JO4HHS29,test
ID_PBLFGTKD,test
ID_69X34YI6,test
ID_4P89VT1U,test
ID_IQLUXN5Y,test
ID_0OWHRD27,test
ID_CPBV2VC0,test
ID_MER0XUK9,test
ID_ZN511CZ4,test
ID_ZDQG07OI,test
ID_PPPLMVLD,test
ID_FLECVANG,test
ID_AY949RUK,test
ID_YL3Q8RU2,test
ID_2CDR6TJT,test
ID_WRTIKJS0,test
ID_0LMJ61A2,test
ID_FCP9S97N,test
ID_D6LWVTCY,test
ID_D2CBX9D5,test
ID_XMSISOXW,test
ID_UH2FJ9G8,test
ID_GQ2IP67E,test
ID_AJSMJRVC,test
ID_SWMFL7BW,test
ID_3FJ08DQU,test
ID_21RGSB4L,test
ID_47C9CQ7E,test
ID_MZLBPW3E,test
ID_Z220XZW7,test
ID_F4J56WN0,test
ID_F3ZVEFB3,test
ID_IUXP0B84,test
ID_9YMIED0G,test
ID_RN9MAN6A,test
ID_IDS7EPOH,test
ID_0SZ8CX5Z,test
ID_TZEU2ZKM,test
ID_MUEGPSL0,test
ID_FZPJDF11,test
ID_OFM6FG3Q,test
ID_NFVJUO81,test
ID_B79ZKB1C,test
ID_UAY1R3CB,test
ID_EGVO8SOW,test
ID_KW76D1L3,test
ID_Y4PLYRMB,test
ID_USSRRIQ7,test
ID_8RDLMZVW,test
ID_P31SB6MM,test
ID_JHLI6Y0V,test
ID_HOK6IW0G,test
ID_LKYEZFIE,test
ID_82LZ0IXE,test
ID_H3ZC1NH8,test
ID_W2UW7TFT,test
ID_BVLI6N4U,test
ID_FM17FIUU,test
ID_11UFP194,test
ID_2N7KBSNB,test
ID_2WSBUC56,test
ID_25IQ2BE4,test
ID_X2M3VS8V,test
ID_M0Z1RG36,test
ID_920W7JEH,test
ID_5DX62G24,test
ID_1KFSPBXL,test
ID_KSE3IYOC,test
ID_T77C36GP,test
ID_W87I99T2,test
ID_4NJS5ZLN,test
ID_GQ2SSAKX,test
ID_PBJKQLKJ,test
ID_MZQ0EBJX,test
ID_WLAN8HVR,test
ID_M0W1HNCG,test
ID_XR6VGN0J,test
ID_JSGXFH4H,test
ID_PZXSIWPP,test
ID_45WXYWSW,test
ID_W9ITTOUN,test
ID_L6VIJZAA,test
ID_ZQZVQULJ,test
ID_260EW1I7,test
ID_1MRTBR1M,test
ID_WT3UN4FF,test
ID_JB8H6I7L,test
ID_CMBWG6TE,test
ID_TXOOC69M,test
